"","","","","par1","par2","par3"
"cv",20,1,86.2049303626858,-0.865889792641643,-2.04104185984236,-2.2632898574435
"cv",20,2,86.221669565816,-1.02940838043519,-1.87264684104092,-2.12995608130272
"cv",20,3,85.0316218733488,-0.864442075416353,-2.08780847512008,-2.28118404241832
"cv",20,4,97.2764755571919,-4.99919905730623,-1.96588378937751,-2.34906803738601
"cv",40,1,167.976824280939,-0.548863058304398,0.241214055154168,-0.108566667716718
"cv",40,2,171.181205230683,-4.99873814005533,3.8004616083529,3.44773019206544
"cv",40,3,186.529411724729,-1.2737179490571,-0.120163020148131,-0.56223744750647
"cv",40,4,165.939253105357,-0.317006827630419,0.0625455943446999,-0.270660076963672
