"","","","","par1","par2","par3"
"cv",20,1,74.5759005927926,-4.99978452529601,3.15441425069191,2.26811982654279
"cv",20,2,60.5377275785115,-4.99984076094522,3.03307965288928,2.20879079174314
"cv",20,3,64.8507658469143,-4.99998334159137,3.40492847394378,2.56302176342081
"cv",20,4,52.643086667473,-4.99987021979228,3.46050155459679,2.67235827258107
"cv",40,1,101.865681679713,-4.99909438891336,-1.02558946205737,-1.96141889418737
"cv",40,2,108.857654413217,-4.99879601392536,-1.00679453544674,-1.95449817422605
"cv",40,3,145.160090493504,-4.99638989477289,0.0690050873622951,-0.938579464700908
"cv",40,4,83.6996618848659,-4.99605098228561,-1.22289947585279,-2.1178397243707
