"","","","","par1","par2","par3"
"cv",20,1,92.4643849662891,-0.221547338263896,4.24959305422233,3.4640661214293
"cv",20,2,86.5036104373215,-4.99935977884798,3.78612122928047,3.57343210699049
"cv",20,3,90.6292799541148,0.183746933288882,3.92152407744036,3.49632755550146
"cv",20,4,88.6902513015936,0.291546757325388,3.91458052412432,3.52891640266419
"cv",40,1,133.319613802048,-4.99907271968674,3.75949848470831,2.98687690092599
"cv",40,2,121.082028325743,-4.99964045909572,3.39083729196526,2.64218730777917
"cv",40,3,122.684954426401,-4.99998252727924,3.65261258062998,2.89770358523868
"cv",40,4,157.300426195552,-4.99984353445009,2.69756822034808,1.86355202520686
