"","","","","par1","par2","par3"
"cv",20,1,91.2469381777262,2.37480763946449,-2.27525593234439,-2.55273018286973
"cv",20,2,86.8381764272694,1.86573514479566,-1.59493179656137,-1.81594607606273
"cv",20,3,91.7092112430922,1.97620172905678,-1.92293436266884,-2.21209746590077
"cv",20,4,89.8272062408173,-0.346848684305478,3.83937985289004,3.53212690095553
"cv",40,1,157.73888209299,1.11603957865668,-0.896276390530375,-1.30176438379054
"cv",40,2,173.714508509493,-4.99963230631592,-1.81595649766166,-2.26091745165228
"cv",40,3,167.557170243013,1.40519250310927,-1.44027573952024,-1.87067260212752
"cv",40,4,187.47283299817,1.19288638110296,-1.32111885776962,-1.84955672447334
