"","","","","par1","par2","par3"
"cv",20,1,50.6654220704955,-0.54156805954906,-1.70310355858713,-2.69857190241191
"cv",20,2,47.2072897918591,-0.79741802321187,-1.64845861027426,-2.63428059654261
"cv",20,3,53.4041343859445,-4.99987712975791,-2.18735905672916,-3.18429920744937
"cv",20,4,56.2859424317342,-0.344525614044354,-1.71400045037817,-2.73781033974075
"cv",40,1,20.6496896031808,-4.99999945318571,-2.48662726625619,-3.41926118716037
"cv",40,2,65.4506642781713,-0.578485255741269,-2.13528686426682,-3.05146693170506
"cv",40,3,103.307891974873,-4.9999980014323,-2.43134031304945,-3.34313642584718
"cv",40,4,77.3823373153832,-1.39263721721405,-2.3537141552334,-3.35588433566407
