"","","","","par1","par2","par3"
"cv",20,1,70.5502380904428,-2.32289319768199,-1.34572955595049,-2.23764096243373
"cv",20,2,71.7712592138162,-4.99999604580432,-1.45008013662556,-2.34318502106369
"cv",20,3,53.4423841429059,-4.99867327671183,-1.51146510966034,-2.31236118123391
"cv",20,4,57.5786691987574,-4.99967322540249,-1.5974965265066,-2.41489673711764
"cv",40,1,124.490953042207,-1.31013299855572,4.24849220020251,2.99846404352128
"cv",40,2,132.549694590955,-0.270225656981487,3.79115595118483,2.9558156340236
"cv",40,3,132.232468608656,-3.08168346086349,-0.918018916033281,-1.74312723745546
"cv",40,4,129.582786401273,-0.28662045887227,3.79848304620034,2.96291049806275
