"","","","","par1","par2","par3"
"cv",20,1,76.5424071081375,-4.99756830097479,-1.52135509683109,-2.33635552809938
"cv",20,2,62.0652549229358,-4.99974336579965,3.61668492232149,2.88439556416033
"cv",20,3,73.4432303128354,-4.99983598013489,-1.56543258766404,-2.37376113497755
"cv",20,4,61.9854100631375,-4.99697672732525,-1.58164600487151,-2.32957570039136
"cv",40,1,118.787884195006,-4.99345046125008,-1.17604404164662,-1.900518583157
"cv",40,2,141.621150171043,-4.9999447238556,2.08256839821701,1.30711186429491
"cv",40,3,146.231444019751,-3.14556797207157,-1.27747072772622,-2.07479863233857
"cv",40,4,138.428259275073,-4.99876302822328,-1.21633502449316,-1.99686827787312
