"","","","","par1","par2","par3"
"cv",20,1,79.6728268499921,-4.99995387355563,3.78363711379644,2.94564137519503
"cv",20,2,56.949649846557,-2.925508331898,1.41203716415874,0.677501325800432
"cv",20,3,73.6284324301701,-2.39046899859466,3.79797900916076,2.98081397876259
"cv",20,4,57.7725182647953,-3.28916987073939,2.08575529276988,1.35043775991646
"cv",40,1,118.303488963587,-4.99938718397857,-1.44722551397298,-2.38404574028235
"cv",40,2,116.863706858059,-4.99909762742512,3.79543267891696,2.8778459963221
"cv",40,3,95.2629132192055,-4.99875227224424,-1.4874019439601,-2.37802744324154
"cv",40,4,127.200712779645,-4.99994605209637,-1.42161046752265,-2.37666247273146
