"","","","","par1","par2","par3"
"cv",20,1,82.9209325146991,-4.95965149334652,3.86629800332574,3.18776708115527
"cv",20,2,74.7649928826226,-4.99980566869738,-1.39221864749958,-1.96134043862913
"cv",20,3,76.4150989971596,-4.99972680710951,-1.42214743707954,-2.00779300361628
"cv",20,4,81.0337668129735,-4.99997238910123,-1.34236708735623,-1.95311039615664
"cv",40,1,162.62083494058,-2.62182820640666,-1.55870162283268,-2.20913879034215
"cv",40,2,149.248360066982,-1.85526519333393,-1.47135317675487,-2.08902270943199
"cv",40,3,150.72861634904,-1.85264466848724,-1.47358995718797,-2.09193737550816
"cv",40,4,148.518586070302,-3.40781524315089,-1.49852933022041,-2.11284720182588
