"","","","","par1","par2","par3"
"cv",20,1,73.0898917785405,0.0567614786554099,0.687651581697713,-1.28786188960345
"cv",20,2,69.7476915297377,-0.410165250979902,-1.04281711282514,-2.64531137375359
"cv",20,3,77.2515501457344,-0.463261386112979,-1.06442476025777,-2.70501165809805
"cv",20,4,65.6821353419069,-0.380661760595445,-1.11332615589885,-2.73595807522758
"cv",40,1,127.62710459528,-0.239960570008446,-0.732060185090125,-2.4845008485339
"cv",40,2,133.454814204049,-0.218224693905034,-0.608929675551061,-2.42415916020869
"cv",40,3,115.052891875257,-0.165328059556912,-0.549302603589846,-2.37398923612016
"cv",40,4,141.652739083359,-0.155460064517065,-0.653438888278289,-2.47458740375789
