"","","","","par1","par2","par3"
"cv",20,1,61.414762429736,-0.322233306292755,0.0979510883614925,-1.75246510620112
"cv",20,2,58.2704130413807,-0.302884259437522,-0.298509574310071,-2.11500149401095
"cv",20,3,77.1724968955918,-0.297464349013694,-0.337110771939344,-2.2661266899475
"cv",20,4,45.7339907430928,-0.309316620664371,-0.42206883832022,-2.16490325197733
"cv",40,1,124.429077805029,-0.363374434366937,-0.806791181409688,-2.66069144949868
"cv",40,2,92.4329026425686,-0.295027579313265,-0.615780994211399,-2.51629200307898
"cv",40,3,93.2569939565146,-0.254676799875194,-0.696185379407447,-2.53446907300498
"cv",40,4,113.703477119477,-0.247299577239542,-0.612836796934627,-2.57044281659117
