"","","","","par1","par2","par3"
"cv",20,1,65.7086226280649,0.0176539924762008,0.0942739375126666,-1.7652280135818
"cv",20,2,75.3574524889511,0.070291048371273,0.360367937803625,-1.60508459654049
"cv",20,3,67.5363591929872,0.118324187512464,0.756030466380855,-1.23533647304305
"cv",20,4,68.7699860517493,-0.453232053301688,-0.751114657004946,-2.36934060739545
"cv",40,1,131.094396055114,-0.184575940483636,-0.445207019030296,-2.40620243614178
"cv",40,2,108.392716394064,-0.279318211917478,-0.562126276056737,-2.47200560403502
"cv",40,3,112.427505512643,-0.196701794089017,-0.46531648896865,-2.37723512944742
"cv",40,4,113.281209885116,-0.298336925515748,-0.653787395873102,-2.50230523398667
