"","","","","par1","par2","par3"
"cv",20,1,95.5336512509209,0.060830800570234,-1.19280220135777,-2.49313037547644
"cv",20,2,80.3380654381331,-0.455425357396226,-0.971706944314155,-2.06864744028429
"cv",20,3,95.6266267959147,-0.467250639467877,-0.981981342654787,-2.22600517873256
"cv",20,4,96.1288881767863,4.89478452678663,3.01483006963134,-2.22391433405275
"cv",40,1,151.111112136732,-0.0855761666250412,-0.557380378761828,-1.92874347001765
"cv",40,2,167.43476494702,0.0288818173172813,-0.612696987674761,-2.0717206622132
"cv",40,3,172.85785712374,-0.0347468475822789,-0.767383941068212,-2.17523271724373
"cv",40,4,177.647501365977,0.00536045378786365,-0.673290873822754,-2.14029135515229
