"","","","","par1","par2","par3"
"cv",20,1,67.4857525003824,0.206314687907155,-4.99999998580041,-3.34213845536
"cv",20,2,12.1181432749335,0.316811175604148,-4.99999996017787,-3.28174097528573
"cv",20,3,17.5664651164557,0.101968073380085,-4.65593076502107,-3.37643391432936
"cv",20,4,85.8345816747502,0.297928536836409,-4.99999999717012,-3.37623817671618
"cv",40,1,91.1130010530608,-0.284425944755366,-2.41470389856273,-3.26864206502528
"cv",40,2,23.4287037154392,-0.376556038789143,-2.41235042156871,-3.19006212000348
"cv",40,3,79.8983998524254,-0.413805416732746,-2.26706714217174,-3.19680332489082
"cv",40,4,40.381207565939,-0.462620734833723,-2.27344444449367,-3.24671373944203
