"","","","","par1","par2","par3"
"cv",20,1,59.2711148893032,-0.511292754891527,-0.0186941806020245,-1.82666787796988
"cv",20,2,50.4321553081783,-0.37725178440261,0.0292377896139373,-1.79541674778297
"cv",20,3,42.5021448158355,-0.44596804358976,0.159878116944212,-1.60707174681064
"cv",20,4,75.6836402745284,-0.212815696085734,0.350620867038227,-1.68022020722861
"cv",40,1,125.284211110783,-0.479524101025394,-0.69067973993445,-2.38316066593044
"cv",40,2,139.004627829964,-0.401116371246974,0.273687570735728,-1.47927068110163
"cv",40,3,126.473336457605,-0.469450212265341,-0.645817419145832,-2.38615624915993
"cv",40,4,120.141674991479,-0.498439617232539,-0.685329826196858,-2.37448946470825
