"","","","","par1","par2","par3"
"cv",20,1,64.3700330596952,-0.464429945420172,-0.9499569336151,-2.62230823257987
"cv",20,2,53.9343136310221,-0.45862865263795,-0.511402528583707,-2.13548181802528
"cv",20,3,67.5577679548854,-0.423659640037041,-0.876315682394115,-2.5531609837656
"cv",20,4,83.786493149541,-0.468429739251312,-0.970240174475886,-2.72141978196574
"cv",40,1,110.558671183319,-0.363709178203305,-0.413461348858494,-2.21966705123081
"cv",40,2,145.128504566124,-0.378449561719647,-0.754624315298865,-2.62953142709209
"cv",40,3,101.658157053008,-0.441725081221497,-0.805807301427947,-2.56129699898504
"cv",40,4,133.638601173765,-0.360229086322956,-0.883931577300623,-2.73026852763867
