"","","","","par1","par2","par3"
"cv",20,1,47.645388751895,1.30884922022817,-0.166910493055281,-1.19893697448263
"cv",20,2,61.0524692548391,1.48635164058547,0.109319694176581,-0.988600699864368
"cv",20,3,46.6657252328115,1.32687044553515,3.80033272112816,2.77896560806395
"cv",20,4,51.2276968162092,1.63982279613762,0.0744773670501967,-0.959171023634605
"cv",40,1,115.141914479925,3.3589590541429,3.74453058055749,2.9688101898925
"cv",40,2,126.505725431234,1.0814030359871,4.0833463288758,2.98606023884151
"cv",40,3,126.365217352687,2.15038877328718,-0.918898423906767,-1.74190797668582
"cv",40,4,141.825894081869,2.01108864070386,3.81287340838291,2.93258213497561
