"","","","","par1","par2","par3"
"cv",20,1,59.8113863996721,4.99468200475982,4.04996461283082,2.77563001557118
"cv",20,2,49.2340761056519,1.16762592999477,4.48819331930346,2.8388085379482
"cv",20,3,39.5934076605886,2.42865814990237,0.537647795920575,-0.386109110934084
"cv",20,4,62.613260881086,4.99449791740059,4.86049669207737,2.75979735930634
"cv",40,1,154.84508610397,0.00754542602433955,4.98801349765046,3.27411130976111
"cv",40,2,143.623616664115,1.04859304050952,4.32725561084226,3.31786746877536
"cv",40,3,163.245965538498,4.12445912592001,-4.44817887270346,-4.99936275579599
"cv",40,4,168.735073572626,4.99383357941529,4.0874004976464,3.23117942818571
