"","","","","par1","par2","par3"
"cv",20,1,59.2972158100269,1.77698526547025,-0.807118336314864,-1.57632124494485
"cv",20,2,73.9926615193659,0.0473068072759983,4.95501878042232,2.9524593398305
"cv",20,3,65.340231766979,1.93712795797495,3.80010300631033,2.98415370179417
"cv",20,4,61.8705920163877,1.81958089914334,3.91318492449755,3.02428863734438
"cv",40,1,129.186701084247,2.23131477969689,-1.30275969694368,-2.06817502632936
"cv",40,2,129.277718055124,3.36878692395729,3.78978770407997,3.03932789520864
"cv",40,3,149.973601799724,2.75896449427066,3.7848357717845,2.97818471719867
"cv",40,4,120.976156380743,4.99999765303069,3.72039553351519,2.99176951436257
