"","","","","par1","par2","par3"
"cv",20,1,58.4831423917695,-3.49576017949478,-0.0837010333836304,-1.07196367855766
"cv",20,2,47.4552191696832,-4.99969836796611,3.79798072322725,2.85994912335219
"cv",20,3,51.8447156422001,-3.17866978030666,0.010436958304549,-0.949807457716958
"cv",20,4,53.3342493238074,-3.72134685900712,-0.573512615070309,-1.54070966020038
"cv",40,1,142.512678880487,-2.21823300719611,3.82559705531965,2.95419716145946
"cv",40,2,131.587790771431,-1.9945657064934,3.80210633125087,2.97988051532593
"cv",40,3,129.123837908387,-1.3651618565532,4.08913092101985,2.98019481449663
"cv",40,4,112.420185713412,-4.99963176826534,3.8057518084156,3.0240925130577
