"","","","","par1","par2","par3"
"cv",20,1,59.6928823819145,-4.99810559494461,3.79211034587543,2.95758172150823
"cv",20,2,47.057495150081,-4.99952706864026,3.3920095534244,2.61951383526139
"cv",20,3,73.2225174318508,-4.99980569991659,3.46751938591722,2.5787220196959
"cv",20,4,70.4531804516326,-4.99993458508629,3.46473491775021,2.58275637428877
"cv",40,1,160.629809031426,-2.67054173032699,1.52103593077111,0.900748861875266
"cv",40,2,163.768304002739,-4.99863330731231,3.72253041041139,3.09445488260771
"cv",40,3,138.239538547248,-2.5619766585856,0.250653569277262,-0.289091861698334
"cv",40,4,157.896940036828,-2.28852656448325,-0.0684832293330514,-0.680282608743863
