"","","","","par1","par2","par3"
"cv",20,1,63.3806295644451,3.08591973379803,4.13807727791074,3.00788076376325
"cv",20,2,53.7313875513127,3.84006066045145,3.8197667181247,3.05703972584479
"cv",20,3,75.1158695280327,2.43743002743455,4.38585900653521,2.95532313178398
"cv",20,4,64.5798235528637,1.9977048106227,3.79920851109959,2.98383257582186
"cv",40,1,130.818348031838,2.06437231047867,-0.431019442212594,-1.17960035919802
"cv",40,2,129.414829829511,1.94239707955013,-1.94795273022356,-2.68955104201131
"cv",40,3,150.358960290791,2.61178631412414,-1.56250131030046,-2.34825387463426
"cv",40,4,134.938437717042,1.86160481356791,0.509404891951795,-0.255985582888432
