"","","","","par1","par2","par3"
"cv",20,1,67.3427759671119,1.81045813050823,3.79195749251442,2.89704220520634
"cv",20,2,62.2049947068327,2.13422933148941,3.80017620808261,2.93128069895511
"cv",20,3,59.4283192566802,1.94526309663729,3.80041463057436,2.9382191405965
"cv",20,4,55.0977084382996,2.15543481394259,3.79411115200215,2.96948395978566
"cv",40,1,152.148757637198,4.75660349054132,3.97507767702893,3.08526587836117
"cv",40,2,140.557149717183,4.9999180216563,3.70092944928715,3.01681616100816
"cv",40,3,129.799453340196,2.83481481486585,3.81706926052749,3.15115683773736
"cv",40,4,143.496365594594,4.96446294705344,4.66590875928124,3.1141023955039
