"","","","","par1","par2","par3"
"cv",20,1,53.5679697534447,-4.99892207955487,3.79168242676171,3.0866018598116
"cv",20,2,90.7739804897728,-4.9994846743706,3.8001968285179,2.91462752402137
"cv",20,3,58.0875212262619,-4.99826586964212,3.78317359132526,3.04223717737589
"cv",20,4,68.7824444693866,-4.99968045988939,3.80070192191771,3.00347104233759
"cv",40,1,151.761156121183,-4.99943057086961,2.6993644207652,2.26984421382558
"cv",40,2,179.219301947508,-1.92716857481309,0.721084438266213,0.17457410893544
"cv",40,3,164.526079155435,-3.22030546792386,1.6131440000471,1.12422562720948
"cv",40,4,164.742654270876,-2.6965664783492,3.79809106387435,3.30775501074984
