"","","","","par1","par2","par3"
"cv",20,1,64.3006697307102,2.70684875450773,3.8078175869241,2.87299745298735
"cv",20,2,61.8641460750819,2.45685737364791,3.81936995545115,2.88253685814738
"cv",20,3,47.0325029445058,4.99477566945127,4.3730397103357,2.96309417310633
"cv",20,4,58.2798708394346,0.703134729919428,4.55229431996841,2.91097650214552
"cv",40,1,99.9512092486717,4.93452025943587,4.06536097471159,2.79670777377466
"cv",40,2,115.695767484328,2.21069661658649,4.75288466179933,2.75040465393336
"cv",40,3,101.917588821346,2.24634621923528,3.81473401824242,2.77538327821285
"cv",40,4,82.1006721309911,4.95619134073228,4.80102551233559,2.83649091391624
