"","","","","par1","par2","par3"
"cv",20,1,63.1117960095767,-4.99905983053353,3.78627561777131,2.98876154809787
"cv",20,2,63.4275928226378,-4.99990698994745,3.7900062673931,2.98908373874399
"cv",20,3,59.1693919405219,-4.99986300737085,3.80075106639292,3.01908673795965
"cv",20,4,73.53138094032,-4.99622557828657,3.80093161687691,2.95036865020946
"cv",40,1,113.360981371181,-1.15453384920579,3.8014257989042,3.04496810336537
"cv",40,2,150.745246379297,-0.766760089391062,3.79947552296623,2.94676588268297
"cv",40,3,116.081326066821,-1.94625339604047,3.82431907638459,3.03665276667947
"cv",40,4,147.319420614724,-0.563726425121563,3.7973032451277,2.94977543222316
