"","","","","par1","par2","par3"
"cv",20,1,73.7506066768998,1.0809044082624,-1.72116365817463,-2.32234500590041
"cv",20,2,78.9556930869884,1.31096612252127,-1.50746204052103,-2.13740510897648
"cv",20,3,79.6939552219087,1.44116751296036,-1.65182390206581,-2.27912119330106
"cv",20,4,73.6528974970664,1.37437577231942,-1.75605808491215,-2.35242551552355
"cv",40,1,133.68585727916,3.02114458784936,3.80594889057598,3.02940947863662
"cv",40,2,130.498438737652,2.36801833992101,1.01480294009578,0.233293447044401
"cv",40,3,117.876567870746,1.89164734808461,-0.932192291930493,-1.69133812684433
"cv",40,4,142.012993056622,2.04513519996565,3.79965397472894,2.97987388965543
