"","","","","par1","par2","par3"
"cv",20,1,71.1497767258133,-4.99779441060017,3.79987212648477,3.07432108183426
"cv",20,2,57.8772879504033,-4.99906663938973,3.79066169740209,3.14363821777934
"cv",20,3,70.2113589484051,-4.998230960424,3.79804146838393,3.0792471392974
"cv",20,4,84.5869132261008,-4.99993142921936,3.79837954478029,3.01400376067842
"cv",40,1,167.474413282656,-4.99996100086148,-0.731209712580141,-1.14087111379189
"cv",40,2,172.981672583242,-4.99982399195376,-0.0653638508024569,-0.49684484737618
"cv",40,3,156.079023230374,-4.99979094940491,-0.406103353526461,-0.742087143160772
"cv",40,4,185.577972579274,-4.99994150238852,2.8905457797303,2.40182876816461
