"","","","","par1","par2","par3"
"cv",20,1,81.1719900117964,-4.99948600815267,3.81501526685471,3.32982941630377
"cv",20,2,84.359717980893,-4.99735974126099,3.79824185386133,3.3034173800875
"cv",20,3,77.4103210987825,-4.99820815601029,3.8706093258397,3.36921872693713
"cv",20,4,87.1843204690063,-4.47182197192368,3.80112346366733,3.28193216280773
"cv",40,1,173.498731707297,-1.18055155665259,3.80058485711542,3.00377681286751
"cv",40,2,139.782697505625,-0.955768962692016,3.80138464563783,3.08553495017352
"cv",40,3,128.778296842521,-4.99992884859708,3.7960459111673,3.1167966151147
"cv",40,4,128.372395475731,-0.940916485810397,3.80951431213393,3.1115076662165
