"","","","","par1","par2","par3"
"cv",20,1,55.421255617943,0.411318586528607,4.94395007358839,2.84947148623634
"cv",20,2,53.3418767350852,0.832054703765156,4.29168356715219,2.87325816807321
"cv",20,3,54.9480267531089,4.35446853516623,3.85955187809883,2.85004530002196
"cv",20,4,53.514834840466,4.95291566290644,4.51547237073045,2.8701503075024
"cv",40,1,116.128292985369,2.29347412166579,3.79997336370989,2.96321774333398
"cv",40,2,121.701443960218,2.1344283692006,3.79873860561767,2.94069497939205
"cv",40,3,130.547142141813,1.66861511547082,3.80044837836643,2.90489543562631
"cv",40,4,127.171377233629,1.72803354823912,-1.48281745779495,-2.36115322504329
