"","","","","par1","par2","par3"
"cv",20,1,73.8180468093779,1.50346788852791,-0.537455730869462,-1.28871098325404
"cv",20,2,56.0606857821051,4.54880001873107,-4.3982461478748,-4.99686954679102
"cv",20,3,82.3705261119662,1.72479934097528,3.7998909812694,3.01561770143355
"cv",20,4,72.1693440453934,2.00301047039095,3.79959522405215,3.07730175290197
"cv",40,1,139.403835668196,4.91199470658184,4.9172950612082,2.95555580105062
"cv",40,2,130.443506369129,4.99491931561278,4.06822967471684,2.97049133921913
"cv",40,3,127.779622504649,4.91210384258489,4.02423764492613,2.98468386593186
"cv",40,4,106.140173240938,4.0064660074353,4.53572779853746,3.04370465678301
