"","","","","par1","par2","par3"
"cv",20,1,50.7244319726879,1.86931917285866,-2.49577198438426,-3.12855705113185
"cv",20,2,66.6447764165979,1.82471538555326,-3.05563169890361,-3.68086885603723
"cv",20,3,78.7867435298671,1.10743614419673,-2.36591698663756,-3.02592287825849
"cv",20,4,73.3164613900521,1.67492617693091,-2.42188074531979,-3.15395002427286
"cv",40,1,35.0042604978464,2.34490172520002,-4.7788834381023,-4.99275183615908
"cv",40,2,71.3491706044851,2.39146771638159,-4.68783351294376,-4.99697290776458
"cv",40,3,182.622336885076,1.65458246918123,-3.82933491433974,-4.16053850289714
"cv",40,4,62.2662647825701,2.29828023659597,-4.82875840246574,-4.99979581866948
