"","","","","par1","par2","par3"
"cv",20,1,67.7565765985123,-0.422349998787099,3.91892451492362,3.13207654840535
"cv",20,2,77.8723808545528,-4.99858012205704,3.79103218561005,3.07799796168563
"cv",20,3,68.4786125952031,-0.304096769026763,3.84064885592581,3.12371827490178
"cv",20,4,77.6207228128894,-0.223728843119158,3.80062935439695,3.07183891944253
"cv",40,1,117.696154924839,-1.70111185047406,-0.787304814132859,-1.65454968375457
"cv",40,2,132.063858025264,-4.99997727907564,-1.52137743473244,-2.41284059514636
"cv",40,3,108.351412574188,-1.64854732360451,-0.689164889548467,-1.52790473325332
"cv",40,4,128.090932814786,-4.98548315887074,3.77304210234217,2.89538709509412
