"","","","","par1","par2","par3"
"cv",20,1,94.845930709062,2.35052558364168,3.79752156370995,3.13543900189721
"cv",20,2,62.7992160459686,4.993613486074,4.06308344791374,3.38988282024762
"cv",20,3,80.4469706481829,2.90962734265936,3.79346309455982,3.22740106172502
"cv",20,4,84.5512384604658,0.964692351547543,-1.42103332791682,-2.02902746919781
"cv",40,1,175.229670432508,2.58986943629079,-4.59864731633186,-4.99999549054205
"cv",40,2,178.052582932663,2.44798680541397,-4.63336078183345,-4.99349707780638
"cv",40,3,170.663074769837,2.51922523973218,-4.66731168574605,-4.99999940139298
"cv",40,4,142.754129002775,1.77163026341449,-1.99992483966462,-2.34944419337594
