"","","","","par1","par2","par3"
"cv",20,1,69.4463091620969,-0.332178798836219,3.79574031573389,3.08741366863454
"cv",20,2,65.1824849054992,-0.335033173517292,3.80986910136834,3.1132608547574
"cv",20,3,75.6237347312224,-4.99843264824725,3.79946056480794,3.07167965330188
"cv",20,4,77.1028184533388,-0.420959178136137,4.01112340491247,3.04379782177133
"cv",40,1,134.30844200375,-4.99979490668522,-0.0408654759651787,-0.741531557970738
"cv",40,2,163.570034877157,-4.99938728950015,-0.823876072902091,-1.59712361103256
"cv",40,3,141.073346785644,-4.9996258525525,3.79793948775318,3.08144589655236
"cv",40,4,129.209480388933,-4.99990539008199,-0.236094500282662,-0.923560350310293
