"","","","","par1","par2","par3"
"cv",20,1,78.3442434469038,-4.99974600891437,3.64656411716483,3.04949930917052
"cv",20,2,74.70943508828,-4.9997831479982,3.07653441182905,2.50494368199427
"cv",20,3,80.1433056177834,-4.99998266009826,3.35232661484493,2.74679214284927
"cv",20,4,77.880244702022,-4.99990432287123,3.44629522202266,2.85419715794298
"cv",40,1,148.207450243199,-4.99959528181305,3.79523749318173,3.04790326261786
"cv",40,2,141.851388617368,-4.99996052044652,3.69332701650705,2.97260027201707
"cv",40,3,129.154396027859,-4.99997459658357,3.650478030706,2.96097014941147
"cv",40,4,145.123762794959,-4.99897697686699,3.79163296993301,3.05895692736076
