"","","","","par1","par2","par3"
"cv",20,1,64.112154770046,4.9884632900153,4.01582278353861,2.91532785676142
"cv",20,2,67.1242479931824,4.99997056479826,3.79372428778181,2.90276717546829
"cv",20,3,51.702506352772,4.99941997324287,3.81406757837057,2.99126578371335
"cv",20,4,56.7987618492076,4.99997687108248,3.78991869453499,2.9458933124191
"cv",40,1,131.180926646079,2.01062945240075,3.79554710544072,2.95606009883236
"cv",40,2,124.78422878355,3.27829015442649,3.80004207478216,2.99858049702642
"cv",40,3,129.979097881407,2.77124536247593,3.79967703577887,2.98276237616993
"cv",40,4,123.619518980531,1.80948606989682,1.78322486858383,0.962307317163593
