"","","","","par1","par2","par3"
"cv",20,1,52.0362968766684,-4.99053896619992,3.80020030554959,2.92163824981288
"cv",20,2,61.5307768688328,-2.24374472185881,3.80478863201635,2.88025733200709
"cv",20,3,55.3300047861363,-3.94745335309018,3.85213193156473,2.90583390956395
"cv",20,4,60.6718534862264,-4.99916360327006,3.8006477031379,2.88652355360891
"cv",40,1,166.972078393094,-1.77080071385281,0.489646806615214,-0.175204684683064
"cv",40,2,141.994807319511,-0.294329126748992,3.74349753906537,3.15116109247238
"cv",40,3,150.505155093225,-0.396216172617555,3.80060250959688,3.17932459279541
"cv",40,4,155.751545136772,-0.925154138845364,3.80007850342154,3.1637630314366
