"","","","","par1","par2","par3"
"cv",20,1,49.3621618909369,-0.0763641924406647,3.80052908635064,2.73584786102754
"cv",20,2,51.9044084056627,-0.061272008081897,3.80010515957199,2.73431558697825
"cv",20,3,49.2777929352645,-0.151993216959451,3.8596170800584,2.73387344642111
"cv",20,4,41.4668889698752,-4.99956557116421,3.79997618096095,2.79653557055799
"cv",40,1,157.870353866497,0.0390939626391368,-0.265961267098019,-1.05529620149213
"cv",40,2,132.569076391801,-0.247723975328963,0.341367959579673,-0.379137806733825
"cv",40,3,113.690572514637,-0.0347778566465628,0.289349308977242,-0.377346697512022
"cv",40,4,163.209905461423,-0.746461534703837,-0.0450403887416228,-0.831599882638683
