"","","","","par1","par2","par3"
"cv",20,1,95.7902206307995,0.760611648550271,-0.779481885102907,-0.85118229264364
"cv",20,2,92.3681552195147,0.489481135391775,-0.9304024811605,-0.887275720509768
"cv",20,3,92.9979294769025,1.29518843462348,-2.14487919136651,-2.09413001770882
"cv",20,4,91.5628316948393,-0.136287494209082,-0.736704109302835,-0.645111752915241
"cv",40,1,174.515280031613,4.99975224602808,3.10240275886487,2.65730809647889
"cv",40,2,167.270874857217,4.99923080283587,4.00699845707,3.3870670773345
"cv",40,3,167.403567373578,0.700986674921025,4.58151082355494,3.38564544073392
"cv",40,4,163.416330925267,1.19329355111886,-1.25245206557816,-1.67806303956631
