"","","","","par1","par2","par3"
"cv",20,1,52.9073298181798,2.26767786629836,-1.42449661414055,-2.29026475246784
"cv",20,2,69.6385851963571,2.45075584821007,-0.894995073083221,-1.83373397000218
"cv",20,3,54.8262918868763,2.31049876055197,-1.69467338660455,-2.56262894134562
"cv",20,4,57.9525035538328,2.33785219755008,3.82323535982979,2.93064823518028
"cv",40,1,127.950851991538,4.99979454612425,2.90223686521103,2.15939816200134
"cv",40,2,139.345707332881,4.99955426931274,3.80173181604427,3.03113542996522
"cv",40,3,137.785546411266,4.99090661945127,4.05605787070997,3.03579094568987
"cv",40,4,124.595635888448,4.99991159560968,3.80381306305208,3.0718926727889
