"","","","","par1","par2","par3"
"cv",20,1,90.7034030581753,1.13582975473748,-0.448170191753771,-0.638402099215133
"cv",20,2,92.8310754246582,1.34428521702515,-1.35067912851399,-1.57025160200035
"cv",20,3,86.8034490071518,-0.327028144907969,4.90026734990528,3.73894254406172
"cv",20,4,91.1357341991246,0.142739880732706,4.29553703458632,3.59992632060023
"cv",40,1,175.683352932894,4.99392925964781,3.82213425505243,3.71094645783925
"cv",40,2,177.444257488115,4.99985165831016,4.26370411840131,3.69022155903541
"cv",40,3,184.950485487796,0.11202030599339,4.61946692952413,3.6026755998877
"cv",40,4,182.274838624253,2.27935965703157,3.8176432067276,3.64353055269292
