"","","","","par1","par2","par3"
"cv",20,1,88.5812565313596,-4.99999441765916,3.6281499770141,3.26773833130215
"cv",20,2,90.6969947599372,-4.99968016512428,3.58702902630812,3.20049444558305
"cv",20,3,85.0834361068494,-4.99985527466917,3.79977978431051,3.4785252936412
"cv",20,4,83.5325373325558,-4.99902550634027,3.79956780160957,3.50628021422343
"cv",40,1,172.51149554185,-4.99981850408273,2.36625022746598,1.89218430154895
"cv",40,2,167.199952598508,-3.46408654983045,-0.420016825194368,-0.869850645350202
"cv",40,3,169.32678057438,-4.99998542511279,2.64138708973529,2.18623305203777
"cv",40,4,161.113956001981,-4.99972566142034,0.0477144478239516,-0.373475782802584
