"","","","","par1","par2","par3"
"cv",20,1,2.81539164547097,-1.86889843647371,-2.22838952560939,-3.07648065732787
"cv",20,2,60.5183081845115,-4.99999987892448,-2.39715743586336,-3.26556688382118
"cv",20,3,60.9758779237324,-4.99999909186982,-2.45938922670415,-3.26956307970184
"cv",20,4,12.3817029184074,-4.99999853608142,-2.36218872700438,-3.23520613023901
"cv",40,1,89.3696796638867,-2.24244031139455,-2.02170472052648,-2.90262763533541
"cv",40,2,65.4236202227959,0.128462782426762,-2.04242461504372,-2.89723253048318
"cv",40,3,38.1036241385897,-0.0986612388852377,-2.06409987852439,-2.92563427376253
"cv",40,4,123.508554623427,0.386493391125618,-2.00984617574356,-2.87440408862146
