"","","","","par1","par2","par3"
"cv",20,1,55.2542198935538,2.51818030432878,4.65949211478423,3.15759333162717
"cv",20,2,57.9364120123036,2.51253540070084,4.72919291746659,3.13546176241823
"cv",20,3,88.0880507274066,0.979718832825051,4.45724493373852,2.99614985094491
"cv",20,4,75.0644334007049,4.99502534803768,3.80082136139066,3.04491639361226
"cv",40,1,136.32414455078,4.60445824785774,4.63219261913765,2.89058693489217
"cv",40,2,110.822831078657,4.99794824896963,4.5249999154962,2.95851516749031
"cv",40,3,111.580042520302,1.2290905892501,4.21462938644869,2.973926822828
"cv",40,4,118.222201781021,4.95300032190847,4.52183231435933,2.93783051077021
