"","","","","par1","par2","par3"
"cv",20,1,35.8078983265706,3.85875416734345,-4.0152456971945,-4.9984722689628
"cv",20,2,54.2144557594185,0.668947110229605,4.72051603156394,2.7075291641128
"cv",20,3,57.2446394219993,3.25916711282161,-3.07205790005557,-4.17368399454872
"cv",20,4,49.1424418089488,0.791188892853667,4.62581394055792,2.74407673052774
"cv",40,1,90.7737516912384,0.294828386111897,4.97654082371639,2.93534676308246
"cv",40,2,140.850540197366,4.44241895364023,-4.00472741777127,-4.99948418511122
"cv",40,3,110.313921104147,1.22383310308209,4.29113152842596,2.88720161297335
"cv",40,4,112.23684524481,1.48852398900414,4.00887805559833,2.87105023465475
