"","","","","par1","par2","par3"
"cv",20,1,83.3931406362394,2.80683779228563,-4.77086267869988,-4.99173873645971
"cv",20,2,88.5217991699151,2.9038781950666,-4.71054924477189,-4.99996853019093
"cv",20,3,86.2567815701647,4.88326936112932,4.4989104020778,3.50332464355363
"cv",20,4,88.9338771565738,2.99724118623421,-4.69338848324946,-4.99774302189701
"cv",40,1,181.049849769322,2.96823569674882,-4.59394873029642,-4.9999735693514
"cv",40,2,165.911019582989,1.9377884824174,-2.61268959234107,-2.96952994837138
"cv",40,3,167.315846874082,2.81431540050591,-4.66010581047377,-4.99930948523462
"cv",40,4,168.270949240538,2.69231905045392,-4.67558077111481,-4.99994754406086
