"","","","","par1","par2","par3"
"cv",20,1,39.0023310870099,1.21990961591478,-2.85273578421962,-3.25297246384456
"cv",20,2,71.133879961798,-1.03039172877877,-2.6816529970442,-3.11431755368631
"cv",20,3,91.0081564939355,1.2266368050849,-2.85671387757749,-3.38719318155252
"cv",20,4,80.8596909311672,1.09808283277345,-2.75770884113535,-3.21366165322593
"cv",40,1,19.0158339145192,2.01409985877632,-2.95550375662649,-3.41181401441771
"cv",40,2,163.120484839157,1.76091312164201,-3.02942240004243,-3.49233871959007
"cv",40,3,156.132696001942,2.28740524003528,-3.68033980720295,-4.15575940062652
"cv",40,4,174.850637476964,2.11666702199797,-3.29691728729139,-3.83584767213026
