"","","","","par1","par2","par3"
"cv",20,1,43.2301700962594,2.17608863158463,-4.36279029442226,-4.71894039764685
"cv",20,2,86.2651878204887,1.81791784990622,-3.6719418249835,-4.07507623212061
"cv",20,3,90.3219580454489,2.42251697891872,-4.49169801950731,-4.99990750429731
"cv",20,4,8.29848275795627,2.42306050764813,-4.43960765577559,-4.78687637120531
"cv",40,1,185.577708225183,2.03018893897452,-3.95803610988428,-4.35415865457259
"cv",40,2,53.4939911865529,1.86339689765482,-3.70007713411138,-3.98267275416643
"cv",40,3,45.8039185798499,2.45539274361155,-4.72225607255223,-4.99965630353125
"cv",40,4,146.359906218949,2.2781403828671,-4.5971039364645,-4.67810148780144
