"","","","","par1","par2","par3"
"cv",20,1,60.372537058416,0.465566552682053,3.80043664551748,3.02875685341583
"cv",20,2,74.9308347690912,0.774528033685089,3.79903571371329,2.95502407713556
"cv",20,3,82.3490381353344,-0.325269041468734,-1.24143828602797,-2.09636851112816
"cv",20,4,59.7685711117972,0.734668182373496,3.79996098749621,3.0348557003236
"cv",40,1,121.056444420998,-2.82980558364232,2.13731221547937,1.2285784502054
"cv",40,2,111.655779193154,-0.245398263728593,0.789567210246987,-0.117524512381662
"cv",40,3,94.6676055852882,-0.44718601897074,0.639313203290502,-0.228693406009792
"cv",40,4,136.88338618992,-0.179698441430154,3.79931816292728,2.83931432770801
