"","","","","par1","par2","par3"
"cv",20,1,54.0492518269876,4.99983564761276,4.46698204291141,2.83724752249519
"cv",20,2,45.3701645085787,2.83805357486927,3.81085980504805,2.91126328616883
"cv",20,3,59.383907804166,4.99999319953808,3.75115284358188,2.7728620253368
"cv",20,4,58.3809784325847,4.99829731438177,4.9314243164519,2.82123791604686
"cv",40,1,112.902298329978,1.5569862604913,4.05146359416436,2.80369132025198
"cv",40,2,104.163145838629,1.99913491542029,3.79874941599305,2.80409039874414
"cv",40,3,103.430210437318,3.84486328064168,-3.05468403305704,-4.02212120327691
"cv",40,4,102.433292439351,2.47692083541073,-1.13040971674551,-2.11026784050218
