"","","","","par1","par2","par3"
"cv",20,1,95.8361424774112,1.55011063656624,4.40296541861041,3.42572734087905
"cv",20,2,85.5627085444359,1.2055978602363,4.65925887056409,3.54351225887692
"cv",20,3,99.9853111693565,1.51686693740427,4.4297062491381,3.39410346961149
"cv",20,4,81.7533981351297,2.04676009945782,-3.21068183187774,-3.19959929578473
"cv",40,1,181.225669859347,4.98792959780278,3.80031206790279,3.59957129473084
"cv",40,2,173.33406925654,4.99882429371762,3.80122225789316,3.67398977342868
"cv",40,3,189.728847779911,-0.189675258756734,4.84765169266337,3.51133197960607
"cv",40,4,172.262650090169,4.9998749459036,3.49731914915095,3.38183065434545
