"","","","","par1","par2","par3"
"cv",20,1,65.0116094774874,-0.322444436098777,3.7461459803922,2.61400594853068
"cv",20,2,54.7002581350069,-4.99961912649533,2.97037280962774,1.89228053489306
"cv",20,3,31.2794984221749,-0.626046250009176,0.560877344724206,-0.4206662822689
"cv",20,4,41.1590396608286,-0.486438475488663,1.18191796141226,0.160236756271415
"cv",40,1,113.691388539899,0.345817338779506,-0.932021586563128,-1.87961818753553
"cv",40,2,141.853744755751,0.47357697890993,-0.31636737898502,-1.33087043054841
"cv",40,3,105.931824003761,0.313039635544353,-0.259514968319044,-1.19420557606079
"cv",40,4,97.9511175129189,0.508182843387183,-0.90703791175403,-1.82609747955584
