"","","","","par1","par2","par3"
"cv",20,1,61.2293986503443,3.4194924261303,-4.22760184281287,-4.99978817197126
"cv",20,2,62.6476205682458,4.25381331667001,-4.20649964285538,-4.99603198500839
"cv",20,3,68.1729257351018,3.31273837022438,-4.21311400604034,-4.99684338219846
"cv",20,4,62.1790350211797,3.58700442890144,-4.21841583916704,-4.99997657692946
"cv",40,1,151.924831067157,1.97667045703699,-1.53833125472093,-2.38426074400737
"cv",40,2,121.613338698761,1.02115279014631,4.59823511634639,3.02147285786641
"cv",40,3,134.025204864953,4.9988406284343,3.82904404513266,2.98724549472677
"cv",40,4,115.030012915888,1.388053058607,4.32970199907479,3.0403604656211
