"","","","","par1","par2","par3"
"cv",20,1,69.2763327735106,-1.8281042268215,3.84421996230285,3.10545629990433
"cv",20,2,78.5206638505675,-4.99979910402347,3.79709729928599,3.05481687472809
"cv",20,3,63.9114364118349,-3.78147076953157,3.80344694914354,3.12583252886346
"cv",20,4,75.9849947441829,-2.45327042277952,4.1760244854563,3.05863808098126
"cv",40,1,142.129298525717,-4.99976043244323,3.27175661853996,2.44042033241221
"cv",40,2,121.054793058006,-4.93002503613515,3.90194838574924,3.01680320639536
"cv",40,3,150.877291356057,-4.99986328103684,3.52643398936183,2.67478766700635
"cv",40,4,109.539835739901,-4.99930901283329,3.6164289838418,2.86121378632737
