"","","","","par1","par2","par3"
"cv",20,1,60.4419607109375,-4.99960371092674,3.8013001559224,2.99247517392617
"cv",20,2,55.5940833216532,-2.33278391466844,0.27561857764865,-0.51407054401859
"cv",20,3,84.5043064684752,-1.81959958039311,0.293367258153528,-0.619549378464539
"cv",20,4,58.9992684230581,-2.9278696710362,0.908117185810566,0.110718185513396
"cv",40,1,96.8933755599861,-0.393438949537271,1.58071416700733,0.738334546659291
"cv",40,2,124.476206550337,-0.809209404216071,3.80064174331257,2.90481699696016
"cv",40,3,145.431331494763,-0.954811394265786,0.167920892619862,-0.774104156911904
"cv",40,4,110.598852416686,-0.286946767513388,3.79300921176668,2.91547757925241
