"","","","","par1","par2","par3"
"cv",20,1,71.1077615677721,-4.98937385944233,3.80088763438128,3.28897884231449
"cv",20,2,91.0719109992952,-4.99887871308586,3.78964338440973,3.14011303741832
"cv",20,3,74.2962285127949,-1.57068591994467,4.48954448258465,3.26258860984777
"cv",20,4,80.8930415833076,-0.815278359063347,3.80048803404731,3.20588394036934
"cv",40,1,142.084373038672,-1.68331749895855,4.27604108972371,3.05956729110511
"cv",40,2,139.70262159106,-4.99806068382138,-1.23591384094983,-1.96996741031932
"cv",40,3,128.947399197656,-4.99961758305509,-1.10754311551919,-1.8087497249243
"cv",40,4,152.672797007999,-4.99551229933832,-1.10171019325684,-1.86871267136084
