"","","","","par1","par2","par3"
"cv",20,1,56.7415393913525,4.024952976864,-4.17774767993928,-4.9998653857893
"cv",20,2,72.7654488708069,4.98869632040218,3.88337084134582,2.89506788920147
"cv",20,3,59.2453152043348,3.94921054916618,-4.16181554602785,-4.99786646741316
"cv",20,4,54.0007352330926,4.11713519385321,4.70946499653784,2.98700547555175
"cv",40,1,100.452270414407,2.13139626534353,3.82810626648541,2.88957744245014
"cv",40,2,107.933534160574,2.36045825116523,3.79812484857266,2.8696230075322
"cv",40,3,119.498198063547,2.91675535327267,3.8040691847835,2.85001452262441
"cv",40,4,116.515185857769,2.20169643344725,3.8001891173926,2.84560822622602
