"","","","","par1","par2","par3"
"cv",20,1,70.3570356062621,4.91436714022052,4.30982613572179,3.16939699711513
"cv",20,2,70.0813863316508,4.99967358273074,4.21391966891824,3.17527253733902
"cv",20,3,63.1871411856647,2.7613619135901,3.8000460880979,3.21336960724863
"cv",20,4,89.8168682041062,4.8809568357006,4.07871284758536,3.06966200980589
"cv",40,1,150.414419203163,3.30389729676959,-4.39322963595947,-4.98360226675263
"cv",40,2,134.966195694594,3.6579872425475,-4.38908984177343,-4.92591451218505
"cv",40,3,143.404254844788,0.26581621902515,4.94740195492578,3.24266399385403
"cv",40,4,180.164677936759,3.87147165644929,-4.31807420092986,-4.99174431912793
