"","","","","par1","par2","par3"
"cv",20,1,90.5643444778684,1.00194606762578,-3.47157699559269,-3.57272114791579
"cv",20,2,89.5675597474731,1.19654769193063,-3.66792253647169,-3.80988431768647
"cv",20,3,3.00389974054286,-4.99999987077145,-2.99420696364694,-3.17564416213191
"cv",20,4,47.8496484778515,-4.99999954587887,-3.17152498725749,-3.35573645930166
"cv",40,1,54.8285664045893,1.44876013307705,-2.9485359454967,-3.41150523421997
"cv",40,2,86.9717021851527,2.08558911796707,-3.53377372297107,-4.14240993720832
"cv",40,3,116.618342872009,1.13710371437112,-3.17478538840557,-3.38394271991732
"cv",40,4,10.1049209513669,1.55526287520793,-2.99025052206721,-3.48227785615453
