"","","","","par1","par2","par3"
"cv",20,1,61.2277477725575,-4.99980482957172,3.70285536067561,2.95653485780493
"cv",20,2,80.1977843564055,-4.99977481539517,3.74889808200157,2.91486746671704
"cv",20,3,61.0988214921679,-4.99857347710343,3.2050594035594,2.46008977950511
"cv",20,4,67.9433462289975,-4.99966828494246,3.20813638164741,2.43002434658906
"cv",40,1,97.7818019707767,-4.94316982092154,3.81059520894721,2.8176630321572
"cv",40,2,120.61047482479,-2.83837408097756,3.79408229124727,2.76641898583332
"cv",40,3,99.8513633615976,-4.99750588732044,3.8068449378051,2.80778255355807
"cv",40,4,83.7066717767377,-4.99869723793939,3.79757197410568,2.84237257434352
