"","","","","par1","par2","par3"
"cv",20,1,68.5969333519551,-0.216238542473547,-1.20065607212598,-2.02269834809614
"cv",20,2,74.6627315985691,-0.0307839948492729,-1.32924596979154,-2.17407217566045
"cv",20,3,59.5870021597815,-0.182549577703753,-1.19474864751495,-1.96986285575553
"cv",20,4,63.4889703829969,-4.99996966146788,3.51571911136397,2.73944433848361
"cv",40,1,129.991693585386,-1.47509987442535,-1.16713759324007,-1.94761339843071
"cv",40,2,130.474885982608,-4.99898935766026,3.78241061787543,3.01935922242991
"cv",40,3,129.537266941654,-1.78661536086889,-1.32755675601379,-2.10629884397034
"cv",40,4,148.45999567844,-1.49894103599398,-1.12462571076701,-1.95127084468274
