"","","","","par1","par2","par3"
"cv",20,1,87.7106405769776,-0.112484690548971,3.80019457601574,2.95892818028358
"cv",20,2,60.8840606889653,0.264584283871855,0.634819130794087,-0.0875461526072671
"cv",20,3,72.6117748888951,-4.9999994883531,-1.30456913810658,-2.07451304641501
"cv",20,4,59.2393813355631,0.219174821084034,-0.215294799043939,-0.928646961806043
"cv",40,1,138.049964748317,-4.99926520829634,-1.60785102563922,-2.33860027103663
"cv",40,2,141.223902556612,-0.470127214480507,-1.27843833180994,-2.03444937212571
"cv",40,3,128.930292808913,-0.822192528718185,-1.2327560764353,-1.95326814661741
"cv",40,4,149.489305501256,-0.554672785240882,-1.2933273613143,-2.06810600971215
