"","","","","par1","par2","par3"
"cv",20,1,77.9818690454368,2.05188685310237,-0.273047532447893,-0.572316535784618
"cv",20,2,74.0648794165119,-0.303459819230103,4.91500348858766,3.56373521149664
"cv",20,3,89.2122071125125,0.771229744723134,4.05182668229932,3.34859477532537
"cv",20,4,102.764291715608,1.16414224459654,3.87039047062344,3.24568157505342
"cv",40,1,160.756539826373,1.35826955180305,3.89041368421982,3.40552130536328
"cv",40,2,170.261526656403,1.06299032257987,4.06639766765816,3.40477211193374
"cv",40,3,174.424751320066,0.900858793451713,4.08421400457819,3.36507480794616
"cv",40,4,163.575478849472,2.00556614751572,3.80404693400613,3.39651923877633
