"","","","","par1","par2","par3"
"cv",20,1,79.5365613274945,1.60077010478775,-1.99265351947519,-2.48674327708135
"cv",20,2,82.1711077871705,1.97359049095256,3.84355354567291,3.29464918542342
"cv",20,3,83.6365224441301,1.02363059290801,3.96719166233711,3.24837106065755
"cv",20,4,78.3861483312562,2.07586300624408,-1.61742484301164,-2.10087396547951
"cv",40,1,134.099966895723,4.99978933305751,3.77574317365563,3.15707294261424
"cv",40,2,151.543996136852,0.356505059201272,4.84939912334085,3.1314967743304
"cv",40,3,140.515017149222,4.97220050748639,4.24250351924664,3.16306829064391
"cv",40,4,153.236894867034,4.99966609864457,3.80192997737249,3.12850074609437
