"","","","","par1","par2","par3"
"cv",20,1,81.8986365286982,0.946267743563268,-1.59902342463299,-2.48604916057396
"cv",20,2,76.2912925504572,0.934693041836152,-1.6046584473293,-2.46766743320121
"cv",20,3,56.9025731828364,1.16491420252257,-1.54554777697812,-2.34345287918263
"cv",20,4,45.5601572213178,1.44782950964385,-2.15844294806556,-2.85337674612372
"cv",40,1,49.7689878808509,1.33981765037555,-1.90303180512242,-2.80830252025572
"cv",40,2,88.9661245812881,1.02463224495753,-2.03987756888635,-2.8590590882867
"cv",40,3,124.20908234198,1.50407521801572,-2.0636911885343,-2.9828654356481
"cv",40,4,99.8890925937591,1.59860484489641,-2.33363363290739,-3.18511842445898
