"","","","","par1","par2","par3"
"cv",20,1,89.6279875389506,2.36539541219021,3.82030611021373,3.35292812221699
"cv",20,2,70.9246953886091,0.120370672169717,4.61506093526421,3.52957143461143
"cv",20,3,80.854214445395,1.27249619495403,3.9305448580598,3.40000206427664
"cv",20,4,95.1418652926388,0.273906069108085,4.42849868200092,3.26772599150828
"cv",40,1,130.99221323221,2.17324021438773,-0.67453204583165,-1.45415064147112
"cv",40,2,141.136040159179,0.714692890812194,4.31829937797581,2.99431433872089
"cv",40,3,160.200069972634,1.94517233576775,0.213228295040904,-0.648774217908405
"cv",40,4,99.972077454133,1.60644967309319,3.83426351949091,3.10265981093981
