"","","","","par1","par2","par3"
"cv",20,1,66.675915766153,0.891356385381275,-2.27168211695263,-3.15271619239501
"cv",20,2,13.2336358857329,0.497690622228967,-2.19194675283001,-3.02096331414825
"cv",20,3,62.2683514616969,-4.99999976939373,-2.46798653954188,-3.14683331739092
"cv",20,4,20.2684026584882,0.963899737822364,-2.29937567095626,-3.12163589280443
"cv",40,1,157.631477355366,1.28348936186388,-2.08126883160736,-2.62301391784423
"cv",40,2,156.701595081627,1.3425843951339,-2.32905760292425,-2.85823337693374
"cv",40,3,153.182005594213,1.05807531634248,-1.90087775247406,-2.45617790095789
"cv",40,4,155.622366366783,1.61143470115731,-2.54372163345808,-3.03439413184839
