"","","","","par1","par2","par3"
"cv",20,1,84.2366324248741,1.82598600816235,3.79980990001468,3.39100439947956
"cv",20,2,88.3386044799086,4.9973712128322,3.60667537414407,3.18101553123425
"cv",20,3,78.6351326019146,1.85272867383114,3.80013738331043,3.45472632667999
"cv",20,4,86.1383041527959,1.42110269473412,3.79875890992326,3.35781529565751
"cv",40,1,172.024362468846,0.580677809728935,-1.29392226898633,-1.85186829977068
"cv",40,2,161.961258509432,0.591628371857517,-1.2608404911171,-1.77246041687714
"cv",40,3,161.215875882743,0.506687144401777,-0.725161256887704,-1.24736791793958
"cv",40,4,158.404520342471,0.520892036361199,-0.885989395336396,-1.39375260054722
