"","","","","par1","par2","par3"
"cv",20,1,5.33764693776623,-0.922785818870851,-1.72142826618664,-2.87992545514137
"cv",20,2,87.6390703849765,-2.234085235807,-1.79909979256173,-3.08977983463867
"cv",20,3,0.307440928315809,-0.959740404352556,-1.83665775433428,-2.99757197545311
"cv",20,4,86.3387722231349,-0.776984248700138,-2.06745414439729,-3.06687342590472
"cv",40,1,65.2964715778789,-1.01887653294674,-1.76495224175098,-2.97695267026138
"cv",40,2,162.58426730971,-2.20803235816549,-1.71670449731061,-3.01349172877572
"cv",40,3,157.087477665145,-0.839986072787344,-1.70933779851908,-3.01000971526466
"cv",40,4,179.949710026751,-3.91116887499134,-1.95925046221676,-3.29883397829184
