"","","","","par1","par2","par3"
"cv",20,1,61.6159848622903,4.99997663485987,4.9999937266329,-1.12388953247926
"cv",20,2,54.5234745416834,4.99989847014878,4.99983246382951,-1.05681314728182
"cv",20,3,81.3868694313322,-0.833632360706217,-1.48760982058564,-2.80435412943291
"cv",20,4,65.0640297033157,4.91193999463118,4.99999593427216,-1.13763638437434
"cv",40,1,131.171150575029,4.99089224846252,4.9982558291986,-1.12582923514358
"cv",40,2,134.479171800448,4.994388995021,4.90102173402118,-1.1219585485551
"cv",40,3,157.323655491016,-2.92118917765511,-1.24682406244133,-2.60665065897825
"cv",40,4,160.351022380368,-2.33757037591347,-1.08043329071074,-2.46077766813558
