"","","","","par1","par2","par3"
"cv",20,1,51.3817885522612,-2.31997905490613,-0.795143925009889,-2.39179233597621
"cv",20,2,74.4716430056252,-0.0670344877108462,1.41653801560331,-0.567282117780196
"cv",20,3,61.3416069925703,-2.30617881441733,-0.688689716924378,-2.33665559194585
"cv",20,4,68.0683716492498,-0.900250905669352,-0.440373142408038,-2.11955018423518
"cv",40,1,124.676162400436,-0.84229025414906,1.60869414285122,-0.104505874814598
"cv",40,2,102.95384550424,-0.758309071215509,0.665035566949847,-1.0137573951328
"cv",40,3,124.227272370071,-0.548704199915241,4.63190573706805,2.8863919889455
"cv",40,4,117.920009257923,-1.07081904438968,4.58850494457016,2.89290002143581
