"","","","","par1","par2","par3"
"cv",20,1,74.781297651561,4.99906873443764,4.99958541659907,-0.816480172400241
"cv",20,2,77.5335171664592,4.99993180633931,4.99998369739265,-0.808548889295539
"cv",20,3,83.2804651897982,-3.25994577289068,-1.51513782362682,-2.84974630379054
"cv",20,4,74.2760146697644,4.99964722028916,4.99996665826407,-0.796120133755784
"cv",40,1,134.077839505773,4.99977622607903,4.99963409116769,-1.07356156158546
"cv",40,2,136.311725110622,4.99981576891665,4.99537415331309,-1.09489118963946
"cv",40,3,145.158729322697,4.99999831926812,4.99999610017398,-1.11501744748996
"cv",40,4,173.935752866662,-4.39392705244625,-1.24818716352581,-2.47160218445781
