"","","","","par1","par2","par3"
"cv",20,1,21.7864499524943,-2.2088930037389,-1.666470819705,-2.89655236749374
"cv",20,2,57.4498770303265,-3.33536857901316,-1.57544294287962,-2.79612033168523
"cv",20,3,88.8811024058007,-3.37026005652136,-1.60727343769955,-2.88191245493403
"cv",20,4,82.4782605818138,-2.77765746343793,-1.68018512411451,-2.84498074714455
"cv",40,1,75.9157646904054,-2.41881544442625,-1.86052104912099,-3.37102767436842
"cv",40,2,155.605413186814,-2.8141288973326,-1.76337964737468,-3.43364878765138
"cv",40,3,1.91185954826052,-4.19281039454063,-1.83543485754693,-3.33241856947068
"cv",40,4,84.2414016336585,-3.94582084619745,-1.88629220593252,-3.22736181012076
