"","","","","par1","par2","par3"
"cv",20,1,51.4443774247655,4.99964649921843,4.88195986525055,-1.3024621447026
"cv",20,2,50.2592298392982,4.99997863277495,4.99977595660293,-1.19248834130031
"cv",20,3,65.0049642658759,4.9999906747385,4.99988805447397,-1.25553117038306
"cv",20,4,61.8616927997072,4.9676360556434,4.97288449687607,-1.27827803363503
"cv",40,1,112.391206031004,4.99999975025806,4.99999919847289,-1.14018403613813
"cv",40,2,134.500368978517,4.99998274611724,4.99997429222022,-1.23108210665037
"cv",40,3,123.52946868741,4.99979630988228,4.99981540763418,-1.1626580382715
"cv",40,4,162.848283040711,-0.932452079000707,-1.27840850565033,-2.61940578544296
