"","","","","par1","par2","par3"
"cv",20,1,61.5408660810953,-0.729717809039095,-0.707659663394878,-2.25570791012685
"cv",20,2,72.5413048855426,-0.80707727004475,-0.837342737099472,-2.42946822304381
"cv",20,3,82.0271978140274,-0.92228612782816,-0.783699292423903,-2.42843675046242
"cv",20,4,59.6026438920917,-0.685356630789871,-0.98997707794685,-2.5232440967005
"cv",40,1,121.521993759223,-0.493272248407728,4.65714356876436,2.89992109574248
"cv",40,2,111.324193707871,-3.35943606650547,-0.0920330646437946,-1.7902884206676
"cv",40,3,95.3796277350139,-0.721912781616534,0.0645622653154879,-1.60880809279685
"cv",40,4,136.001574262012,-0.751094924000563,0.133279808198713,-1.61943408155144
