"","","","","par1","par2","par3"
"cv",20,1,62.1145283654188,-1.00195715605646,-0.34292067117351,-2.09900610173265
"cv",20,2,54.7231585751466,-0.778630638540575,-0.321148826875577,-2.03771116418737
"cv",20,3,54.2869977481613,-0.649088676331317,-0.362508526994663,-2.09622307560607
"cv",20,4,63.0009429447283,-2.24426719764189,4.98311755679196,2.85907151517283
"cv",40,1,124.336715237867,-2.53093197423691,3.92232804668263,2.06906392084537
"cv",40,2,90.3493556977616,-0.591700296565269,4.49117083607969,2.67688322407349
"cv",40,3,93.4566255662672,-1.18911625855096,3.56701761383457,1.77680783940556
"cv",40,4,92.2211512162971,-1.20737818047101,4.57856112198277,2.78715883120597
