"","","","","par1","par2","par3"
"cv",20,1,66.2650750244715,-0.919366955221644,-0.836378496605839,-2.51146036223269
"cv",20,2,62.017795593764,4.99710119329393,4.95197085302964,-1.36274780169179
"cv",20,3,50.0134478524708,4.93858098531618,4.93473721171353,-1.24346286502444
"cv",20,4,60.1127602483253,-0.90468861600675,-0.847744924048893,-2.48665593473758
"cv",40,1,116.949769436033,4.99996677297406,4.99999149886788,-1.09652353356206
"cv",40,2,129.948965228739,4.99999717806664,4.99999652177698,-1.13781198317472
"cv",40,3,166.274661627108,-0.929934629002163,-1.18726851683473,-2.5673057874842
"cv",40,4,142.659604083007,4.99972706385195,4.99991598528757,-1.21127206036881
