"","","","","par1","par2","par3"
"cv",20,1,63.3241679009782,-1.14678791135054,4.99042319865324,3.03106718843197
"cv",20,2,60.5024956062119,-0.161369411521626,4.93411683097049,3.06425923309421
"cv",20,3,69.0742505018665,-4.16786997302546,1.00138869444144,-0.598819883341155
"cv",20,4,78.1527121082138,-0.670879455642471,-0.0617536281976141,-1.73021167226486
"cv",40,1,143.483322722317,-1.18944062347031,4.60456295453491,3.05169413412223
"cv",40,2,133.023033898502,-0.614315546987532,4.99458662086431,3.08026718372737
"cv",40,3,155.236569683556,-1.50894821388647,4.84487054872206,3.02829160720855
"cv",40,4,126.934013128925,-0.273606593953519,4.98976879668544,3.08907635235675
