"","","","","par1","par2","par3"
"cv",20,1,85.0230069210401,-3.49558909758387,-1.19789683691529,-2.51751031399076
"cv",20,2,69.9459830185697,-2.44315914900211,-1.32245907594792,-2.54114214510111
"cv",20,3,85.0299128336583,-4.34460103167288,-1.22823269563259,-2.59112193139008
"cv",20,4,59.3073696047994,4.99998381018509,4.99991482195134,-1.29584660822626
"cv",40,1,148.030980798008,4.99999710500618,4.99996850541124,-1.0487739076147
"cv",40,2,125.889806529076,4.9856834594397,4.98588962111039,-0.980921202919253
"cv",40,3,144.274131426776,4.99999903494814,4.99997999222403,-1.00398012981568
"cv",40,4,170.633336889146,-2.26115611962803,-1.31747181405863,-2.57404958365572
