"","","","","par1","par2","par3"
"cv",20,1,94.3338887201976,4.43195598990459,4.91609122346525,-0.391976635518307
"cv",20,2,91.8334704183356,-3.15729462867123,3.05492612183213,2.39544436770607
"cv",20,3,90.3940370026681,4.30397125286887,4.95580370432142,-0.226813355301943
"cv",20,4,96.4184972322217,-0.698964913098224,4.99687789999361,3.76141818502844
"cv",40,1,167.131055330226,4.99753848887829,4.32434526977497,-1.34195291775572
"cv",40,2,136.379506766195,4.99716781530406,4.99979682199764,-0.567877823912547
"cv",40,3,184.237153262065,4.99999826994278,4.09607670677679,-1.6257133102138
"cv",40,4,176.885547944073,4.9999757343289,4.32958284708437,-1.35053941171336
