"","","","","par1","par2","par3"
"cv",20,1,108.598988015213,4.99988167575303,4.99867061206368,-1.08790571655352
"cv",20,2,67.7729457087095,4.9974587932229,4.41562675126208,-1.37338032725457
"cv",20,3,82.8084711608161,-4.446302607776,-1.13707241863331,-2.39572827207633
"cv",20,4,77.3361186996056,4.94832505822077,4.67772605657235,-1.16625274092425
"cv",40,1,171.042516680114,4.99773889424322,4.9999066867034,-0.773277310006338
"cv",40,2,165.22117800753,4.99880873019199,4.99999550013447,-0.723768171074834
"cv",40,3,163.770528769427,4.99975884842443,4.99988909068411,-0.717398746416959
"cv",40,4,164.485620931047,4.99993937341566,4.99995681099562,-0.732724379194254
