"","","","","par1","par2","par3"
"cv",20,1,76.1975318261618,-0.856924944116173,-1.19479466839161,-2.54591889134486
"cv",20,2,82.7012140222204,-0.782228439974316,-1.18899608099445,-2.56941898665506
"cv",20,3,80.6634564631066,-0.779115562616448,-1.24327893510112,-2.58770651394465
"cv",20,4,77.3074910821557,-0.835183652623694,-1.31032625993895,-2.67112776335721
"cv",40,1,137.464662037599,4.99988871855481,4.99998900354339,-1.07762825047791
"cv",40,2,133.802930680845,4.99999879221963,4.99985776404283,-1.12303899005729
"cv",40,3,122.084045934192,4.99958277016437,4.99965348228856,-1.04288109487182
"cv",40,4,161.518279584264,-4.37682395402374,-1.0931077660511,-2.50200271350779
