"","","","","par1","par2","par3"
"cv",20,1,59.4914885085515,4.99746866972978,4.99163387158236,-1.06623608998468
"cv",20,2,73.7303624721224,-0.818426512768685,-1.34981560823636,-2.77412146386492
"cv",20,3,80.6826968434879,-3.87063970090821,-1.29356173695219,-2.75219690464352
"cv",20,4,84.4250659679465,-0.947140243861904,-1.2785062130658,-2.7405154676868
"cv",40,1,133.504744995452,4.99999783024055,4.99995887474958,-1.07540091980425
"cv",40,2,126.330739308906,4.9999865267208,4.99987623156516,-1.05625712593631
"cv",40,3,145.648940862423,4.99999144828679,4.99992786724079,-1.10930709258316
"cv",40,4,134.636676887611,4.99975411558078,4.99984919181921,-1.12076955057967
