"","","","","par1","par2","par3"
"cv",20,1,91.9130604810724,-2.49068936040873,-0.804402914260494,-1.73940555531099
"cv",20,2,95.2376528185114,-4.35897982524505,-1.35161399025553,-2.31512087104934
"cv",20,3,88.3712914962228,-0.92080016923528,-0.893366067308227,-1.69923511534932
"cv",20,4,94.3096044640836,0.029414810569436,4.61584297588969,3.3032103134229
"cv",40,1,174.472003021804,4.99853973804001,4.99905467099338,-0.372711529150908
"cv",40,2,178.851816764634,4.99998070485141,4.99944214666811,-0.426279379701831
"cv",40,3,185.454716918234,4.9997765086243,4.99988490182505,-0.482463980698483
"cv",40,4,195.175403731549,-3.39264409396752,-0.865178657435134,-1.65386531456928
