"","","","","par1","par2","par3"
"cv",20,1,56.1506740151888,4.99177433586451,4.9820524277884,-1.35462031559891
"cv",20,2,56.4099760065988,4.99998236366031,4.99998069243661,-1.23653060318521
"cv",20,3,64.4162798145375,4.99995513786133,4.99978543230166,-1.3079894985429
"cv",20,4,55.0790939247357,4.99436308737662,4.99251573596188,-1.23054504005869
"cv",40,1,112.33743787936,4.99998180006263,4.99996627877034,-1.18174193212204
"cv",40,2,118.81370217945,4.99998221414011,4.99973522661232,-1.14136180906658
"cv",40,3,123.944987535503,4.99999617028928,4.99998762365227,-1.19111407248849
"cv",40,4,131.736126149019,4.99986228115468,4.99996138718214,-1.22836076539554
