"","","","","par1","par2","par3"
"cv",20,1,82.2315924376007,-0.0998931784835661,4.78320636402875,3.29127959416597
"cv",20,2,84.3765530338254,-0.298807149564066,4.6053638075087,3.17199041104113
"cv",20,3,77.5098193632032,-0.215668186899175,4.44288864734209,3.03740424263862
"cv",20,4,87.0620744234578,-0.425285966248398,4.68648365623883,3.29224862545341
"cv",40,1,173.599977362617,-2.84757327342099,0.36219908193332,-1.23629483104963
"cv",40,2,139.595478659332,-0.319523162005905,4.70162763615006,3.0662805790139
"cv",40,3,128.984195770579,-0.355826409171815,4.71684690682577,3.12167196732
"cv",40,4,128.33040342974,-0.429556938027953,4.65926870238827,3.10610871932326
