"","","","","par1","par2","par3"
"cv",20,1,66.173091294818,-2.33764066531676,3.07926216376341,1.51195461812281
"cv",20,2,70.9575380093476,-3.54348426169058,3.04246624866627,1.45131892601968
"cv",20,3,71.9616620219606,-0.342793363162452,1.29978076925211,-0.397886923005258
"cv",20,4,64.8029618444313,-4.47152978315362,3.09763677748002,1.53792473634805
"cv",40,1,123.94647869023,-0.397962013520052,1.19354002795846,-0.660220201103894
"cv",40,2,133.682000491971,-0.230899560659127,4.80095966278485,2.8097256176136
"cv",40,3,104.934867011829,-0.464911749933034,0.828190509235037,-0.951772747413164
"cv",40,4,83.8877761033956,-0.339216032360751,4.72294738318407,2.91119783330668
