"","","","","par1","par2","par3"
"cv",20,1,84.6883690949962,-2.32332827267938,-1.08699497704793,-2.41996901553288
"cv",20,2,63.1791386999631,4.9998802207413,4.99795068424321,-1.11466150726849
"cv",20,3,59.0500906104145,4.9882092118838,4.91479411080893,-1.17054750690202
"cv",20,4,69.1013079656066,4.99927450612501,4.98604746207006,-1.13987011724878
"cv",40,1,129.206009239073,4.99998781721283,4.68770848055361,-1.30276191720254
"cv",40,2,148.26673552044,4.99997484957393,4.29529823400655,-1.72576232319653
"cv",40,3,137.378169535819,4.99998359506272,4.42357564843662,-1.56013830546556
"cv",40,4,127.345209241877,4.99758631973257,4.28682771100167,-1.66939433376476
