"","","","","par1","par2","par3"
"cv",20,1,84.4069849295742,-0.772978774790472,-1.11361859673224,-2.74118939974764
"cv",20,2,83.0271461815374,-0.707723939866509,-1.10508426437335,-2.75113601565791
"cv",20,3,60.2505883888165,-0.69714566367265,-0.988526409057432,-2.57084341648841
"cv",20,4,48.6729971826918,4.99882182380902,4.93534023130595,-1.06179983873462
"cv",40,1,48.9164519140766,-0.724216093183782,-1.28265856234728,-2.83294057456078
"cv",40,2,116.107886346104,-0.725126131255645,-1.35890129804951,-2.94213113175061
"cv",40,3,130.659130997963,-0.739222739747174,-1.34469207910346,-2.90677870891405
"cv",40,4,92.9944370167266,-0.848583574417471,-1.4463069783536,-2.94424076139036
