"","","","","par1","par2","par3"
"cv",20,1,81.1758404087679,-0.997659864328727,-1.4562300741445,-2.8770045760605
"cv",20,2,82.3637282357166,-2.80902590325138,-1.07021043614663,-2.53043878116581
"cv",20,3,61.3030209198435,4.99925594970838,4.99985593692967,-1.20526761180155
"cv",20,4,55.2717494904261,4.99460147887006,4.99756958014337,-1.13346083002971
"cv",40,1,106.569425621231,4.99999164090319,4.99999947885587,-1.18137580740172
"cv",40,2,166.489320867456,-0.587476946378332,-1.49958594893869,-2.96810673297859
"cv",40,3,152.090078302861,-0.612169391689872,-1.46619104715145,-2.95978118229544
"cv",40,4,135.524493105793,-0.627660805602079,-1.63795116766061,-3.06559910835917
