"","","","","par1","par2","par3"
"cv",20,1,72.9054377825622,-1.11588293481937,2.97053619343379,1.33184678140763
"cv",20,2,63.2347952403468,-4.95935131339765,2.74343174050535,1.15073828196062
"cv",20,3,64.1842956906379,-2.22529822727665,3.36368579410397,1.76094941658992
"cv",20,4,62.1578675574629,-1.11903877861902,3.28119165813945,1.68960464872294
"cv",40,1,118.14206812966,4.82624644982111,4.90148039198273,-1.3302194157612
"cv",40,2,109.972642917282,4.75692479172722,4.37871421885792,-1.83660960951849
"cv",40,3,125.081919220423,4.53799654013045,4.98155560166883,-1.20119734951068
"cv",40,4,123.899265138012,4.94420005697761,4.94606914036848,-1.29594864483469
