"","","","","par1","par2","par3"
"cv",20,1,68.6343125808441,-2.45945784085378,-0.96397875512427,-2.58437208276473
"cv",20,2,74.1900267447192,-4.4339303798024,-0.931062885640459,-2.57204181570213
"cv",20,3,59.5317278148038,-1.12867579786294,-0.872058539857888,-2.44904268347588
"cv",20,4,64.0169066755416,-0.122443556387138,4.89485070651453,3.00440783023143
"cv",40,1,130.945468906025,-0.746145470179384,-0.541507587364758,-2.13644536983977
"cv",40,2,131.075177988462,-0.528135133819255,3.39779660657496,1.7826283354606
"cv",40,3,129.329990897551,-0.941548958202044,-0.631526350245268,-2.21663939542253
"cv",40,4,148.167483223814,-0.862729822434838,-0.483804308509251,-2.11325032768146
