"","","","","par1","par2","par3"
"cv",20,1,69.5988646610428,4.99997727215173,4.99870404823947,-1.11883141415563
"cv",20,2,61.4575096119216,4.99691230002688,4.99560254413409,-1.08589983196827
"cv",20,3,67.5703003448698,4.99958838179696,4.99889052383685,-1.12758553108448
"cv",20,4,56.2733308675165,4.99972031911422,4.97768337851891,-1.0513753937606
"cv",40,1,152.528226010658,4.99997790159337,4.90339155145849,-1.09586711586178
"cv",40,2,143.717055988827,4.9998579804814,4.99992659388548,-0.973947147163959
"cv",40,3,130.940174827073,4.97773826718127,4.99837627341303,-0.93617844357102
"cv",40,4,151.969411657945,4.99875037018359,4.99895196279442,-0.981103893184089
