"","","","","par1","par2","par3"
"cv",20,1,69.8205439781876,4.99906686704809,4.11504527767526,-1.96911074577044
"cv",20,2,73.0266941349489,4.99992746330102,4.98428490236718,-1.10392458593823
"cv",20,3,70.4904853077949,4.99977519178294,4.99997530135714,-1.05503843408139
"cv",20,4,84.9290232985328,-0.82585056322006,-1.043604467857,-2.51152982073035
"cv",40,1,130.462193394494,4.99999200868739,4.99983063451332,-1.37155586684632
"cv",40,2,160.937594032856,-3.59330362905209,-0.965118996152599,-2.44943905186706
"cv",40,3,89.7721154184877,4.99996630234684,4.99960128625585,-1.26214310186521
"cv",40,4,102.336541540311,4.9996820672443,4.99938365194266,-1.34247812781192
