"","","","","par1","par2","par3"
"cv",20,1,61.6501386681993,-0.657929014388795,-1.33566101730494,-2.71394123612757
"cv",20,2,78.5384946287413,-0.523462910469656,-1.08131693848693,-2.55181860011327
"cv",20,3,54.9411340728002,4.9999707346751,4.99938276148891,-1.29995175301877
"cv",20,4,73.5765917555966,-0.485923095039161,-1.21804061173397,-2.61016205826259
"cv",40,1,146.062000162458,-2.77929224963557,-1.44070225455052,-2.77162201046228
"cv",40,2,156.098204574982,-2.55079472850378,-1.66175185700659,-3.04624578710246
"cv",40,3,155.395114922407,-2.92656344156098,-1.46354686721452,-2.83255390602782
"cv",40,4,173.515902042784,-2.49371763207598,-1.30889875382211,-2.75649080296127
