"","","","","par1","par2","par3"
"cv",20,1,52.0350468196708,-1.24959109038701,4.60508399327702,2.92190082716172
"cv",20,2,61.5113048519473,-1.16251281808879,4.97166650664271,2.88135763928951
"cv",20,3,55.6281600760623,-0.641009897554917,0.109587899048571,-1.5997063355585
"cv",20,4,60.6689055926915,-1.3034013311351,4.60289510020394,2.88411933883872
"cv",40,1,167.358839998791,-0.622315183996704,1.31133786977503,-0.186359584480094
"cv",40,2,141.446374512226,-0.375445215407142,4.66797268515303,3.18631484141393
"cv",40,3,150.054417393339,-0.540127731150294,4.61939349215224,3.16960979166765
"cv",40,4,156.0796956665,-4.68630910819672,2.49073668747803,1.05769417854031
