"","","","","par1","par2","par3"
"cv",20,1,70.1249815814321,-0.0871940986313538,4.65420277413198,2.87884050646795
"cv",20,2,65.2881201411764,-0.101842656894053,4.93263365693518,3.15628424756749
"cv",20,3,85.468372479651,0.366419714802629,4.96801713621223,2.70864670238136
"cv",20,4,76.3826671918239,-0.11987475636288,4.93978576302757,3.09018208106459
"cv",40,1,134.418719975531,-0.715954023018999,0.498740635868724,-1.01686786942515
"cv",40,2,163.62519593709,-0.835557368065463,-0.0080029762413498,-1.5916475643462
"cv",40,3,141.069455523902,-1.91315140222339,4.60130774105744,3.07937466578048
"cv",40,4,129.706037872583,-0.542302553677777,0.636683094866065,-0.899666422950725
