"","","","","par1","par2","par3"
"cv",20,1,83.2558153750333,4.29868348717431,4.99998310727165,-0.828617964806635
"cv",20,2,83.0015791365288,-1.01360158692983,-1.1979848508191,-2.410641426258
"cv",20,3,80.8487574333862,-2.86152325752021,-1.33107214885621,-2.49199236950989
"cv",20,4,90.3175934791389,-0.831553856437356,-1.15607805681841,-2.43243542303269
"cv",40,1,147.014669569384,-0.878663576787606,-1.07649860974404,-2.37791841154494
"cv",40,2,164.669112503039,-0.705341272172818,-0.920882724657918,-2.31649802720329
"cv",40,3,129.000108824009,4.99989952198798,4.99996783240032,-0.980026095685911
"cv",40,4,145.03621753838,4.99728825011765,4.99934965461666,-1.09156783938435
