"","","","","par1","par2","par3"
"cv",20,1,90.7098591454582,4.99992307492152,4.53861923820621,-1.19766842597421
"cv",20,2,78.7584857267531,-3.84868201441024,-0.943887715271427,-1.74681788705104
"cv",20,3,84.555531637465,3.97479614946796,4.65939575866451,-0.947818819018816
"cv",20,4,100.301217791513,-0.710235617678383,-0.949945411743375,-2.16900147111941
"cv",40,1,151.899675103455,-0.749744116709806,-1.14050311563036,-2.51633938059697
"cv",40,2,142.590191953277,4.99998818394845,4.99596462801696,-1.0938450463175
"cv",40,3,164.682336425767,4.99999062319346,4.99935522665757,-1.16156859605481
"cv",40,4,129.407634913979,-3.17202474206914,-0.985063990580418,-2.32485197167721
