"","","","","par1","par2","par3"
"cv",20,1,70.528743337614,-0.378227329457581,4.66061888839325,3.10692397836768
"cv",20,2,64.1829764020496,-0.119350288655244,0.744222786771847,-0.944686590049511
"cv",20,3,72.7146205202325,0.165219401484635,4.99919034127406,3.0443538643088
"cv",20,4,88.6063054634103,-0.215867881272231,1.50322395659143,-0.259063419424726
"cv",40,1,161.424025142502,-0.366408273050661,4.66848571399836,3.09752534598006
"cv",40,2,137.871076881725,-2.93241264557816,4.98300740697535,3.20273906434713
"cv",40,3,147.598725517976,-0.437425454486958,0.87291213848653,-0.628730182208443
"cv",40,4,162.193421498785,-0.483132317491129,4.60703817075133,3.06410174627466
