"","","","","par1","par2","par3"
"cv",20,1,91.4523727585428,-2.02036210747607,-4.99999999989227,-3.07470058914325
"cv",20,2,0.0630881499169618,-3.04033534417733,-2.04565311873132,-3.22262030956705
"cv",20,3,40.0620712760048,-3.01695045974048,-2.04226259729338,-3.4112374414085
"cv",20,4,5.64271611642049,-3.34385286414645,-2.04578362972981,-3.24720268819933
"cv",40,1,167.160935783271,-4.00556306541279,-2.01964171621397,-3.36299547507797
"cv",40,2,162.119146343351,-4.98893120932384,-1.98612392920808,-3.17752714300961
"cv",40,3,129.851656859461,-3.35507255143383,-1.82818960403136,-3.07413694492978
"cv",40,4,32.6212790767739,-2.9621150496465,-1.69716109821335,-2.98209624487731
