"","","","","par1","par2","par3"
"cv",20,1,59.976671703914,-4.2802417221291,-1.04690310577661,-2.42688828753294
"cv",20,2,61.3290419794589,4.99997022347295,4.9999994179057,-1.1773078350789
"cv",20,3,63.2148909373913,4.99991488650648,4.95669767478944,-1.20284944605476
"cv",20,4,84.2113489680101,-0.743818343410337,-1.17407457855919,-2.63896806487184
"cv",40,1,157.589145941236,4.99998833215191,4.9998409289068,-1.14387544985033
"cv",40,2,128.350590890574,4.99999960614555,4.9999529095319,-1.06064547903741
"cv",40,3,126.05513870805,4.99989750089623,4.99999721059878,-1.10541212450243
"cv",40,4,132.07292093241,4.99996438319246,4.99786969361275,-1.07987937963412
