"","","","","par1","par2","par3"
"cv",20,1,94.5147088494258,4.99999893063079,4.44433126860519,-1.20872669487494
"cv",20,2,86.6252888995495,4.99997670845574,4.17729726570674,-1.44336138929185
"cv",20,3,97.5449663911527,4.9999970546473,4.54187624069061,-1.15481075022887
"cv",20,4,98.5777284735492,-1.01797892345772,-1.68918325149258,-2.39211194002404
"cv",40,1,185.974017486534,-2.33045954719663,-1.24813356040332,-2.10784581493014
"cv",40,2,175.100354962963,4.9961922499134,4.99834484314105,-0.431417533442354
"cv",40,3,190.752038215252,-3.94574340678593,-1.00433313919554,-1.94135471861552
"cv",40,4,181.045296490051,-3.27205437373599,-1.30404977296266,-2.08549925213442
