"","","","","par1","par2","par3"
"cv",20,1,60.0442494003055,4.99996574499528,4.99994850991039,-1.10344137041854
"cv",20,2,71.695392915312,4.99751654770599,3.67964973021735,-2.4793386267564
"cv",20,3,63.0265518521441,4.99999769243535,4.99999396987456,-1.10496251609561
"cv",20,4,55.2862188691672,4.9999911489849,4.99996914233247,-1.14501531880464
"cv",40,1,101.143834980274,4.99994421595493,4.99994532562946,-1.23129353730266
"cv",40,2,107.147099215206,4.99908571683301,4.98755410146313,-1.25705180159184
"cv",40,3,121.964784609238,4.9999642555304,4.99975274826325,-1.30531488659027
"cv",40,4,159.791541767035,-0.989378733469736,-1.13937381724196,-2.63427050531717
