"","","","","par1","par2","par3"
"cv",20,1,81.3371593959322,-2.54303295067673,-0.869608820994421,-2.12395414868543
"cv",20,2,86.3846663939049,-2.53202449470629,-0.527828612796305,-1.83036489809008
"cv",20,3,93.756775254557,-3.82740929592736,-1.15916576314201,-2.51972913302181
"cv",20,4,75.9484340499676,4.98981031014743,4.82898843465049,-0.838749388661456
"cv",40,1,123.576459966431,-0.371788078997443,0.789659320837612,-0.998246670629396
"cv",40,2,117.609967209285,-0.364755376523458,1.47803559999648,-0.283761182812619
"cv",40,3,124.914102356574,-0.15538184341411,4.98451190149114,2.91495947748425
"cv",40,4,123.064653618036,-0.286726260497813,1.80007714798027,-0.0258422163965653
