"","","","","par1","par2","par3"
"cv",20,1,66.1880795577853,4.99999208644552,4.99999072727871,-0.933216667683018
"cv",20,2,90.7437938328584,-0.726748870638028,-0.401750263663212,-1.82142452461873
"cv",20,3,77.3856533832444,4.99980924146397,4.99999359795088,-0.962372448570367
"cv",20,4,75.1094688449218,4.98871533819144,4.97225846032181,-1.03420800719573
"cv",40,1,161.963008689593,-0.989070418058251,-1.13185921017669,-2.37174267263494
"cv",40,2,152.403783324265,4.99989524713657,4.99978998073772,-1.10933051195473
"cv",40,3,133.040690478258,4.99981068980604,4.99998600494515,-1.08995944919607
"cv",40,4,134.911065770213,4.99953396066941,4.9999123787028,-1.07917764849864
