"","","","","par1","par2","par3"
"cv",20,1,79.8076101486093,-0.970949052127401,-1.208792829442,-2.57225241008797
"cv",20,2,66.011254017019,4.99999256581932,4.99999479439473,-1.11992730256776
"cv",20,3,76.1010530777381,4.99975410969848,4.99985109994025,-1.18903773782673
"cv",20,4,58.6234294019554,4.87983470022558,4.86098331853502,-1.12973355172904
"cv",40,1,174.42384446238,-0.662085820448018,-1.30677968246613,-2.44914466034589
"cv",40,2,162.78824017473,-0.903203384768023,-1.22135638819234,-2.31785827074236
"cv",40,3,170.206239138263,4.50175804285169,4.32045765519734,-1.34469348008817
"cv",40,4,172.615841443916,4.99937877382397,4.87486687121186,-0.814472849432666
