"","","","","par1","par2","par3"
"cv",20,1,95.0055558016598,-3.29745379243905,0.780462115541785,0.0596515448796194
"cv",20,2,91.2818211265358,-3.5360353756089,3.53813959232664,3.07892902879209
"cv",20,3,93.583852966898,-2.75341962788203,0.275753724073184,-0.378439877358804
"cv",20,4,96.4055536452599,-3.22566450927938,-1.19564764234308,-1.95413178797336
"cv",40,1,179.94766102555,0.0878138239269053,4.70346033444995,3.19127028806197
"cv",40,2,171.40505387023,0.0614791409757018,1.55989237611126,0.147837813047598
"cv",40,3,179.142206672957,0.157207279980785,4.73942497653623,3.16639387830191
"cv",40,4,179.534768894148,0.0328895410787655,2.30069988537161,0.834976400282245
