"","","","","par1","par2","par3"
"cv",20,1,71.7742947869417,4.99233665161051,4.99039019466634,-1.01088773985476
"cv",20,2,66.1244078422972,-0.517645960127307,-1.04202063792177,-2.38219883490965
"cv",20,3,82.0584948937644,4.74005721921235,4.98696311347025,-1.0816463215174
"cv",20,4,77.7715978078411,-0.827068156660938,-1.13284332524733,-2.56301490113059
"cv",40,1,140.674617485061,4.99998860279998,4.99967659043747,-1.23356923553883
"cv",40,2,128.150990254805,4.99996027928002,4.9999908916398,-1.18822313356854
"cv",40,3,169.262085211115,-1.07095945797024,-1.51838399107819,-2.84208880722166
"cv",40,4,174.434948060258,-1.0936337836851,-1.30927474106581,-2.64765058399332
