"","","","","par1","par2","par3"
"cv",20,1,58.5556548454386,-0.800564130595613,0.642782287813554,-1.1531712031562
"cv",20,2,47.8756065778903,-0.494063117173777,4.59946028795068,2.80991205328111
"cv",20,3,51.8672284936862,-0.940877746571085,0.638982766242643,-1.12667163837702
"cv",20,4,53.5480050712124,-0.803842582213794,0.21429019271484,-1.5636944886108
"cv",40,1,142.331454300209,-0.651721304442406,4.63090807406971,2.96170323174459
"cv",40,2,131.593541678856,-4.74352617806312,4.95672138044673,2.97839090493347
"cv",40,3,129.816950818738,-0.179479546529265,4.8879669982782,2.95731659145202
"cv",40,4,112.402014848706,-1.6413110271796,4.6055089514369,3.02379196094274
