"","","","","par1","par2","par3"
"cv",20,1,21.8505211804002,-0.794892304089898,-1.70537415606974,-2.53743432567761
"cv",20,2,85.9443526744294,-1.07622460345943,-2.20350285378242,-2.99533401187225
"cv",20,3,83.7077796798979,-0.776360919879405,-2.21363962529605,-2.9236386246723
"cv",20,4,100.144995813819,-1.1089133507235,-2.09210411051686,-2.99524145846451
"cv",40,1,182.170523626665,-1.08181990326955,-1.72791078451875,-2.70638943696338
"cv",40,2,134.736455331312,-2.78514600545647,-1.41474354393854,-2.53621812294167
"cv",40,3,171.23393554724,-1.99799413598714,-1.63219974849271,-2.63085503901943
"cv",40,4,139.970074225308,-2.14514794256719,-1.65290051296564,-2.62024872221179
