"","","","","par1","par2","par3"
"cv",20,1,67.3597686069548,4.99134222395752,4.97627762538011,-1.42349186073422
"cv",20,2,74.0353833377749,-1.05380184095622,-0.956877006755374,-2.4203881949651
"cv",20,3,47.7863311320066,4.491825049449,4.99973059438877,-1.25436965112118
"cv",20,4,46.3939663861987,4.99478068886402,4.99955765311288,-1.30329320626995
"cv",40,1,122.29677563386,4.99999878394731,4.96145959040933,-1.1377271113093
"cv",40,2,150.215917232827,4.99999475185534,4.86060354933755,-1.33416184203353
"cv",40,3,142.480900067766,-0.994975399060219,-1.04781114676966,-2.36560347620748
"cv",40,4,112.234554069351,4.99996353492542,4.99986938811671,-1.09009595079673
