"","","","","par1","par2","par3"
"cv",20,1,53.7238282880985,4.99879413272938,4.9997133013782,-1.27388431025255
"cv",20,2,48.0834455531107,4.99999874963439,4.99941432061538,-1.18439046699889
"cv",20,3,84.596808057395,-1.10180135253273,-1.18352449437311,-2.61629808653631
"cv",20,4,59.4978150643537,4.99998564616028,4.9999993358189,-1.28185154158073
"cv",40,1,118.719021651643,4.99999896278501,4.99989576437055,-1.32431113322173
"cv",40,2,103.21841709946,4.99995513956802,4.99999100299197,-1.32442236603184
"cv",40,3,105.116061495218,4.99830389239081,4.99434240912114,-1.3306537813553
"cv",40,4,101.822816037528,4.99918125239893,4.99895472041831,-1.30773976992961
