"","","","","par1","par2","par3"
"cv",20,1,90.2404078965888,-4.23372765233966,-2.30367344116113,-3.29953261978745
"cv",20,2,88.8725189775012,-2.55252819651807,-2.32456449169441,-3.34789657079399
"cv",20,3,3.00677493408014,-2.65163207145091,-2.18582018307863,-3.17215012578203
"cv",20,4,47.8303773870592,-2.45661979753359,-2.36368058819215,-3.35225730950881
"cv",40,1,62.0385348466498,-0.824283113772873,-1.91603125274699,-3.10292770603934
"cv",40,2,88.0353106445597,-0.703458303580106,-1.90178288337149,-3.19066006745838
"cv",40,3,134.758931167468,-0.836029377449358,-2.34966135384801,-3.20016839888377
"cv",40,4,13.8163118921847,-0.806642571278342,-1.92942147299986,-3.11785246641732
