"","","","","par1","par2","par3"
"cv",20,1,29.7593194979907,-1.37973561631709,-2.63298303361733,-3.02763208467041
"cv",20,2,82.7644069799764,-2.052593931711,-2.76834792335697,-3.20351868504332
"cv",20,3,59.7750814100026,-3.32943311604309,-2.60055368009639,-3.05519343283747
"cv",20,4,64.2989963325528,-2.2981050512618,-2.7080588978473,-3.02513216510115
"cv",40,1,98.5314101551977,-1.62497405050341,-2.13275879168931,-2.81600833409916
"cv",40,2,71.9621589576024,-0.117834132951064,-2.06799768981341,-2.85730074357035
"cv",40,3,49.1196917957795,0.309536065407415,-1.99379601185758,-2.78472275110327
"cv",40,4,91.6588517425251,-1.7273577480344,-2.20334611112906,-2.95739929135877
