"","","","","par1","par2","par3"
"cv",20,1,80.6153308920876,-4.99990469551227,3.32601679543594,2.71371958882085
"cv",20,2,69.1365924319571,-4.99989215612817,1.50385056063523,0.97950657493459
"cv",20,3,79.5647095395889,-4.99559891706015,3.76822891770685,3.16001946700343
"cv",20,4,82.4771673805279,-4.99996468667521,3.50534174781221,2.87948926372853
"cv",40,1,107.319041431144,-0.699239318618721,-1.01697580565606,-1.82982294227303
"cv",40,2,134.943843248662,-1.52103139850796,-1.11044136404656,-1.98313663779409
"cv",40,3,161.68812319074,-0.860867105871274,-0.922255110981098,-1.8562389923404
"cv",40,4,105.119922982049,-1.26771589574088,-1.10001849929272,-1.90419530727839
