"","","","","par1","par2","par3"
"cv",20,1,33.5376555271679,0.51772301867313,-2.25492122741412,-3.04369050332862
"cv",20,2,61.8848718488607,1.19436518637073,-2.77527694749046,-3.55252142151419
"cv",20,3,67.2483847057253,-4.9999978452538,-2.78767531055138,-3.65408992362251
"cv",20,4,63.6653242045648,0.98078480934544,-2.71575083306503,-3.52885953173062
"cv",40,1,88.0368632857585,-2.19642905359706,-2.13725423406981,-3.18153420698127
"cv",40,2,33.140528493094,-4.99997989109104,-2.17602736166392,-3.14904958615512
"cv",40,3,56.7760410339548,-1.43047106323483,-2.15675783293254,-3.14623816043943
"cv",40,4,46.5280686020371,-3.89843565294736,-2.19748416275908,-3.19749548026604
