"","","","","par1","par2","par3"
"cv",20,1,87.7694091485927,0.0199992797807343,-0.854169545764895,-1.77002014478942
"cv",20,2,62.7424933967764,0.129105064019875,-0.878126573959331,-1.69015492420197
"cv",20,3,53.8055822793545,-0.0938244160696632,-1.03272689305959,-1.79087491027094
"cv",20,4,62.3543524207377,0.226724873608994,-0.931265778773546,-1.73339085693938
"cv",40,1,153.541372662188,-1.88017786883979,-1.37909164821252,-2.21782268048419
"cv",40,2,139.880055926932,-2.20010851838763,-0.505704637251888,-1.29502900028152
"cv",40,3,130.309631313216,-0.971931609582378,-1.28790134879601,-2.07801719985119
"cv",40,4,118.216389109792,-0.855882803247943,-1.40592822778121,-2.1487219364499
