"","","","","par1","par2","par3"
"cv",20,1,49.8288743818626,-1.35674391996126,-1.57899193610257,-2.60356526501584
"cv",20,2,50.7679988570378,-1.25496184018664,-1.67200016092305,-2.69579223797797
"cv",20,3,56.454789675987,-4.99919384933417,3.80029922624429,2.77311156008362
"cv",20,4,41.9562072697746,-0.885419607195415,-1.6309777434036,-2.62157489842345
"cv",40,1,82.0506811881214,-4.99998195716937,1.0966089427839,0.135584931599847
"cv",40,2,109.958169954182,-4.99944071277537,0.346676564574456,-0.669250769899727
"cv",40,3,107.274446208566,-4.99915013821422,3.79779427360058,2.79154749035691
"cv",40,4,98.2108171813915,-4.99934278831187,0.50441350081794,-0.488225573838554
