"","","","","par1","par2","par3"
"cv",20,1,72.777953556253,-4.99966657721568,-1.2880667514211,-1.97953595478762
"cv",20,2,72.5719104321501,-4.99627413074776,-1.45684086971104,-2.15375669001117
"cv",20,3,67.6250610115962,-4.99910462151332,-1.47106123136769,-2.13725721139628
"cv",20,4,78.4815367183106,-4.99955968641769,-1.44079354156459,-2.16670155771252
"cv",40,1,133.019111600526,-3.34214078087356,-0.631536930681901,-1.41481350658116
"cv",40,2,125.466524243615,-4.9992563071909,-1.0870312232057,-1.86040551025247
"cv",40,3,150.064658111432,-4.99992758954703,-1.09769065034879,-1.92918032712006
"cv",40,4,122.73540456549,-4.99983549517998,-1.18524375915929,-1.94882310977885
