"","","","","par1","par2","par3"
"cv",20,1,72.4741527074459,-4.99962969860017,3.79831867763149,2.91832053874001
"cv",20,2,54.6214042230325,-4.99966773004849,3.79894324789626,2.99857274520931
"cv",20,3,63.0311742679965,-4.99966857637087,3.78892101755171,2.94725770390329
"cv",20,4,60.4832750959197,-4.99946292719968,3.57960949265668,2.75101346574303
"cv",40,1,146.361818976369,-0.559214738629816,-1.47691284924423,-2.1063567200434
"cv",40,2,151.72251472514,-0.712137573616044,-1.37196007183846,-2.02398447046679
"cv",40,3,150.919450851144,-0.808665448532907,-1.08630509560947,-1.73924616156649
"cv",40,4,153.718483635756,-1.57654392637787,-1.47180421483732,-2.12590661294939
