"","","","","par1","par2","par3"
"cv",20,1,76.596301322538,-4.99955537512479,3.68269240911317,3.10124561856855
"cv",20,2,74.4144834084793,-4.9999182706213,-1.40613223542812,-1.98842862763379
"cv",20,3,82.0775183292678,-4.998458323526,-1.48246926178471,-2.11091443398335
"cv",20,4,79.6813984806994,-4.99951431110588,-1.38778940236738,-2.00751623293685
"cv",40,1,158.408451014484,-0.193622623610829,-1.0983882554726,-1.83166652604755
"cv",40,2,144.581071991328,-0.366785783326814,-0.852869508784386,-1.53933839143838
"cv",40,3,131.112957117153,-0.142916606702716,-1.24060680650975,-1.88140695265245
"cv",40,4,154.426451251845,-0.537535889311265,-1.28688603458331,-1.99952661677937
