"","","","","par1","par2","par3"
"cv",20,1,75.6740951522109,-0.338503071062505,-0.995533871420086,-1.76791532973602
"cv",20,2,70.4550558308536,-0.574142748462549,-1.23283216114701,-1.98075870646208
"cv",20,3,66.0742245628042,-4.99986433031784,-1.36081179824948,-2.07463208728214
"cv",20,4,70.1320241390381,-0.417422569493123,-0.107875140262924,-0.848918188257281
"cv",40,1,136.651108476997,0.684486069118418,-1.27757711660583,-2.05994039982938
"cv",40,2,149.167111585462,-4.9998436838903,-1.54921473247459,-2.29853231994241
"cv",40,3,149.960285725763,0.749612286790583,-1.01074727957046,-1.82575655027772
"cv",40,4,137.487826586854,0.714087056133582,-0.816342901276064,-1.60263175867699
