"","","","","par1","par2","par3"
"cv",20,1,59.9830272809335,0.263615601987736,-0.21875387741336,-1.03152049610429
"cv",20,2,73.9560995909702,-4.99408441825792,-1.82085446518118,-2.68268904296735
"cv",20,3,74.2082350367962,-0.155067441296012,3.79541400083388,2.92558887911706
"cv",20,4,53.2467380259323,0.269469564405162,-0.740622645348759,-1.51463003916456
"cv",40,1,156.359377383285,1.17520363339729,-0.671071720107789,-1.40912036892217
"cv",40,2,152.573025779569,0.951817877028382,3.8002339916098,3.05985149340171
"cv",40,3,159.008790695782,1.11350453422564,3.80030141292849,3.04807401360076
"cv",40,4,122.643530164909,1.93149192495445,3.79857249197697,3.20918847274591
