"","","","","par1","par2","par3"
"cv",20,1,84.2770897051867,-4.99994249518966,-1.69656297654461,-2.193992785667
"cv",20,2,85.6824532795453,-4.99962009064329,3.79800018211033,3.2988276151058
"cv",20,3,74.4212501374973,-4.99981308074589,-1.5589902044098,-1.96652818103841
"cv",20,4,88.9587097986149,-4.99982309799839,-1.49943489697869,-2.03761514954698
"cv",40,1,169.152624234356,-3.35223363233296,-1.43468003475728,-2.03068665922773
"cv",40,2,158.768144848507,-4.06297335708014,-1.51567898236239,-2.06608701034973
"cv",40,3,151.172255310027,-0.423288507165413,3.62909986569919,3.09720611387687
"cv",40,4,160.3414102864,-3.43185219123594,-1.55698433573184,-2.11920525225746
