"","","","","par1","par2","par3"
"cv",20,1,61.7784543854323,-4.99969899423796,-1.35896285429687,-2.31338505327366
"cv",20,2,41.4034673640067,-4.99901411869983,3.7884311355268,2.94643909863252
"cv",20,3,50.0434919115821,-4.99995844326761,-1.30873318297513,-2.21285013825389
"cv",20,4,79.1306645018314,-4.99959681157079,-1.32217639192956,-2.34333145304495
"cv",40,1,120.786348111393,-0.997934318480753,-1.2973941523286,-2.08699132651046
"cv",40,2,142.038259057201,-0.828255687747597,-1.22192591934985,-2.07088359917577
"cv",40,3,118.44875043999,-1.54923244998277,-0.98044290780744,-1.76573707764385
"cv",40,4,142.288173477493,-2.37786294632394,-1.31670660668467,-2.15691276246584
