"","","","","par1","par2","par3"
"cv",20,1,64.5850888303096,0.936923141397513,3.79868459771292,3.1809635548947
"cv",20,2,72.0831190541136,1.30294214405832,-1.91711260116254,-2.53950386550363
"cv",20,3,90.0658433905702,2.92320612228105,4.61453714774103,3.04856966872097
"cv",20,4,82.9187760457784,-4.99997473946264,-1.79872186665094,-2.50033976932716
"cv",40,1,176.036091199053,-0.953600481630353,-1.47525632330762,-2.20423635202065
"cv",40,2,148.611803214494,-0.815217420454929,-1.57992750081718,-2.20690170804473
"cv",40,3,146.212221722624,-1.2192828742991,-1.55491338979001,-2.18912793877442
"cv",40,4,133.315453496432,-0.882752057443277,-1.50556921370256,-2.09891772074342
