"","","","","par1","par2","par3"
"cv",20,1,49.4922906620986,-4.99999095113768,-1.55682000318839,-2.50725929110413
"cv",20,2,56.9294684142884,-4.99999029832884,-1.48131773289457,-2.46991327975881
"cv",20,3,53.0817395856192,-4.99271769351031,-0.20120487530044,-1.14457107634006
"cv",20,4,59.1444947804878,-4.99989183418123,-1.50125759195587,-2.50170292322774
"cv",40,1,115.192181786927,-2.35145068059002,-0.705838557877114,-1.58613239991367
"cv",40,2,126.33325861773,-4.99996711051526,-1.21529143182403,-2.12779431773786
"cv",40,3,115.143850407306,-1.78893366887306,-1.29089551938756,-2.17940801374404
"cv",40,4,119.454599081009,-1.25715372980276,-1.06345201606237,-1.95568777738845
