"","","","","par1","par2","par3"
"cv",20,1,66.8207577345983,-4.99991168207313,0.121726909547657,-0.896156515062622
"cv",20,2,45.0357914904869,-4.92540912181053,0.323677548620915,-0.608791858385028
"cv",20,3,45.5826291494647,-4.99924485856276,3.79489028712441,2.8642961253002
"cv",20,4,56.3526497358774,-4.999700642373,0.534575763717292,-0.442500216571864
"cv",40,1,116.052726998582,-4.99800103719893,-1.45286275456905,-2.36533620411707
"cv",40,2,128.375157197748,-4.99858623949086,-1.3358475149531,-2.27758566457026
"cv",40,3,107.491909654013,-4.9999546522282,-1.41384870614407,-2.31426205679251
"cv",40,4,104.724673181109,-4.9998221667618,-1.39714941261137,-2.2875471217572
