"","","","","par1","par2","par3"
"cv",20,1,86.6706814601331,-4.9956389695969,-1.86277190020131,-2.59433173870334
"cv",20,2,71.0567145297658,-4.99976825128759,1.02787296306951,0.426451077404251
"cv",20,3,81.1429932813952,-4.99927573629019,-1.85842364962711,-2.56154949154358
"cv",20,4,66.4066929028121,-4.99781271484888,-1.88051192374608,-2.49036278313617
"cv",40,1,139.998770186612,-4.99945035122793,-1.49588026272318,-2.25361538313268
"cv",40,2,129.138841810783,-4.99968849472161,-1.52649949342875,-2.25104213807062
"cv",40,3,148.061911514253,-4.99959774280947,-1.63603767340817,-2.39953970025964
"cv",40,4,135.1447018857,-4.99985748671347,-1.59489871491211,-2.3283333750461
