"","","","","par1","par2","par3"
"cv",20,1,31.6425913202783,0.0387883047162797,-2.11436398589228,-2.59459109459084
"cv",20,2,58.297967118554,0.645742724558671,-2.07781569491885,-2.65514610722302
"cv",20,3,101.371273235411,0.0795843198071546,-1.94997994064559,-2.78431622227906
"cv",20,4,35.6813730995799,-1.00830909362928,-2.21915397284773,-2.71729199549559
"cv",40,1,95.962680065233,0.695893002410763,-2.54386264312404,-3.02680337414284
"cv",40,2,52.5174197225201,0.181703956265376,-2.37505917751874,-2.85585713329701
"cv",40,3,121.283930780608,-4.99999993089037,-2.45092885814855,-3.06179612977722
"cv",40,4,143.954540850163,0.459574469477533,-2.4186136252425,-2.94155504554624
