"","","","","par1","par2","par3"
"cv",20,1,93.617976353492,0.0952968751728875,-1.55454648082984,-2.1815952474018
"cv",20,2,86.201681434384,0.375234766091163,-1.78297774014096,-2.30237878318968
"cv",20,3,70.0437238146903,-0.108411103478703,-1.71137134773093,-2.1304566003022
"cv",20,4,74.2567582169984,0.485721392568649,-1.75599882848326,-2.18606184629609
"cv",40,1,141.25314564715,-4.99999118248563,-2.05405860663195,-2.46991759484196
"cv",40,2,143.608658079367,0.422585467962533,-2.11692608633476,-2.4703002396375
"cv",40,3,158.930759584552,0.197642575793469,-1.96773671049346,-2.41990530963956
"cv",40,4,173.240696496888,0.131934672161315,-2.03221774164117,-2.45305845183051
