"","","","","par1","par2","par3"
"cv",20,1,57.4746885049557,-4.99999987920343,-1.66697331997024,-2.66687475868513
"cv",20,2,52.2892310569522,-4.99999733736466,-1.69381121335427,-2.64722474465073
"cv",20,3,32.5927073691741,-4.99840472680478,-1.60416933691491,-2.5221402451933
"cv",20,4,62.0626675407573,-4.99999847645515,-1.65473291428262,-2.6747701761755
"cv",40,1,124.962064805929,-4.99989976125316,-1.52418738109412,-2.35195443482283
"cv",40,2,117.21096466767,-4.99992250321256,-1.50210119602654,-2.32189441961847
"cv",40,3,113.207236595186,-4.99994641615893,-1.19375549210314,-1.9895435472572
"cv",40,4,159.136156862442,-4.99994983432796,-1.48963792108526,-2.39920472655706
