"","","","","par1","par2","par3"
"cv",20,1,42.8095324310114,-4.99933479385984,3.79549029116648,2.75511525037619
"cv",20,2,49.6271216780296,-0.346402928829401,-1.20817316166205,-2.33833147518983
"cv",20,3,49.4284408168386,-0.276107290287861,-1.28906236825512,-2.41945183065026
"cv",20,4,40.9588236130861,-0.199216771591766,-1.16141728481283,-2.26466620541091
"cv",40,1,126.14338396632,-0.33587312832921,-0.776970724087452,-1.69500186170679
"cv",40,2,119.359317612871,-4.99940718099469,-1.31408096647315,-2.21581657692821
"cv",40,3,112.01741066522,-0.242013477910193,-0.81925764513165,-1.70855236798756
"cv",40,4,114.168718070924,-0.214942398139542,-0.216320530138278,-1.11503861059278
