"","","","","par1","par2","par3"
"cv",20,1,74.7754634234472,1.38588664774415,0.0620577512967096,-2.50450123602243
"cv",20,2,58.6708636225315,1.04807509083137,-0.126609363271696,-2.38787520881463
"cv",20,3,96.8338484431762,1.06261480673106,-0.293441353724336,-2.6498460127971
"cv",20,4,81.891549791573,1.15298213414551,-0.282413280063627,-2.5757342596117
"cv",40,1,170.399499669639,0.405928963945522,0.00642655717384927,-2.04214753295321
"cv",40,2,166.868587135928,0.541059489479206,0.159176378907567,-2.01468741863372
"cv",40,3,158.053375612866,0.531835805586211,0.195466480958414,-1.92383774855302
"cv",40,4,161.657123442277,0.45763760345294,0.138665757249624,-1.95096952660639
