"","","","","par1","par2","par3"
"cv",20,1,87.1580106574249,-0.606866735475307,-1.14522765946772,-2.69081319562962
"cv",20,2,66.3974273241158,-0.518476651063439,-0.346415807983113,-1.80181744948875
"cv",20,3,81.7450788438343,-0.543485060807507,-1.14777155627231,-2.63707048571606
"cv",20,4,65.3698416231864,-0.666581379355472,-1.14958493136176,-2.5512954245712
"cv",40,1,135.410396235513,-0.299356533376791,-0.707488372047878,-2.38675883333019
"cv",40,2,123.535512046008,-0.347983438181073,-0.770500088966372,-2.40785160298096
"cv",40,3,141.202432156223,-0.382891792225327,-0.883720786203484,-2.51485673246808
"cv",40,4,130.982067102508,-0.347266013598333,-0.8041665467708,-2.45167970060015
