"","","","","par1","par2","par3"
"cv",20,1,86.8772466625704,-0.0549975170255,1.13367443645513,-0.425488680789586
"cv",20,2,84.6595483944724,-0.175614954620644,0.28764906176042,-1.14859537007576
"cv",20,3,76.3658798277727,0.25164583887302,0.734763025530366,-0.900392996958977
"cv",20,4,92.6569096867972,-0.146273066554168,1.69753162683799,0.158654379863169
"cv",40,1,153.060901688463,-0.283889192442827,-0.37116476179058,-1.93724381472288
"cv",40,2,151.343754287181,-0.174619015573617,-0.11075822316379,-1.74428497131429
"cv",40,3,156.434075776442,-0.141296221452179,-0.309708393584566,-1.94520031415459
"cv",40,4,146.330881330344,-0.23935303372175,-0.406472610346778,-1.97015246159613
