"","","","","par1","par2","par3"
"cv",20,1,81.4214733206495,0.290398826719581,-0.342947004326001,-2.00572629290241
"cv",20,2,98.2073569572555,0.267900530299635,-0.562078821443155,-2.29650125381473
"cv",20,3,81.6340986293216,0.103497349059835,-1.21430741459351,-2.36484944083495
"cv",20,4,86.5395179116972,0.10769737478129,-0.845404270498019,-2.20970670140545
"cv",40,1,114.498305878462,-0.435261582959584,-1.17023661401377,-2.79359530618418
"cv",40,2,121.88552948713,-0.307075664811028,-1.20079803972806,-2.83441106472088
"cv",40,3,87.3044362425217,-0.443363521905375,-1.09896185621899,-2.7626246381292
"cv",40,4,128.169734782997,-0.502562397284137,-1.15823944636213,-2.83004566978419
