"","","","","par1","par2","par3"
"cv",20,1,91.4257247453357,0.397884992462162,-1.05989257923512,-2.59329034266126
"cv",20,2,89.5224650908396,2.37814896723987,0.880956402841308,-2.63402852340004
"cv",20,3,63.4589040214363,0.359812238474079,-1.17776477316705,-2.4303807787586
"cv",20,4,68.515950356561,0.231865061414125,-1.35450109342096,-2.5196994098994
"cv",40,1,135.554825991201,0.0348518451695912,-1.19213433580905,-2.56791863790557
"cv",40,2,129.750464299697,0.0772365614474363,-1.49051449124267,-2.63937155700115
"cv",40,3,149.385333753648,0.171034271417596,-1.33834258033402,-2.59544340429293
"cv",40,4,165.744335240365,0.138006575771374,-1.3790786506924,-2.61157218624863
