"","","","","par1","par2","par3"
"cv",20,1,79.5551530566163,0.305454979785936,-0.399207062452939,-2.23946423736787
"cv",20,2,79.1661175186011,0.450890292503885,-0.350582239868445,-2.27638433377367
"cv",20,3,72.4355411124493,0.373212621315467,-0.379709575676471,-2.22192108311995
"cv",20,4,83.8142029710835,0.378979998705528,-0.374111842520018,-2.22226369419265
"cv",40,1,146.01669492736,-0.342544156414965,-0.77440172698868,-2.39890589358241
"cv",40,2,144.075415391261,-0.350450199599889,-0.633582221699552,-2.24792621019345
"cv",40,3,128.473325380451,-0.351020616042847,-0.738971307682445,-2.34244089645731
"cv",40,4,141.074087545161,-0.31117898495263,-0.766918116659761,-2.36736329999639
