"","","","","par1","par2","par3"
"cv",20,1,80.5752086865134,-0.260762159246994,-0.404588270153407,-2.00520197571332
"cv",20,2,68.8899372248382,0.0344931180238433,0.397973199288133,-1.32405636519974
"cv",20,3,78.3195006669263,-0.287335656919933,-0.287470610828021,-1.87314471315736
"cv",20,4,81.9338505304245,-0.257372042222021,-0.350566842490034,-1.95815412488497
"cv",40,1,100.985862954966,-0.42062110424905,-0.649472545233943,-2.29934336242646
"cv",40,2,131.720580992758,-0.313313465803853,-0.518348955515198,-2.27047866119513
"cv",40,3,155.62060287698,-0.331347295139108,-0.455032714225811,-2.24656094883018
"cv",40,4,103.178286376275,-0.226564530577876,-0.438622396345094,-2.20379253696826
