"","","","","par1","par2","par3"
"cv",20,1,55.8720502972767,-0.204656903010126,-0.127510381769214,-2.01646621998209
"cv",20,2,58.1314726191256,-0.324327312952535,-0.520258788428437,-2.34891123410233
"cv",20,3,62.614997927333,-0.394888172753624,-0.498100359541767,-2.30352045741375
"cv",20,4,69.7264138564747,-0.483080918944863,-0.501679315399853,-2.27723067736776
"cv",40,1,101.562257160527,-0.536966017400433,-0.496808892751981,-2.26620706486731
"cv",40,2,140.727342085359,-0.498442929821234,-0.403238398572548,-2.26858331949523
"cv",40,3,88.5087866249009,-0.455761254552366,-0.473553090553116,-2.22950508640851
"cv",40,4,120.834527308335,-0.51641210758239,-0.538863664988646,-2.34621619462626
