"","","","","par1","par2","par3"
"cv",20,1,85.290521608773,0.949323210714184,-1.34708128486766,-2.65945954763468
"cv",20,2,90.3395692061697,0.989107043335824,-0.647860972946864,-2.53748082663177
"cv",20,3,42.9110431818015,1.0506565758551,-1.01107980178395,-2.47596818534481
"cv",20,4,71.6240620823028,0.951128277684002,-1.20101513469857,-2.53128439148037
"cv",40,1,159.450615367656,0.926402580451698,-0.493246589307278,-2.77942379947224
"cv",40,2,69.3965241205892,0.6612166068064,-0.904790843865113,-2.72389811984407
"cv",40,3,145.625301331755,0.69810710498485,-0.918314029640267,-2.76200205635268
"cv",40,4,142.505211378174,0.485750868333103,-1.08477019455282,-2.78345537000719
