"","","","","par1","par2","par3"
"cv",20,1,64.1243627393272,0.358532267948142,-0.598225316282918,-2.3650785270808
"cv",20,2,91.7077633012226,0.31018515904316,-0.800039878404333,-2.57144544971754
"cv",20,3,75.5465619211811,0.230173564825674,-1.05757188887218,-2.53809022039046
"cv",20,4,67.7516899868202,0.304915651751076,-1.04409292745787,-2.62141640458375
"cv",40,1,128.260039073151,-0.0367905755643001,-0.40857283372656,-2.1893988992386
"cv",40,2,132.089366477492,-0.0593584731880557,-0.550612317713265,-2.31528515956313
"cv",40,3,156.806030799278,0.101450973982017,-0.155712677149687,-2.09859845223305
"cv",40,4,136.510157335973,0.0701578600294473,-0.110253213795388,-2.02694138238411
