"","","","","par1","par2","par3"
"cv",20,1,76.0467540933994,-0.0669803267535902,-0.352191672290348,-2.17592089250688
"cv",20,2,67.0119903738723,-0.439344729390713,-0.74206908662959,-2.33535325791574
"cv",20,3,68.5529525601879,0.257080081981234,0.228081443966924,-1.84709911367944
"cv",20,4,69.1228852189996,0.127726548993708,0.160026560611926,-1.86149090459464
"cv",40,1,138.257141612228,-0.874913758711208,-1.33820438464165,-2.89923975463064
"cv",40,2,152.833631428958,-0.511882906773073,-0.587916237744438,-2.22008696618734
"cv",40,3,144.732503751319,-0.79900534399265,-1.10306691954438,-2.6906849800371
"cv",40,4,133.551194464119,-0.763213026615253,-1.04485485400271,-2.61160906709165
