"","","","","par1","par2","par3"
"cv",20,1,62.0638716203821,-0.352850944299201,-1.02772584145476,-2.63537897852921
"cv",20,2,74.1289025082517,-0.348793831237391,-1.0977994827431,-2.75516121991759
"cv",20,3,70.4985548073779,-0.339667082080249,-1.10523836105913,-2.78827468625168
"cv",20,4,62.2112681356265,-0.382638569631019,-1.16128027304773,-2.73445201228145
"cv",40,1,114.874827984522,-0.676513351195009,-0.655158910004277,-2.18128726254993
"cv",40,2,154.114001046626,-0.510021749772513,-0.787181781425001,-2.44217292606969
"cv",40,3,138.832357046895,-0.683050128412269,-0.748987628371624,-2.32897966426569
"cv",40,4,141.852225151783,-0.417235409653212,-0.686670050164163,-2.34646843724882
