"","","","","par1","par2","par3"
"cv",20,1,78.6279818648306,-0.0955295921520962,-0.998042892192189,-2.51343464122456
"cv",20,2,79.2645181176593,0.29721030401109,-0.41234750232898,-2.25610603345716
"cv",20,3,75.8863655043557,0.592047965994369,-0.384880377985021,-2.28646596360566
"cv",20,4,87.9020506229468,0.296288914455356,-0.357811794965448,-2.23164066449045
"cv",40,1,161.302865492846,0.0617798516687176,-0.394924966443248,-2.19337957445944
"cv",40,2,156.03869247889,0.162165643678455,-0.309220703151924,-2.21521569088819
"cv",40,3,139.147711820605,0.0695603930792663,-0.296687112917013,-2.05664702631961
"cv",40,4,152.965071991289,0.12928326664802,-0.394305326091883,-2.22735999879937
