"","","","","par1","par2","par3"
"cv",20,1,81.9360068077534,0.435548413125549,-1.15941341793005,-2.77471624544177
"cv",20,2,53.3841698640239,0.616922751768975,-0.94066917303795,-2.66005320869889
"cv",20,3,87.6975727515123,0.542425616195765,-1.12600938004313,-2.73560237998101
"cv",20,4,70.7267103559645,0.578824537150595,-1.29225272414633,-2.63660823832815
"cv",40,1,188.753391699951,-0.450251008721878,-1.06197097591888,-2.6977793976677
"cv",40,2,127.214402699814,-0.261665733525601,-1.27838270005994,-2.71102933320719
"cv",40,3,110.767049611906,-0.41496159897721,-1.15219919850746,-2.65146531383857
"cv",40,4,154.514054909061,-0.294713461237392,-1.23306550810615,-2.72828965792883
