"","","","","par1","par2","par3"
"cv",20,1,57.9283340429267,-0.179268727484686,-0.803073247208878,-2.52948187929261
"cv",20,2,67.2093582465226,0.10066691818383,-0.757346217000237,-2.55682979364298
"cv",20,3,67.1625357640981,-0.020959605948661,-0.805289364100644,-2.61040099083131
"cv",20,4,67.0560846167658,-0.165485211807938,-0.844893919763816,-2.61065797787631
"cv",40,1,127.109678263528,-0.422622557170884,-0.682075378449369,-2.42650347105744
"cv",40,2,125.663348324098,-0.351329176298456,-0.788451248907591,-2.56848376848191
"cv",40,3,115.192482591497,-0.424454843492166,-0.770314165418954,-2.5161647746873
"cv",40,4,111.073421804359,-0.546407582083143,-0.813985895139354,-2.50761730678117
