"","","","","par1","par2","par3"
"cv",20,1,60.5136527152151,-0.00922214427871373,-0.832456291531345,-2.60649143634723
"cv",20,2,61.274549538486,-0.0657628233290699,-0.842288019770771,-2.62981259699605
"cv",20,3,68.522085898502,-0.0375437158179792,-0.866212491383659,-2.6261730596178
"cv",20,4,45.9030796708975,-0.106921928627578,-0.98686120998146,-2.62707813900554
"cv",40,1,112.153169547413,-0.140544107850521,-0.487329367464231,-2.28862977940293
"cv",40,2,145.138988645874,-0.0457319715096344,-0.538502402310302,-2.47282407810424
"cv",40,3,97.9434624069188,-0.192096194824046,-0.760563155107747,-2.43253829530341
"cv",40,4,150.768927309025,-0.159903500234023,-0.683806326890405,-2.47475873058901
