"","","","","par1","par2","par3"
"cv",20,1,62.0414973414334,-0.410260946699166,-1.02793093841964,-2.7932329211366
"cv",20,2,70.6171716281298,-0.624174423433227,-1.027242622452,-2.73550608659808
"cv",20,3,72.599403309339,-0.336780899596683,-0.434931858424414,-2.26011299946001
"cv",20,4,50.8039414218571,-0.524014837639743,-1.04662567654854,-2.71010380725555
"cv",40,1,166.399442845081,-0.886475610763264,-1.06598394635501,-2.50593151072004
"cv",40,2,170.050089687469,-0.785851038265657,-0.886697931713133,-2.35250304111853
"cv",40,3,172.421578635707,-0.783777535284389,-1.00079594150839,-2.45550354189035
"cv",40,4,126.148062628633,-4.5432407217746,-1.36537813376299,-2.62104169705386
