"","","","","par1","par2","par3"
"cv",20,1,62.0990909540008,-0.259253556258296,-0.618069941456416,-2.57923257178748
"cv",20,2,60.496481869793,-0.308781607885308,-0.504980619600191,-2.4036209800141
"cv",20,3,44.973353898521,-0.332499825100082,-0.368552687051834,-2.2420352197
"cv",20,4,50.1253473497343,-0.25707910326563,-0.416785440405956,-2.33387208970333
"cv",40,1,124.739972712942,-2.97951955579551,-0.659716441079244,-2.34171229181027
"cv",40,2,107.215357877074,-2.99793303614912,-0.528464876373312,-2.18162385077006
"cv",40,3,136.75165969899,-4.3336190048621,-0.608678922150937,-2.32211781465356
"cv",40,4,122.618738036176,-0.883631091242949,-0.845392259460018,-2.53305315364013
