"","","","","par1","par2","par3"
"cv",20,1,83.3791628300927,0.0707622286268776,0.117306500356234,-1.43450082441894
"cv",20,2,86.0412742918469,0.295166540597323,0.0361678430542331,-1.68163130806349
"cv",20,3,83.5830455621205,0.281577773854964,0.420134017635939,-1.30818702295491
"cv",20,4,87.7303923715821,0.291969440164357,0.0900889312048238,-1.69573718613416
"cv",40,1,171.691646748936,-0.0815668506657707,-0.542621549219997,-2.09406715587028
"cv",40,2,172.743129273459,-0.0260052050485057,-0.432652151167766,-2.01297761992531
"cv",40,3,164.388392443861,-0.0322585049265478,-0.514112293267134,-2.04005915072572
"cv",40,4,141.339519352654,-0.174778073877035,-0.785817304120002,-2.12730203401957
