"","","","","par1","par2","par3"
"cv",20,1,81.8008357857673,0.387987448513519,-1.3293430609833,-2.93428198341867
"cv",20,2,60.133811867065,0.728263248254611,-0.738504758865922,-2.64683993654416
"cv",20,3,67.7181680598154,0.899565793640332,-1.36626482200667,-2.72377819336189
"cv",20,4,83.1315256102794,1.23877453437176,-0.12411243840223,-2.79608128622578
"cv",40,1,162.501778013576,0.11706432472657,-0.575865609185057,-2.18760269916212
"cv",40,2,151.356897888339,0.0391481347763578,-0.806537642592384,-2.27049640916439
"cv",40,3,156.972765314466,0.156229359162981,-0.60931177937584,-2.23308472763749
"cv",40,4,164.481183144184,-0.0546652548913869,-0.796507826058814,-2.28061363640514
