"","","","","par1","par2","par3"
"cv",20,1,38.5245159608857,-0.350882207850311,-1.22592322637421,-2.98393915553183
"cv",20,2,64.0571105909497,-0.471081939128222,-1.35860933683426,-3.11028031818691
"cv",20,3,44.5066585758845,-0.397966891426024,-1.44789368174651,-3.22580970895423
"cv",20,4,61.3857629326114,-0.310427709482747,-1.48275833334222,-3.09036865038403
"cv",40,1,117.5361355945,-0.53540710365477,-1.36460357388715,-2.85072038797836
"cv",40,2,95.3316258551142,-0.488273466272492,-1.40013719297874,-2.85404794207952
"cv",40,3,95.8821370886743,-0.522105921645702,-1.55603221104239,-2.91287145802153
"cv",40,4,127.570202837986,-0.577276235366069,-1.45939177900144,-2.8445487201089
