"","","","","par1","par2","par3"
"cv",20,1,61.108236962341,-0.771834212229021,-1.702080637002,-3.00207807992088
"cv",20,2,65.6232649212865,-0.559829737644951,-1.64316762486029,-2.93951320636969
"cv",20,3,81.1647934126591,-0.491216462165862,-1.79465096399336,-2.97920570606789
"cv",20,4,72.1430723518924,-0.630237324574329,-1.59072397987227,-2.89457316365051
"cv",40,1,39.8753161060936,0.282739065131351,-2.93512354826003,-3.44568932244209
"cv",40,2,64.3083983458479,0.278012338044163,-2.6955553365234,-3.46917523312791
"cv",40,3,33.2485784560362,0.260579306074538,-2.56876449679149,-3.37446040176861
"cv",40,4,101.829702650166,0.16967437121439,-2.09987394769191,-3.43767740263452
