"","","","","par1","par2","par3"
"cv",20,1,67.9395585481129,0.0815899566372554,-0.431701274695282,-2.47398267559797
"cv",20,2,76.9741579071097,0.0773324316338806,-0.0766799953644879,-2.17134593686952
"cv",20,3,57.6852455534382,-0.0540879436093017,-0.596053964074035,-2.45361900033934
"cv",20,4,52.4780723201312,-0.168055612889224,-0.875783054113121,-2.71116807064555
"cv",40,1,120.893054105288,-0.209006662246889,-0.493156856868515,-2.25609070387778
"cv",40,2,115.734811991299,-0.206177763419092,-0.328272781395724,-2.12003336659307
"cv",40,3,140.730797641246,-0.343656901467852,-0.455239742200894,-2.21874841497322
"cv",40,4,132.033046607891,-0.29183026328993,-0.411372213904196,-2.22259865229211
