"","","","","par1","par2"
"cv",20,1,95.9158098874614,4.99999999754749,4.99999999943136
"cv",20,2,95.9158097947179,4.99999999946775,4.99999999982559
"cv",20,3,95.9158099397241,4.9999999997113,4.99999999534585
"cv",20,4,148.984843422124,-1.71135160686946,-4.91029388783774
"cv",40,1,187.047811206291,-0.314207125471815,-0.681566865731935
"cv",40,2,187.973252571332,-0.641152640609092,-0.749876171681543
"cv",40,3,197.683410565182,0.576023352279453,-1.94705707564927
"cv",40,4,188.449791861499,-0.734391076484068,-0.786813828644415
