"","","","","par1","par2"
"cv",20,1,95.9158095014753,4.99999999926641,4.99999999996818
"cv",20,2,95.9158106101743,4.99999999997458,4.99999999929866
"cv",20,3,95.915834280868,4.99999999976231,4.99999999909709
"cv",20,4,95.915871455547,4.99999999849271,4.99999999933585
"cv",40,1,191.831617577865,4.99999999677548,4.99999999397333
"cv",40,2,191.831622358106,4.99999999985328,4.99999999844056
"cv",40,3,191.831617294321,4.99999999999026,4.99999999940385
"cv",40,4,239.643993171495,-0.331569387290009,-0.814076962339464
