"","","","","par1","par2"
"cv",20,1,95.9158119126063,4.99999999931761,4.99999998908594
"cv",20,2,95.9158112731464,4.99999999538771,4.99999999831526
"cv",20,3,95.9158126230681,4.99999999851409,4.9999999928115
"cv",20,4,95.915810031335,4.99999999801543,4.99999999506146
"cv",40,1,191.556898774533,3.75080602507796,-4.99995345840095
"cv",40,2,191.512637989371,3.94892723442476,-4.99999999954465
"cv",40,3,193.488341383411,3.24400390052804,-4.99999972438094
"cv",40,4,191.560354372662,3.73458096583375,-4.99999999855042
