"","","","","par1","par2"
"cv",20,1,94.0730124257147,-0.371988786725106,-4.36922046230078
"cv",20,2,94.0730124257147,-3.68300359436346,-4.39572577005692
"cv",20,3,94.0730124257148,-4.45524585983298,-3.82717368471972
"cv",20,4,94.0730124257147,-2.231432553648,-4.44759931576615
"cv",40,1,184.139263695584,-0.303368728412474,-4.7859587070664
"cv",40,2,184.139263695584,-4.56397328119809,-4.33386143471364
"cv",40,3,184.139263695584,-0.90412603990383,-4.80846651470989
"cv",40,4,184.139263695584,-1.40168378970462,-4.33531671691616
