"","","","","par1","par2"
"cv",20,1,94.0730124257147,-3.77537447411071,-4.19904199951293
"cv",20,2,94.0730124257147,-2.44720128597692,-3.87238081796402
"cv",20,3,94.0730124257147,-1.5176342218864,-4.18633342554334
"cv",20,4,94.0730124257147,-2.1690370085952,-4.84680480724051
"cv",40,1,184.964681075437,-4.99999999998168,-1.2088918894807
"cv",40,2,184.950645747152,-4.99999999996978,-1.21139423382625
"cv",40,3,198.363946223588,-1.43626178873006,-4.90214630942809
"cv",40,4,184.867694135344,-4.99999999998967,-1.21762268872816
