"","","","","par1","par2"
"cv",20,1,94.0730124257147,-1.14881328488687,-4.93729963628948
"cv",20,2,94.0730124257147,-0.936259501053484,-4.49924264618271
"cv",20,3,94.0730124257147,-3.79798964159679,-4.41327667236757
"cv",20,4,94.0730124257147,-4.91020749227783,-4.66273658452302
"cv",40,1,184.717380604469,-4.99999999998847,-1.29481505866812
"cv",40,2,185.279166040412,2.3799573273092,-4.99553585025841
"cv",40,3,188.051227633543,-4.99999999998098,-1.55920288012092
"cv",40,4,187.821512560948,0.307817918487942,-2.13525413546951
