"","","","","par1","par2"
"cv",20,1,94.7869510863134,2.79660303995464,-4.99999916823539
"cv",20,2,96.7795136028878,2.46618702563995,-4.99999996220098
"cv",20,3,96.0811563240711,-4.99999999999345,-0.927630047228729
"cv",20,4,94.6543418559004,-4.99999999991897,-0.429531983832474
"cv",40,1,189.028914493929,0.0807549161691132,-0.917209863074276
"cv",40,2,188.897544767841,0.389480167599941,-1.09309142612511
"cv",40,3,197.457038717629,0.997470689760705,-2.35600189805046
"cv",40,4,187.571274470636,0.506747135748249,-0.978808327617244
