"","","","","par1","par2"
"cv",20,1,94.0730124257147,-0.635417117532793,-4.7597972031121
"cv",20,2,94.0730124257147,0.0704869592781801,-4.97571367194348
"cv",20,3,94.0730124257147,-1.83318839840802,-4.58382737427805
"cv",20,4,94.0730124257147,-3.76717360131729,-4.14747965966644
"cv",40,1,184.504310252471,-4.99999940727373,-1.55882511251831
"cv",40,2,184.424160548749,-4.99999999820451,-1.57305977218386
"cv",40,3,191.257740005882,-2.59963363263628,-4.47277352293908
"cv",40,4,184.441387363266,-4.99999999916908,-1.57002846345155
