"","","","","par1","par2"
"cv",20,1,94.4971988613434,-4.99999999998668,-0.797820003433326
"cv",20,2,94.41483695631,-4.99999999976553,-0.811698531967213
"cv",20,3,100.970817373844,-0.766642211929335,-4.63411163984397
"cv",20,4,94.4891175469886,-4.9999999999938,-0.799190162682269
"cv",40,1,184.139263695584,0.175929574845864,-4.87314748017108
"cv",40,2,184.139263695584,-1.33793052290032,-4.21347306096817
"cv",40,3,184.139263695584,-4.12653571615284,-4.77738212759534
"cv",40,4,184.139263695584,-2.53874024982812,-4.15304277119169
