"","","","","par1","par2"
"cv",20,1,94.0730124257147,-0.844531194002778,-4.47921435311281
"cv",20,2,94.0730124257147,-1.47637559586808,-4.13376224898785
"cv",20,3,94.0730124257147,-4.3564650023665,-3.90062145057134
"cv",20,4,94.0730124257147,-1.35529289925161,-4.07123104681281
"cv",40,1,185.653802162827,2.56034635825664,-4.99996920674659
"cv",40,2,185.745729327464,2.56135992850793,-4.99999999290941
"cv",40,3,194.503599061395,-4.99999999994364,-1.47572227264531
"cv",40,4,187.45724002412,2.44365923400513,-4.99989819617534
