"","","","","par1","par2"
"cv",20,1,111.921159480878,2.43458845788753,-4.99999999238593
"cv",20,2,95.9158097316541,4.99999999913669,4.99999999268729
"cv",20,3,95.9158097089854,4.99999999819725,4.99999999903067
"cv",20,4,95.9158102041195,4.99999998413728,4.9999999806132
"cv",40,1,191.83161676749,4.999999997738,4.99999999950783
"cv",40,2,191.831630426164,4.99999999793071,4.99999999186552
"cv",40,3,200.507919094615,-1.05842534448425,0.168730251684966
"cv",40,4,191.831624714738,4.99999999838514,4.99999999962986
