"","","","","par1","par2"
"cv",20,1,99.1060796790435,0.0368766971214682,-1.22156290858833
"cv",20,2,95.4801425517779,3.34954652159054,-4.99999999978265
"cv",20,3,95.6750914273298,3.07774833567321,-4.99999907030474
"cv",20,4,95.4262276421577,3.44803878067321,-4.99999998474834
"cv",40,1,187.072637517671,-0.889014317527053,-1.06058832020099
"cv",40,2,189.780667903916,-0.843028132754285,-1.22517398171627
"cv",40,3,187.389143416606,-0.645271136187015,-1.07926573819462
"cv",40,4,188.419508458557,2.46721686791427,-4.99999999985821
