"","","","","par1","par2"
"cv",20,1,95.9158098578582,4.99999999987637,4.9999999986803
"cv",20,2,95.9158097096922,4.9999999999257,4.99999999863302
"cv",20,3,95.915809557259,4.9999999994207,4.99999999942274
"cv",20,4,162.618866104043,-2.65420780823929,-4.30377563086789
"cv",40,1,191.831619010478,4.99999999995045,4.99999999985064
"cv",40,2,191.831617741179,4.99999999947285,4.99999999780146
"cv",40,3,191.831617611023,4.99999999978905,4.99999999957235
"cv",40,4,230.70978387491,-4.99999999997864,-0.781214664880323
