"","","","","par1","par2"
"cv",20,1,94.0730124257147,-3.39941572166573,-4.11234265857556
"cv",20,2,94.0730124257147,-1.89806348196702,-4.05298650627567
"cv",20,3,94.0730124257147,-2.06725494920118,-4.43605474196374
"cv",20,4,94.0730124257147,-1.9479214688181,-4.06095341223573
"cv",40,1,184.367467452086,2.21916366722145,-4.99999999988659
"cv",40,2,191.257740005882,-3.11290736772684,-4.54640478570377
"cv",40,3,184.381623243437,2.22175802504047,-4.99999998327436
"cv",40,4,184.427893641535,2.2276542943708,-4.99999999195079
