"","","","","par1","par2"
"cv",20,1,95.9158116194945,4.99999999695033,4.99999999789282
"cv",20,2,95.9158115207674,4.99999999700346,4.99999999654124
"cv",20,3,95.9158117860863,4.99999999878867,4.99999999643503
"cv",20,4,95.9158116468716,4.999999986678,4.99999999869534
"cv",40,1,191.831624551853,4.99999997890254,4.999999999748
"cv",40,2,191.831624784813,4.99999999951755,4.9999999984743
"cv",40,3,191.831624856153,4.99999999478976,4.99999999964716
"cv",40,4,191.831624904555,4.99999999240407,4.99999999632725
