"","","","","par1","par2"
"cv",20,1,94.0730124257147,0.794379117270771,-4.91258334506595
"cv",20,2,94.0730124257147,-4.62284386039277,-4.28276083686159
"cv",20,3,94.0730124257147,-3.00729300762607,-3.04883912415903
"cv",20,4,94.0730124257147,-1.05843233088628,-3.07342438398644
"cv",40,1,185.570320342889,3.06430064668509,-4.99913574925077
"cv",40,2,187.298151565552,1.36776697227404,-1.96860711381106
"cv",40,3,185.569649720327,3.05844507955319,-4.98778807338243
"cv",40,4,194.856576832741,-0.274028076413352,-0.766122544826838
