"","","","","par1","par2"
"cv",20,1,94.0730124257147,0.248653362138561,-3.75711646646361
"cv",20,2,94.0730124257147,-0.463194047723323,-4.25012837076087
"cv",20,3,94.0730124257147,-3.91201350424054,-2.94278310243943
"cv",20,4,94.0730124257147,-2.43308125361153,-3.83522780219796
"cv",40,1,184.139263695584,-1.18974825237167,-3.1715026094356
"cv",40,2,184.139263695584,-1.17761822902869,-4.41619107839058
"cv",40,3,184.139263695584,-4.39030041183321,-3.618831667513
"cv",40,4,184.139263695584,-0.194744710244486,-4.05033792432619
