"","","","","par1","par2"
"cv",20,1,96.5383904283385,2.35326031818239,-4.99999999996456
"cv",20,2,103.86408716905,2.22488326105324,-4.99999999897703
"cv",20,3,53.4146999827289,2.45519338250474,-4.99999999997553
"cv",20,4,25.1483918351998,2.4381345492939,-4.99999999977346
"cv",40,1,209.017679294334,1.10423598728649,-3.06905929844803
"cv",40,2,183.375602243993,1.24750426916077,-3.06087503956704
"cv",40,3,192.544892550121,1.31532612038335,-3.07895032224265
"cv",40,4,117.71635374859,2.75264423818377,-4.99999999998527
