"","","","","par1","par2"
"cv",20,1,111.698109142476,1.94486042478507,-4.99999999999889
"cv",20,2,70.7186866399877,2.33760032285484,-4.99999999970223
"cv",20,3,25.3284174121423,2.24304687438888,-4.99999999999757
"cv",20,4,96.5976996485944,2.20158957393124,-4.99999999708687
"cv",40,1,63.8503196523023,1.50667201550351,-3.59251530284975
"cv",40,2,113.020672963444,1.79693705271857,-4.17028613896735
"cv",40,3,123.18340861663,1.14247266088097,-3.06420079241729
"cv",40,4,31.5849736005712,1.49926290846994,-3.58651639783755
