"","","","","par1","par2"
"cv",20,1,95.9159872067193,4.99999999990663,4.99999999793151
"cv",20,2,95.9160690671711,4.99999999996033,4.99999999995481
"cv",20,3,95.9160400796028,4.99999999999719,4.99999999943937
"cv",20,4,95.9159018859977,4.99999999997472,4.99999999900872
"cv",40,1,191.832265447741,4.99999999994731,4.99999999906118
"cv",40,2,191.832807350354,4.99999999949372,4.99999999911554
"cv",40,3,191.832402689292,4.99999999994743,4.99999999826478
"cv",40,4,191.832159437399,4.99999999895745,4.99999999931253
