"","","","","par1","par2"
"cv",20,1,94.0730124257147,-0.501428182309088,-3.9929763377615
"cv",20,2,94.0730124257147,-0.500506628255166,-4.99747401917487
"cv",20,3,94.0730124257147,-1.60320308048523,-3.78681256706226
"cv",20,4,94.0730124257147,-0.0520332298275394,-3.46150337811287
"cv",40,1,191.257740005882,-2.69915640316832,-3.26258271148416
"cv",40,2,184.475271825478,1.44391545437993,-2.53486175221316
"cv",40,3,184.474661013932,-0.00331183907150576,-0.900508795283403
"cv",40,4,184.473215767199,1.75434609312179,-3.07669412381464
