"","","","","par1","par2"
"cv",20,1,95.9158115647485,4.99999999747309,4.99999999402214
"cv",20,2,95.9158115325134,4.99999999740232,4.99999998774887
"cv",20,3,95.9158117348699,4.99999998056718,4.99999999972761
"cv",20,4,95.9158116494539,4.99999998447886,4.99999999731951
"cv",40,1,191.831622741866,4.99999998938363,4.99999999451755
"cv",40,2,191.831624741031,4.99999999790598,4.99999999829502
"cv",40,3,191.831625181375,4.99999999356096,4.99999999887638
"cv",40,4,191.831625330743,4.99999999990654,4.99999999953992
