"","","","","par1","par2"
"cv",20,1,94.0730124257147,-2.22448077334557,-4.15054706045162
"cv",20,2,94.0730124257147,-2.51434911256464,-4.61049700002448
"cv",20,3,94.0730124257147,-4.96244211914018,-2.87336220683076
"cv",20,4,94.0730124257147,-1.53140721322669,-3.26555478521247
"cv",40,1,184.139263695584,-1.71783407699337,-3.75864566776926
"cv",40,2,184.139263695584,-0.00535432894239407,-4.61884998891417
"cv",40,3,184.139263695584,-3.63156746433611,-3.94377478823053
"cv",40,4,184.139263695584,-4.7513309187967,-3.12551531088203
