"","","","","par1","par2"
"cv",20,1,67.4234646167807,1.77922884277918,-4.99999999999979
"cv",20,2,60.975880994738,2.08100517938427,-4.99999999999825
"cv",20,3,78.6870281053848,2.17477886658709,-4.99999999997835
"cv",20,4,5.43324030799017,2.08108861828704,-4.99999999994639
"cv",40,1,35.1675379646984,2.15903245056171,-4.99999999999789
"cv",40,2,122.007345675298,2.12967700075882,-4.99999999979225
"cv",40,3,68.2672554008424,2.12093232462715,-4.99999999999542
"cv",40,4,20.209477787507,2.1783023717108,-4.99999999996674
