"","","","","par1","par2"
"cv",20,1,95.9158118400184,4.99999992105881,4.99999999277644
"cv",20,2,95.9158119175831,4.99999999921153,4.99999999835786
"cv",20,3,95.9158119696912,4.9999999979555,4.99999999893952
"cv",20,4,95.915811463819,4.99999998463777,4.99999999610052
"cv",40,1,191.831624587478,4.99999999612673,4.99999999760368
"cv",40,2,191.831624526557,4.9999999942899,4.99999999403367
"cv",40,3,191.831623008849,4.99999999967818,4.9999999973366
"cv",40,4,191.831625117516,4.99999999891172,4.9999999909918
