"","","","","par1","par2"
"cv",20,1,95.9158118932789,4.99999998215175,4.99999999504887
"cv",20,2,95.9158115970039,4.99999994351452,4.99999999747594
"cv",20,3,95.9158111563575,4.99999997905406,4.99999999957176
"cv",20,4,95.9158119440437,4.99999999727359,4.99999999417928
"cv",40,1,191.83162471187,4.99999997119739,4.99999999668079
"cv",40,2,191.831622097604,4.99999998412662,4.99999999616644
"cv",40,3,191.831622720278,4.99999999110678,4.999999995465
"cv",40,4,191.831624723388,4.99999998434449,4.99999999995465
