"","","","","par1","par2"
"cv",20,1,98.7970135202058,2.44030724044744,-4.99999999980889
"cv",20,2,97.1239211092496,2.49010040592268,-4.99999999996745
"cv",20,3,96.5806371954635,2.51082307929829,-4.99999999992743
"cv",20,4,95.9157765033882,4.99999997542556,4.99999999618543
"cv",40,1,194.704967869031,1.2069887327537,-2.84534552243514
"cv",40,2,193.44023976899,1.27477327863334,-2.86489649809051
"cv",40,3,196.124451897771,1.17836055160246,-2.83756173485851
"cv",40,4,191.83150075517,4.99999997611032,4.99999999847309
