"","","","","par1","par2"
"cv",20,1,95.9158079445939,4.9999999991702,4.9999999999845
"cv",20,2,95.9158079445939,4.99999999951145,4.99999999982918
"cv",20,3,95.915987206719,4.99999999983137,4.99999999977707
"cv",20,4,95.9158609142583,4.99999999986129,4.99999999971256
"cv",40,1,191.831610237109,4.99999999995826,4.99999999805947
"cv",40,2,191.831692235717,4.99999999944565,4.99999999892775
"cv",40,3,191.831934434217,4.99999999981725,4.99999999867515
"cv",40,4,191.833006117113,4.99999999986816,4.99999999924129
