"","","","","par1","par2"
"cv",20,1,98.0542878966169,1.97879630342901,-3.9244752042567
"cv",20,2,97.1157797606657,2.23089354566218,-4.3011699536682
"cv",20,3,95.9158047859712,4.99999999266048,4.99999999160431
"cv",20,4,96.0033195124635,2.66070103834207,-4.99999990099635
"cv",40,1,192.080262866121,2.36753546191177,-2.40997933910192
"cv",40,2,192.179978518775,2.36808657184486,-2.67634926786277
"cv",40,3,191.831622174825,4.99999994486978,4.99999999740562
"cv",40,4,191.831624031457,4.99999999399102,4.99999999131617
