"","","","","par1","par2"
"cv",20,1,94.0730124257147,-4.65086752868477,-3.93789427176859
"cv",20,2,94.0730124257147,-4.41698735312673,-2.70539886489769
"cv",20,3,94.0730124257147,-1.30088971859019,-2.87021731900288
"cv",20,4,94.0730124257147,-0.175174158066329,-4.18912320232928
"cv",40,1,184.139263695584,-1.01059828997524,-3.02199452366494
"cv",40,2,184.139263695584,-0.235224088540688,-3.83835822714629
"cv",40,3,184.139263695584,-4.28892570413522,-4.8881721707244
"cv",40,4,184.139263695584,-1.96506282109755,-2.8589422264721
