"","","","","par1","par2"
"cv",20,1,95.8140762446925,3.33320373900847,-4.96206955097668
"cv",20,2,95.136508941543,3.63470507948625,-4.99913046149659
"cv",20,3,95.8011748679061,3.35308947728902,-4.99560277509665
"cv",20,4,95.7876650953073,3.35820042854904,-4.99780746553071
"cv",40,1,184.139263695584,-3.7045740246909,-4.25626980533609
"cv",40,2,184.139263695584,-1.48753313728045,-2.9265463687612
"cv",40,3,184.139263695584,-1.46533045829413,-2.95849194653356
"cv",40,4,184.139263695584,-3.4748394055498,-3.43967630018103
