"","","","","par1","par2"
"cv",20,1,96.6110284606363,2.02559150202904,-4.99999999999272
"cv",20,2,88.9371894927519,1.80745442231093,-4.99999999999049
"cv",20,3,27.2778586651812,1.89089172347327,-4.9999999999801
"cv",20,4,84.0152597059349,0.7529311237068,-2.83911806238369
"cv",40,1,69.7104339667337,2.3029430463928,-4.99999999892355
"cv",40,2,7.62970447665526,2.27235208698796,-4.92891084877348
"cv",40,3,75.9538869080964,1.98494483131365,-4.99999998933712
"cv",40,4,40.2541358167647,2.28372604454039,-4.99999999929177
