"","","","","par1","par2"
"cv",20,1,50.4295310299853,2.11635700515166,-4.99999999710995
"cv",20,2,24.8576372649536,2.0431157038708,-4.99999999999934
"cv",20,3,5.59809390276853,2.04965028666098,-4.9999999999932
"cv",20,4,54.9030604404312,1.82064852158705,-4.9999999999902
"cv",40,1,50.9710113895136,2.14747501165917,-4.99999999999539
"cv",40,2,30.3803521804506,2.2016718773596,-4.99999999995439
"cv",40,3,97.0800127123752,2.17885771655573,-4.99999999999629
"cv",40,4,44.1549640332249,2.14902282577185,-4.99999999999402
