"","","","","par1","par2"
"cv",20,1,95.9158096543488,4.99999999986948,4.99999999975094
"cv",20,2,95.9158557854356,4.9999999995824,4.99999999836547
"cv",20,3,95.9160127925947,4.99999999982041,4.99999999937192
"cv",20,4,95.9158079445939,4.99999999660676,4.99999999314893
"cv",40,1,191.832402689729,4.99999999940004,4.99999999553123
"cv",40,2,191.83200430449,4.99999999731415,4.9999999984059
"cv",40,3,191.83193443429,4.99999999954525,4.9999999986163
"cv",40,4,191.832623781157,4.99999999968232,4.9999999996509
