"","","","","par1","par2"
"cv",20,1,94.0730124257147,-2.92665333648033,-3.29263089583819
"cv",20,2,94.0730124257147,-3.9632505851106,-3.09218392904513
"cv",20,3,94.0730124257147,-0.971472880414172,-3.53803456827511
"cv",20,4,94.0730124257147,-3.88764599132392,-3.57470235729598
"cv",40,1,184.139263695584,-1.35751674201632,-3.06751527221833
"cv",40,2,184.139263695584,-1.20887401952588,-4.14942300497916
"cv",40,3,184.139263695584,-0.646484128580151,-4.07644259732627
"cv",40,4,184.139263695584,-4.02221204444268,-4.85623056777955
