"","","","","par1","par2"
"cv",20,1,94.0730124257147,-1.70834732019641,-3.32321506381015
"cv",20,2,94.0730124257147,-1.99738853790549,-3.48918245768437
"cv",20,3,94.0730124257147,-0.0603297579842307,-3.38998006386254
"cv",20,4,94.0730124257147,0.20585527457917,-3.49599593580505
"cv",40,1,186.777845386605,3.28401482313347,-4.99980243809219
"cv",40,2,194.088366955944,2.98715970559296,-4.9999302662962
"cv",40,3,189.280416822132,3.14199551651585,-4.99967199405224
"cv",40,4,187.819126218581,3.21290467455125,-4.99932261866997
