"","","","","par1","par2"
"cv",20,1,95.9158119841141,4.99999999537972,4.99999999668288
"cv",20,2,95.9158110391412,4.9999999924509,4.99999999993044
"cv",20,3,95.9158114566252,4.99999997825207,4.99999998735593
"cv",20,4,95.9158116558037,4.99999999983396,4.99999999366055
"cv",40,1,191.831625262284,4.99999999564646,4.99999999134798
"cv",40,2,191.831624490524,4.99999999871758,4.99999999599442
"cv",40,3,191.831624799455,4.99999999809242,4.99999999827926
"cv",40,4,191.831624993584,4.99999998766926,4.99999999383939
