"","","","","par1","par2"
"cv",20,1,95.9158079445939,4.99999999991615,4.99999999963501
"cv",20,2,95.9158455391494,4.99999999757673,4.99999999864057
"cv",20,3,95.9160452085429,4.99999999747633,4.99999999872924
"cv",20,4,95.9160127926004,4.99999999783793,4.99999999883993
"cv",40,1,191.831610237109,4.99999999993347,4.99999999974421
"cv",40,2,191.832217509086,4.99999999922361,4.99999999990965
"cv",40,3,191.832623781157,4.9999999999946,4.99999999942316
"cv",40,4,191.832625491278,4.99999999845946,4.99999999880276
