"","","","","par1","par2"
"cv",20,1,95.9158117056344,4.99999999780558,4.99999998321076
"cv",20,2,95.915811801241,4.99999999796415,4.99999999842728
"cv",20,3,95.9158115566285,4.99999999660037,4.999999990486
"cv",20,4,95.9158110891407,4.99999999110615,4.99999999802501
"cv",40,1,191.8316251803,4.9999999947624,4.99999999843859
"cv",40,2,191.83162476771,4.99999999500793,4.9999999972954
"cv",40,3,191.831624684849,4.99999999356169,4.9999999971693
"cv",40,4,191.831624045881,4.99999999174756,4.99999999852891
