"","","","","par1","par2"
"cv",20,1,95.9159206616193,4.99999999960001,4.99999999993556
"cv",20,2,95.9160127925946,4.99999999994855,4.99999999953891
"cv",20,3,95.9161321417019,4.99999999963466,4.99999999999393
"cv",20,4,95.9159206616146,4.99999999916429,4.99999999910667
"cv",40,1,191.83240268929,4.99999999998612,4.99999999982716
"cv",40,2,191.832623781157,4.99999999996387,4.99999999895017
"cv",40,3,191.832004304131,4.99999999893397,4.99999999772763
"cv",40,4,191.832509852329,4.99999999907976,4.99999999803491
