"","","","","par1","par2"
"cv",20,1,95.9158119488125,4.99999999911527,4.99999999317826
"cv",20,2,95.9158117810621,4.99999998647518,4.99999999730081
"cv",20,3,95.9158115960741,4.99999999885885,4.99999999881713
"cv",20,4,95.9158118286799,4.99999998792568,4.99999999772143
"cv",40,1,191.831624820934,4.99999998912703,4.99999999694267
"cv",40,2,191.831624204307,4.99999999997043,4.99999999890658
"cv",40,3,191.831625099643,4.99999999986631,4.99999999923019
"cv",40,4,191.831625301154,4.99999999699808,4.99999999051472
