"","","","","par1","par2"
"cv",20,1,95.9158079445939,4.9999999996904,4.99999999880727
"cv",20,2,95.9159018863454,4.99999999972794,4.99999999763708
"cv",20,3,95.9158267462248,4.99999999935992,4.99999999839042
"cv",20,4,95.9160400796028,4.99999999982945,4.99999999970631
"cv",40,1,191.831692237058,4.99999999998541,4.99999999919042
"cv",40,2,191.831791209148,4.99999999999897,4.99999999950255
"cv",40,3,191.832683281333,4.99999999928299,4.9999999958146
"cv",40,4,191.831704178513,4.99999999983274,4.99999999919167
