"","","","","par1","par2"
"cv",20,1,95.915811828261,4.99999999656833,4.9999999996717
"cv",20,2,95.9158116292079,4.99999999363486,4.999999996934
"cv",20,3,95.9158117398154,4.9999999823944,4.99999998971153
"cv",20,4,95.9158116113451,4.99999999630136,4.99999998958708
"cv",40,1,191.831625167672,4.99999999282931,4.99999999709716
"cv",40,2,191.831625014355,4.99999999923667,4.99999999993867
"cv",40,3,191.831624729912,4.99999998645057,4.99999999624453
"cv",40,4,191.831624400619,4.99999999840665,4.9999999966696
