"","","","","par1","par2"
"cv",20,1,95.9158116240892,4.99999998852921,4.99999999668714
"cv",20,2,95.9158116201821,4.99999999600632,4.99999999840033
"cv",20,3,95.9158115831695,4.99999998999213,4.99999999626243
"cv",20,4,95.915811704793,4.99999999504957,4.99999999423671
"cv",40,1,191.831625047121,4.99999999991859,4.99999999827727
"cv",40,2,191.831624427883,4.99999999584722,4.99999999809593
"cv",40,3,191.831624758859,4.99999999958677,4.99999999923363
"cv",40,4,191.831624609876,4.99999998712171,4.99999999084079
