"","","","","par1","par2"
"cv",20,1,95.9158108503724,4.99999999624286,4.99999999856278
"cv",20,2,95.915811778273,4.99999998464641,4.99999999963778
"cv",20,3,95.9158115227594,4.99999998265928,4.99999997134488
"cv",20,4,95.9158116179931,4.99999999952167,4.99999999948067
"cv",40,1,191.831625076364,4.99999999942494,4.99999999364391
"cv",40,2,191.831624549171,4.999999993931,4.99999999989944
"cv",40,3,191.831624152689,4.99999999971066,4.99999999581446
"cv",40,4,191.831624865296,4.99999999863648,4.99999999790797
