"","","","","par1","par2"
"cv",20,1,94.0730124257147,0.463207218477763,-3.89219436708974
"cv",20,2,94.0730124257147,-2.26145398165637,-4.52345939310718
"cv",20,3,94.0730124257147,0.176028716446704,-3.89008243667268
"cv",20,4,94.0730124257147,-1.66423453532616,-3.90958661912009
"cv",40,1,184.139263695584,0.410818862649353,-4.50108106982452
"cv",40,2,184.139263695584,-3.21622311663586,-3.62252825919111
"cv",40,3,184.139263695584,-1.08408272607148,-4.35995818076663
"cv",40,4,184.139263695584,-0.776812773621465,-3.48487861409073
