"","","","","par1","par2"
"cv",20,1,95.9158079445939,4.99999999985406,4.99999999844881
"cv",20,2,95.9158079445939,4.99999999874508,4.99999999914877
"cv",20,3,95.9158284559458,4.99999999999673,4.99999999983862
"cv",20,4,95.9160997547284,4.99999999989627,4.9999999988832
"cv",40,1,191.831611946893,4.99999999993225,4.99999999899024
"cv",40,2,191.831613656701,4.99999999851437,4.99999999968383
"cv",40,3,191.831622203186,4.99999999922242,4.99999999994824
"cv",40,4,236.106641185339,-4.99999999998284,0.604056651103532
