"","","","","par1","par2"
"cv",20,1,100.970817373844,-1.53022162549259,-3.13477486773848
"cv",20,2,94.4197832201902,3.0852409562997,-4.9999362232036
"cv",20,3,94.4195081453635,3.08188886478265,-4.99375074198249
"cv",20,4,94.419301963459,2.97485023759519,-4.78188686881697
"cv",40,1,184.475271363612,1.06374102282758,-1.9456575846041
"cv",40,2,191.257740005882,-1.29922550640165,-4.90249673643955
"cv",40,3,184.475030618495,-1.26904977221445,-0.51062382648656
"cv",40,4,184.474953903778,0.536275879448581,-1.31238888505988
