"","","","","par1","par2"
"cv",20,1,95.9158438292591,4.99999999938836,4.99999999943742
"cv",20,2,95.9158335793802,4.99999999343621,4.99999999917066
"cv",20,3,95.9160400796028,4.99999999993829,4.99999999963692
"cv",20,4,95.9158182008151,4.99999999830631,4.99999999988434
"cv",40,1,191.83208096486,4.99999999972005,4.9999999990136
"cv",40,2,191.832302296591,4.99999999757964,4.9999999984953
"cv",40,3,191.832623781157,4.99999999976422,4.99999999987075
"cv",40,4,191.832402689292,4.99999999980825,4.99999999866077
