"","","","","par1","par2"
"cv",20,1,95.9158115188099,4.99999999419365,4.99999999808571
"cv",20,2,95.9158116290109,4.99999998816839,4.99999999640179
"cv",20,3,95.9158113892803,4.99999997235376,4.9999999875558
"cv",20,4,95.9158118387706,4.9999999899336,4.99999999993754
"cv",40,1,191.83162436931,4.99999999546606,4.99999999964117
"cv",40,2,191.831624197193,4.99999999951298,4.99999999000072
"cv",40,3,191.83162570386,4.99999999880947,4.99999999861251
"cv",40,4,191.831622918463,4.99999999341105,4.99999999943551
