"","","","","par1","par2"
"cv",20,1,94.4142425373415,3.07916147169613,-4.99729716655385
"cv",20,2,100.970817373844,0.414857349910932,-3.93256691750139
"cv",20,3,94.414148305101,3.07917260400724,-4.997480082357
"cv",20,4,94.4139656026226,2.7587879784781,-4.36404840525763
"cv",40,1,185.185943925616,2.98008981463131,-4.99629460822005
"cv",40,2,187.42146127139,2.52175643196731,-4.27506331376217
"cv",40,3,187.42001824828,2.45024590943585,-4.13388982548537
"cv",40,4,187.547363967946,0.552394703659258,-1.08053572958016
