"","","","","par1","par2"
"cv",20,1,97.6791186101606,2.17512977250325,-4.99999999990997
"cv",20,2,99.0749130352737,2.1236291793492,-4.9999999999937
"cv",20,3,90.2965975499324,2.29915788143924,-4.99999999996924
"cv",20,4,13.034950474554,2.36964984240777,-4.99999999999719
"cv",40,1,195.786001806815,2.56013655635212,-4.99999999990547
"cv",40,2,192.173068919354,2.6348120364735,-4.99999999999082
"cv",40,3,198.6941535001,2.50687997311431,-4.99999999999699
"cv",40,4,191.831296111852,4.99999998816355,4.99999999216383
