"","","","","par1","par2"
"cv",20,1,99.0500144497933,2.12002723725708,-4.99999999999923
"cv",20,2,97.7318399556516,2.1501785982418,-4.99999999999935
"cv",20,3,32.5526096968112,2.12516912410421,-4.99999999997569
"cv",20,4,82.1347487944584,2.40420726812359,-4.99999999807484
"cv",40,1,216.606696786069,2.26474336434868,-4.99999999999085
"cv",40,2,156.423136050769,2.56991969852118,-4.99999999998865
"cv",40,3,107.761506932124,2.53797291334206,-4.99999999998408
"cv",40,4,4.81071306109509,2.55065886322549,-4.99999999999923
