"","","","","par1","par2"
"cv",20,1,95.9158115180534,4.99999999088351,4.99999999890601
"cv",20,2,95.9158117322708,4.99999999335219,4.99999999755222
"cv",20,3,95.9158117671986,4.99999999273454,4.99999999859277
"cv",20,4,95.9158116514362,4.99999997409845,4.99999999811543
"cv",40,1,191.831624410421,4.99999999148243,4.99999999831151
"cv",40,2,191.831624678871,4.99999999671257,4.99999999524128
"cv",40,3,191.831624675554,4.99999999509569,4.99999998975939
"cv",40,4,191.83162506119,4.99999999584404,4.99999999631435
