"","","","","par1","par2"
"cv",20,1,95.9158116997936,4.99999999829444,4.99999999912308
"cv",20,2,95.9158117807299,4.99999999266586,4.99999999361106
"cv",20,3,95.9158117065225,4.99999999310257,4.99999998397521
"cv",20,4,95.9158116619732,4.99999999169076,4.99999999899789
"cv",40,1,191.831625311903,4.9999999984199,4.99999999843472
"cv",40,2,191.831624638125,4.99999999659881,4.9999999969328
"cv",40,3,191.831624617555,4.9999999966275,4.99999999486863
"cv",40,4,191.831624089403,4.99999999626545,4.99999999407838
