"","","","","par1","par2"
"cv",20,1,94.0730124257147,-3.15649204138184,-2.91466894971073
"cv",20,2,94.0730124257147,-2.75877666749109,-4.84703653066934
"cv",20,3,94.0730124257147,-0.969419180206735,-4.88320376689374
"cv",20,4,94.0730124257147,-0.850084339168405,-2.89374616971682
"cv",40,1,184.139263695584,-1.75010895712821,-4.52264682762454
"cv",40,2,184.139263695584,-3.41229579592788,-3.09598627447162
"cv",40,3,184.139263695584,-0.47822875566705,-4.13229377097525
"cv",40,4,184.139263695584,-3.4185061144336,-4.94619079028429
