"","","","","par1","par2"
"cv",20,1,71.3563328235428,2.36697214864184,-4.99999999868417
"cv",20,2,62.8397539745921,2.45171735314382,-4.99999999344289
"cv",20,3,99.3317328696153,2.3363289447426,-4.99999999999303
"cv",20,4,75.0943311479122,2.42189721804628,-4.99999999900297
"cv",40,1,127.339519539484,2.42255134132253,-4.99999999800919
"cv",40,2,93.7070585600332,2.40450763506811,-4.99999999999905
"cv",40,3,51.5481837167111,2.40510937158928,-4.99999999999689
"cv",40,4,124.297322108896,2.25831396127972,-4.99999999985315
