"","","","","par1","par2"
"cv",20,1,94.7615213873523,3.30419636990367,-4.91540344793582
"cv",20,2,96.1766746474691,3.0743557947871,-4.99310424680917
"cv",20,3,96.1673089479537,1.51081842688847,-2.02591315129412
"cv",20,4,94.7590601602205,2.45043137593485,-3.23384027824171
"cv",40,1,189.371986337911,-4.99999999997999,0.647652216350023
"cv",40,2,189.284752890287,-4.99999999997093,0.653871531100836
"cv",40,3,195.52589185481,-4.99999999999913,0.213220181017752
"cv",40,4,187.622111833041,-4.9999999999795,0.945039939800821
