"","","","","par1","par2"
"cv",20,1,95.9158110758375,4.99999998099016,4.99999999065831
"cv",20,2,95.9158116932193,4.99999998846447,4.99999998364893
"cv",20,3,95.9158116108055,4.99999999613671,4.99999997980937
"cv",20,4,95.9158116526054,4.99999999958678,4.99999997383647
"cv",40,1,191.831624368189,4.99999999418537,4.99999999232032
"cv",40,2,191.831624774804,4.99999999780528,4.99999999565144
"cv",40,3,191.831624912874,4.99999999639284,4.99999999969159
"cv",40,4,191.831624254619,4.99999999197867,4.99999999946062
