"","","","","par1","par2"
"cv",20,1,95.7172657015477,2.02917634765127,-4.99999999999821
"cv",20,2,95.5538725516361,2.06442190345816,-4.99999999999913
"cv",20,3,95.7707715917784,2.02694132239769,-4.99999999999967
"cv",20,4,109.523083842606,-3.73084374294051,-1.9797784209187
"cv",40,1,190.105829892429,1.50087938343624,-4.99999999997221
"cv",40,2,187.346984082078,1.55445222576478,-4.9999999478568
"cv",40,3,214.123829296636,-1.99465054553686,-2.6483268356311
"cv",40,4,187.022634521058,-4.99999999995568,-1.26509970236216
