"","","","","par1","par2"
"cv",20,1,94.7127875927208,-1.04311536500515,-1.93086205342207
"cv",20,2,98.0642915008116,-4.99999999999943,-2.11932122295875
"cv",20,3,94.8557357551497,-1.04690611671402,-1.95689417839199
"cv",20,4,94.7364819449782,-1.04565777960759,-1.91856362255089
"cv",40,1,184.885940922219,-2.23722083253604,-2.28993505558499
"cv",40,2,185.241303452361,-2.22396301880352,-2.31607271538972
"cv",40,3,189.44646479596,-4.99999999999586,-2.29620042744117
"cv",40,4,185.631919117425,-2.14369921654043,-2.40396513489974
