"","","","","par1","par2"
"cv",20,1,95.1525943446699,-3.6705072899349,-4.73965155300738
"cv",20,2,94.2615248678569,-0.181082217403894,-4.67739788142354
"cv",20,3,95.7469830167614,0.901866839005439,-4.87884567640119
"cv",20,4,93.4776608932673,0.678028600901542,-4.80857662692722
"cv",40,1,188.140946173908,0.515844522392646,-4.28921796141633
"cv",40,2,197.097800075359,-3.10179718667969,-4.68586278289615
"cv",40,3,194.638862496511,-3.10714694412543,-4.84671307692189
"cv",40,4,189.280442404948,-2.15980536770076,-4.51407802938632
