"","","","","par1","par2"
"cv",20,1,94.4746277349127,-4.99999999999782,-2.13436179056474
"cv",20,2,94.332803703038,-4.86169081870518,-2.07648070808668
"cv",20,3,94.501962462692,-4.99999999999336,-2.14994295453119
"cv",20,4,94.4533366648988,-4.99999999998889,-2.11225683460906
"cv",40,1,185.251856891317,-3.76005887725717,-2.22657110434342
"cv",40,2,185.100204016008,-3.51642063149055,-2.2081043869474
"cv",40,3,185.089611360437,-3.67960802070269,-2.20608913767559
"cv",40,4,185.589519826586,-2.87673071563765,-2.25793562924003
