"","","","","par1","par2"
"cv",20,1,97.5692868935765,3.69148239354917,-4.41202963248513
"cv",20,2,96.8927968043829,3.9938783245294,-4.27023214973509
"cv",20,3,98.7098010440802,4.33305392271209,-4.70962069282788
"cv",20,4,98.1606679787075,4.41278703413592,-4.4436065778764
"cv",40,1,192.6055575632,4.27457330548895,-4.37073500324095
"cv",40,2,191.702585497239,4.70680671144752,-4.25155933449791
"cv",40,3,191.69385253408,4.83215609399325,-3.74194159314639
"cv",40,4,192.208068827403,4.9237970753292,-4.06683039444404
