"","","","","par1","par2"
"cv",20,1,96.4044172483374,2.88091835449759,-4.39749657911291
"cv",20,2,96.688245510646,2.66329733920393,-4.53879486565848
"cv",20,3,96.6759312532618,2.68044782052137,-4.22976457205648
"cv",20,4,97.3955186139668,4.12078703402005,-4.38544755325268
"cv",40,1,195.252793683096,2.6012421972649,-4.55486906901325
"cv",40,2,191.317782178996,0.661751388106495,-4.04377560362646
"cv",40,3,192.765635124941,1.44873946127156,-3.99806200187957
"cv",40,4,190.777095945262,2.22349317642554,-3.92274424152289
