"","","","","par1","par2"
"cv",20,1,97.7218491802956,-4.1503556132799,-4.70636646170169
"cv",20,2,100.537905338343,-0.944741191001898,-4.74402917445698
"cv",20,3,97.2025023906819,-3.22832245489017,-4.8915524664335
"cv",20,4,95.654205809611,-1.78675894921646,-4.02304479877472
"cv",40,1,190.906326097057,-4.633280900307,-4.12619319760806
"cv",40,2,191.466726776689,-0.66524649828309,-4.28671334401269
"cv",40,3,193.28819513206,-0.314580088864539,-4.82267765475794
"cv",40,4,189.831299587042,0.569385058519104,-4.82734340379704
