"","","","","par1","par2"
"cv",20,1,97.243632606419,4.97278539973443,-4.53779351880185
"cv",20,2,96.2745281265818,4.71346363749085,-3.79590157846954
"cv",20,3,96.7498959382333,4.2291136238936,-4.15837979289696
"cv",20,4,96.3902091724217,4.75501882280714,-4.9121974911604
"cv",40,1,194.241251767096,4.92215116275474,-4.79338351755121
"cv",40,2,192.666338867432,4.79998556678026,-3.29144485477638
"cv",40,3,191.935945843169,4.86482179612692,-3.94718748895125
"cv",40,4,194.489660455587,4.83122551241467,-4.20216327146803
