"","","","","par1","par2"
"cv",20,1,98.476491903856,0.205057764992982,-4.99999999999992
"cv",20,2,59.8812306134031,0.393649695510504,-4.99999999999999
"cv",20,3,84.8397812514223,0.40136010855983,-4.99999999999976
"cv",20,4,22.051421216214,0.364977222130874,-5
"cv",40,1,163.953039268739,0.737035667688836,-4.99999999999987
"cv",40,2,130.246840475669,0.817323939720009,-4.99999999999881
"cv",40,3,32.8712463797483,0.788826821087318,-4.9500973061127
"cv",40,4,148.081411416605,0.874820704631548,-4.99999999999994
