"","","","","par1","par2"
"cv",20,1,93.7571856057467,-4.99999999999794,-2.16319584635159
"cv",20,2,94.8799740992482,-4.99999999998819,-2.982333313684
"cv",20,3,94.4083089290453,-4.99999999999314,-2.64643252290269
"cv",20,4,94.5131223327899,-4.99999999998803,-2.74864613443003
"cv",40,1,185.529263481964,-4.99999999999955,-1.71651188669579
"cv",40,2,188.105096627291,-4.93680810974649,-1.92244316847786
"cv",40,3,188.549751658391,-4.99999999998966,-1.93797319746208
"cv",40,4,185.592624703392,-4.99999999999128,-1.71883360173844
