"","","","","par1","par2"
"cv",20,1,98.7858508165759,4.7981740353483,-4.4265726472457
"cv",20,2,97.485045177126,4.97149230912328,-4.5666308547666
"cv",20,3,97.6469097763542,4.34957590798524,-4.51473888053393
"cv",20,4,93.4429886749349,4.51829859177302,-4.08009756077206
"cv",40,1,192.030676512306,4.84156749928996,-4.12717806529167
"cv",40,2,192.377147804914,4.80203087147826,-4.18983126781117
"cv",40,3,198.911585723246,4.67847090459373,-4.72731126191039
"cv",40,4,192.276853366888,4.98047537558592,-4.65218628572059
