"","","","","par1","par2"
"cv",20,1,97.5744799878335,-3.58623477854855,-4.63732512801468
"cv",20,2,97.4672363424239,-3.57203650303963,-4.5621525820651
"cv",20,3,95.1306487482504,0.157841583713889,-4.65833075602701
"cv",20,4,96.0221338755844,-2.99642798981653,-4.74869017939003
"cv",40,1,191.555398329141,-1.45925750388558,-4.85473827431075
"cv",40,2,188.02050656268,-2.53382789934427,-4.67599156864863
"cv",40,3,189.205538269804,-0.812110063502014,-4.83775073403456
"cv",40,4,191.843500763341,-4.37591240508482,-4.5909412084225
