"","","","","par1","par2"
"cv",20,1,93.9240511783718,-3.42492115595055,-4.74344885330347
"cv",20,2,95.797818646792,-0.564047342631966,-4.3671728353053
"cv",20,3,94.3589058933967,0.0839722379504264,-4.73967391612416
"cv",20,4,95.8290952961681,-3.06611564742941,-4.39360328810846
"cv",40,1,192.748768450054,-2.98548450865786,-4.94993232525995
"cv",40,2,186.320848242954,0.412996112262494,-4.33676050733701
"cv",40,3,189.827793760819,0.0878780175673521,-4.79201764650662
"cv",40,4,195.177635431243,-2.87058418691554,-4.79207274550764
