"","","","","par1","par2"
"cv",20,1,96.9459172943809,4.12923100643232,-4.83551092721522
"cv",20,2,98.2168053601333,4.70930142372114,-4.77599864127114
"cv",20,3,96.9165188143235,4.96387991568333,-4.82879087142619
"cv",20,4,96.9155932675723,4.59079112232953,-4.39392396062474
"cv",40,1,191.67801268393,4.06057268101924,-4.03797735925764
"cv",40,2,190.696738851588,4.73130380913588,-3.55492477654567
"cv",40,3,194.721050877743,4.32998051290715,-4.01552764042563
"cv",40,4,193.475903095177,4.52720196172047,-4.83645868487656
