"","","","","par1","par2"
"cv",20,1,94.512297557215,-4.99999999999317,-2.17753722637066
"cv",20,2,94.3808234088919,-4.9999999999997,-2.10752450438741
"cv",20,3,94.4676450521593,-4.99999999999864,-2.12175707394602
"cv",20,4,94.4118687216533,-4.999999999989,-2.1220677389903
"cv",40,1,185.219993384504,-4.02858755310183,-2.25428171754242
"cv",40,2,185.183860126963,-3.99207572995641,-2.24822575702199
"cv",40,3,185.142307970188,-3.23778020799034,-2.24287767344567
"cv",40,4,185.134206300466,-4.00874185872736,-2.24012656134115
