"","","","","par1","par2"
"cv",20,1,97.1250665512923,0.432523110473066,-4.28822169779902
"cv",20,2,95.1118385897107,-3.76963428180731,-4.3593042060408
"cv",20,3,97.6482169607655,-0.575865322645712,-4.61485923939417
"cv",20,4,96.1499846330029,-1.32349581474692,-4.23493125243112
"cv",40,1,187.707965750862,-3.43310409374538,-4.73762891595094
"cv",40,2,186.278434575163,0.128140721436594,-4.7792309311824
"cv",40,3,192.277697747261,-1.04590773572034,-4.89673995860071
"cv",40,4,189.927114590958,0.313648463245481,-4.86721581853926
