"","","","","par1","par2"
"cv",20,1,93.1258517512876,-3.03867446922798,-4.84699114882715
"cv",20,2,93.2660905911959,-4.02513325826791,-4.78422058084363
"cv",20,3,96.4031719216255,-4.05692225467232,-4.50484768557902
"cv",20,4,99.3446687306973,-0.661299715108609,-4.70969705498092
"cv",40,1,187.367377676778,-0.926785351061573,-4.54514961073116
"cv",40,2,192.082937104971,-3.91834511060428,-4.78840917384588
"cv",40,3,188.607940080373,0.158595759626478,-4.65615139529627
"cv",40,4,190.016252695704,-0.333576974169165,-4.85182366420591
