"","","","","par1","par2"
"cv",20,1,120.992685997799,-4.99999999999889,-2.78622958049543
"cv",20,2,95.5800196915587,1.15246342523079,-4.99999999999981
"cv",20,3,95.752044245633,1.15896444623284,-4.99999999999969
"cv",20,4,93.7879396931333,1.17949744193271,-4.99999999999998
"cv",40,1,187.391684327352,0.712746465547308,-4.65633508972763
"cv",40,2,182.636587129965,0.79875456845665,-4.96398606183595
"cv",40,3,151.023248191928,0.613193561050448,-4.31162020323184
"cv",40,4,190.954218011293,0.38869752442799,-4.54332711270336
