"","","","","par1","par2"
"cv",20,1,94.7138403244729,-4.9999999999535,-1.28864832056011
"cv",20,2,94.6765558017366,-4.9999999999925,-1.28538161955003
"cv",20,3,94.6603412332361,-4.99999999997257,-1.2869792557086
"cv",20,4,97.888574492891,-4.59700590352529,-2.10178860359504
"cv",40,1,186.572223653114,-2.00255470029733,-2.34351261044316
"cv",40,2,184.934316859237,-2.43005972257766,-2.19166393862784
"cv",40,3,185.099301935891,-2.50520486696505,-2.2091843313294
"cv",40,4,190.016191845295,-4.99999999999868,-2.31312541413631
