"","","","","par1","par2"
"cv",20,1,95.4332093913139,-0.730412163866097,-4.79398265129204
"cv",20,2,95.9461156300789,-2.31123664445041,-4.95701347952666
"cv",20,3,97.9307124722518,-2.08368611314379,-4.62429038544838
"cv",20,4,94.156581783777,0.701012728193682,-4.65795073869081
"cv",40,1,188.338554071934,-2.07734810291107,-4.62900131449174
"cv",40,2,190.496219208761,-2.92556673240928,-4.53784555434063
"cv",40,3,192.397776301695,-1.83104927706737,-4.70823315801864
"cv",40,4,194.601195405416,-1.54397054547589,-4.75627528715988
