"","","","","par1","par2"
"cv",20,1,94.1788630870498,4.84127136705881,-4.23471114631117
"cv",20,2,98.4528871535179,4.74155344111904,-4.87594537004564
"cv",20,3,97.5411220700588,4.62628656975674,-4.71430696882339
"cv",20,4,103.210834352882,2.70119296802427,-4.70640883883506
"cv",40,1,191.805847439175,4.89439861074719,-4.55487459595245
"cv",40,2,192.257261049207,4.6124850700171,-4.21778301114737
"cv",40,3,192.084889984586,4.99981849235625,-3.98984108528028
"cv",40,4,214.698483278358,-1.01609435517502,-4.27684886046127
