"","","","","par1","par2"
"cv",20,1,96.0464653009847,-2.61083577057347,-4.94039813289419
"cv",20,2,98.6416321191887,-2.78939541662112,-4.633107313036
"cv",20,3,96.9960822613785,-1.61521972855553,-4.98379012964953
"cv",20,4,97.68856392668,-1.04848616397212,-4.63040774743195
"cv",40,1,191.204304047357,-2.30064174636847,-4.91549569464499
"cv",40,2,187.482641616471,-4.79607931974711,-4.8059544739254
"cv",40,3,189.826998493913,0.208130924647848,-4.72318561298143
"cv",40,4,191.081287160911,-0.131799371582299,-4.64327392810225
