"","","","","par1","par2"
"cv",20,1,96.8471862658046,4.43224812411045,-3.86978576192632
"cv",20,2,98.2946951513054,4.77571846321135,-4.83475546127222
"cv",20,3,96.0544948430743,4.43884120184192,-4.09703675475552
"cv",20,4,98.7875046365765,3.88114817906171,-4.78541445579839
"cv",40,1,192.262142877228,4.89244882078282,-4.39513630209531
"cv",40,2,191.045904294269,4.84010927809658,-3.87736803452506
"cv",40,3,193.724409137894,4.62583008267006,-4.48576582579533
"cv",40,4,193.774740985139,4.36457850016178,-4.2923733753554
