"","","","","par1","par2"
"cv",20,1,95.912280399429,-4.99999999999806,-0.681698301898934
"cv",20,2,95.3353259801066,-4.99999999999761,0.0252882692147493
"cv",20,3,95.9120090206679,-4.99999999999863,-0.69371100043618
"cv",20,4,95.8637299982733,-4.99999999999919,-0.640861972649724
"cv",40,1,185.104361793335,-4.99999999999467,-2.32150695294132
"cv",40,2,185.207691336338,-4.99999999999993,-2.32542226221008
"cv",40,3,185.020363498643,-4.9999999999996,-2.31200690730826
"cv",40,4,184.732203356469,-4.99999999999857,-2.28059444931427
