"","","","","par1","par2"
"cv",20,1,99.9620319205386,0.642617134721033,-4.70626859438538
"cv",20,2,96.3211904957354,-4.71484138472063,-4.58429932471631
"cv",20,3,95.6879117812264,-1.86390838256003,-4.77318208802259
"cv",20,4,96.1269797791048,-1.40045376863602,-4.51899861069278
"cv",40,1,193.177758208984,0.54990318161271,-4.88022962058431
"cv",40,2,193.11038719436,-2.79988749909621,-4.87170988476297
"cv",40,3,185.022534985891,-0.0735857760187741,-4.91116441186947
"cv",40,4,191.036141060698,-0.592152419080174,-4.72369976524651
