"","","","","par1","par2"
"cv",20,1,94.3597183921908,-4.99999999998873,-2.14784224762922
"cv",20,2,94.443088381207,-3.58213568052765,-2.16303206103607
"cv",20,3,94.4869460323041,-4.99999999998171,-2.22049464609748
"cv",20,4,94.3800513829759,-4.9999999999861,-2.15760160653264
"cv",40,1,188.306894589509,-4.99999999999377,-1.70160899586538
"cv",40,2,185.883403121189,-4.99999999999828,-1.51944627280069
"cv",40,3,185.804604532677,-4.99999999997561,-1.52052863624288
"cv",40,4,191.163733629586,-3.48609259241756,-1.9181580551215
