"","","","","par1","par2"
"cv",20,1,94.3505867686563,-4.99999999999836,-2.11260895333953
"cv",20,2,94.4974296923153,-4.99999999998989,-2.17957206372906
"cv",20,3,94.4828442419026,-4.99999999999992,-2.17463601706476
"cv",20,4,94.3562657956218,-4.99999999998428,-2.11388724706447
"cv",40,1,184.885649490015,-4.31177580525982,-2.31590205834701
"cv",40,2,185.075013635577,-4.46352371013944,-2.34954813994654
"cv",40,3,184.680374004636,-4.15753087312788,-2.29647755609555
"cv",40,4,185.094695281297,-4.47714816820382,-2.35262987918605
