"","","","","par1","par2"
"cv",20,1,95.9687949789272,-1.15030465106149,-4.87650970713081
"cv",20,2,98.588428892937,-3.82893556564001,-4.73564763078839
"cv",20,3,95.9037602512414,-0.281419848229829,-4.89077496699627
"cv",20,4,97.9869079718206,-1.89596038636714,-4.89223401528434
"cv",40,1,189.861944986687,0.166296625635233,-4.96826992494557
"cv",40,2,187.572965674879,-3.77260451025357,-4.74080778272039
"cv",40,3,187.876429052385,-0.974003641416973,-4.69415168834156
"cv",40,4,188.30438547537,-0.954122063527486,-4.85090231312861
