"","","","","par1","par2"
"cv",20,1,95.230241438865,0.283920896824235,-4.74605091611996
"cv",20,2,95.3204095763499,-4.47551120938884,-4.56073498484431
"cv",20,3,97.1833466343589,-0.717297246392414,-4.70609952621549
"cv",20,4,97.3368909462808,-1.77649191807874,-4.70225542017931
"cv",40,1,187.527113721388,-0.863366831945356,-4.94675936881415
"cv",40,2,190.786802140012,1.0157806922199,-4.72201087406467
"cv",40,3,193.998657992313,-2.62783431782767,-4.82931410130273
"cv",40,4,189.133327685025,-4.33492282143022,-4.48470588351199
