"","","","","par1","par2"
"cv",20,1,94.3452292987845,-4.99999999998957,-2.1690856886035
"cv",20,2,94.4306172285429,-4.99999999999884,-2.21536100408983
"cv",20,3,94.3546458395715,-4.99999999999566,-2.17182131856294
"cv",20,4,94.4285015565987,-4.98251755601367,-2.21246024129055
"cv",40,1,185.383571420297,-4.99999999999844,-1.9185495800783
"cv",40,2,185.089567445265,-4.99999999999885,-1.90952875839145
"cv",40,3,184.942598022487,-4.99999999999814,-1.91075992839867
"cv",40,4,189.476242267689,-4.99999999999782,-2.32930410129007
