"","","","","par1","par2"
"cv",20,1,97.1653821863794,1.05720835306447,-4.99999999999795
"cv",20,2,96.0937852735314,1.07928659817694,-4.99999999999692
"cv",20,3,100.144047349997,-4.90684239621015,-2.16560536451976
"cv",20,4,94.6158894795257,1.17437486408341,-4.99999999999949
"cv",40,1,186.446013602991,-3.14445222687097,-1.24934953001782
"cv",40,2,190.003872851842,-3.2086847477878,-1.54453631956356
"cv",40,3,193.187347864345,-2.87387359705616,-1.76231862622937
"cv",40,4,187.231342588658,-4.99999999998297,-1.23017359723452
