"","","","","par1","par2"
"cv",20,1,96.251747624617,0.313337159115078,-4.76229453507643
"cv",20,2,92.7352908069455,0.902923836838454,-4.86652452433836
"cv",20,3,96.7263971637534,-3.87076630127107,-4.87562298084683
"cv",20,4,96.6513366398533,-0.627769665989221,-4.54903149681912
"cv",40,1,187.253304833215,0.107909472821908,-4.78668466070565
"cv",40,2,189.124524226952,-2.24146908346879,-4.93647112935075
"cv",40,3,187.024215139322,-2.9607278189843,-4.69890835670795
"cv",40,4,193.161074174983,-4.91036699851975,-4.78654388240518
