"","","","","par1","par2"
"cv",20,1,96.5411259817111,-3.83162335280586,-4.28726224856768
"cv",20,2,97.2538721753636,-0.494871070359314,-4.8918742649251
"cv",20,3,97.6365515700829,0.0221941124398994,-4.72771931250282
"cv",20,4,94.1133249455142,-2.26224413213195,-4.7577973792394
"cv",40,1,187.458176127387,-3.08064636990996,-4.53553308116488
"cv",40,2,190.44559755567,-2.26383431508666,-4.73657114847562
"cv",40,3,194.89199650019,0.187313167843968,-4.89080395970587
"cv",40,4,192.248830664626,-0.622689617934974,-4.51082808340893
