"","","","","par1","par2"
"cv",20,1,94.4200513880168,-4.99999999997348,-2.14675040510963
"cv",20,2,94.454009233959,-4.99999999999366,-2.16992097667811
"cv",20,3,94.3740157595238,-4.68099235434045,-2.12719134414733
"cv",20,4,94.4204742443481,-4.99999999998658,-2.15170570370061
"cv",40,1,186.021412000826,-1.70973559738676,-1.63922551116929
"cv",40,2,186.304639724845,-1.49892238312104,-1.71620929663153
"cv",40,3,194.579397276584,-4.56096430968897,-1.90520577613854
"cv",40,4,188.300508844967,-1.67952418838009,-1.849196528605
