"","","","","par1","par2"
"cv",20,1,98.6054090130468,4.45866672322154,-4.42208489501225
"cv",20,2,98.1176089557002,4.33990244749991,-4.63214208909759
"cv",20,3,99.1927708895863,4.27980576629025,-4.86285373870963
"cv",20,4,95.7806084726323,4.39849367020417,-4.77688442474117
"cv",40,1,194.910832102809,4.77934225935262,-4.43582766940118
"cv",40,2,194.168347429432,4.78227791973247,-4.46696440689266
"cv",40,3,190.972358998518,4.77556508731428,-4.25228010158477
"cv",40,4,191.830362974171,4.70144321916173,-3.80371105408381
