"","","","","par1","par2"
"cv",20,1,96.3661698536696,3.92471291610967,-4.60528088966385
"cv",20,2,97.7796969142393,1.85562873827931,-4.48178023354183
"cv",20,3,101.154221998313,-0.76635638358002,-4.83493753638484
"cv",20,4,95.1606539669051,3.36826425731045,-4.5709990268521
"cv",40,1,189.010806476586,-2.2141607874767,-4.8142231042373
"cv",40,2,191.685850714878,-1.05952474338762,-4.96963584119644
"cv",40,3,190.540244109848,-2.69240205700946,-4.9199129885313
"cv",40,4,191.494695500883,-0.511265211919911,-4.67764683518802
