"","","","","par1","par2"
"cv",20,1,96.6652178046601,-1.45157967850348,-4.94517581384179
"cv",20,2,95.2772897101339,-4.28856041589566,-4.36818872637017
"cv",20,3,96.9297267552434,-4.66500483368739,-4.79511760077099
"cv",20,4,94.8282671702425,-2.29114769433256,-4.58162588417422
"cv",40,1,187.662035957374,-1.64795549934611,-4.61153074277932
"cv",40,2,189.273741570353,-2.09028147593378,-4.49444669657462
"cv",40,3,186.045783414406,-0.434349640063617,-4.78072737528315
"cv",40,4,184.975788749868,-2.90355799986396,-4.87649532513237
