"","","","","par1","par2"
"cv",20,1,95.7115068564495,0.683187532550468,-4.99999999999943
"cv",20,2,113.61514871844,0.456858279622764,-4.99999999999999
"cv",20,3,56.1810142283809,0.830690487983571,-4.99999999999972
"cv",20,4,31.0738550162827,0.855821065883284,-4.99999999999996
"cv",40,1,197.990061946853,0.78105483230394,-4.99999999999993
"cv",40,2,179.073368992933,0.874568668169961,-5
"cv",40,3,187.68734699264,0.940412918851022,-4.99999999999996
"cv",40,4,55.8761843163473,1.20577030039928,-4.99999999999748
