"","","","","par1","par2"
"cv",20,1,94.3812903528364,-4.99999999999619,-2.16859941136188
"cv",20,2,94.5094193040679,-4.99999999999494,-2.25432053012049
"cv",20,3,94.3298371972231,-3.23861285592269,-2.14216667045478
"cv",20,4,94.4218492567985,-4.99999999999853,-2.17770618726021
"cv",40,1,185.017327997061,-4.99999999998584,-2.3151673099537
"cv",40,2,184.739978785606,-4.74941597467968,-2.28443549685427
"cv",40,3,185.222212420507,-4.99999999997924,-2.33727095060195
"cv",40,4,185.008330914094,-4.9999999999838,-2.31441437402885
