"","","","","par1","par2"
"cv",20,1,105.921613326225,0.594821908259611,-4.99999999999993
"cv",20,2,89.5917210119489,0.872162163354909,-4.99999999999997
"cv",20,3,18.2287167084593,0.976185748166056,-4.99999999999975
"cv",20,4,68.5233071079539,0.889006195030563,-4.99999999999918
"cv",40,1,209.589583698898,0.769908205087678,-4.9999999999989
"cv",40,2,85.3581947617852,1.06722761771697,-4.99999999999993
"cv",40,3,99.2619325657996,0.973976657645645,-4.99999999999944
"cv",40,4,101.672858701015,0.960143489197263,-4.99999999999988
