"","","","","par1","par2"
"cv",20,1,99.4240765298294,4.47445084165314,-4.8985029830651
"cv",20,2,96.2423779746434,4.80811906506993,-4.47223283775973
"cv",20,3,96.314351091669,4.59556808695197,-4.89525438559012
"cv",20,4,96.374580641445,4.69560129396148,-4.98016679510773
"cv",40,1,191.259898816257,4.93720708254914,-3.75778129507037
"cv",40,2,191.070153891323,4.68531891297952,-3.79374400356817
"cv",40,3,191.520707705528,4.73573486320674,-4.05498530311545
"cv",40,4,193.498488019456,4.84971891192943,-4.08123436156994
