"","","","","par1","par2"
"cv",20,1,95.0383315491671,-1.14887579786364,-1.89658890065587
"cv",20,2,94.7697600200986,-1.29645257079907,-1.80124885486999
"cv",20,3,94.6040254945615,-1.40680601592994,-1.73914213299009
"cv",20,4,98.3876920692473,-4.99999999999019,-2.107325708433
"cv",40,1,185.270084485914,-4.99999999999758,-1.91712048201306
"cv",40,2,185.023354072042,-4.99999999999543,-1.92096075073909
"cv",40,3,185.414740356428,-4.99999999999836,-1.92769557643673
"cv",40,4,189.168593861132,-4.99999999999875,-2.2740610707013
