"","","","","par1","par2"
"cv",20,1,109.183081086374,0.217820184189012,-4.99999999999996
"cv",20,2,77.950895018375,0.818572017586938,-4.99999999999935
"cv",20,3,26.1246762364176,0.786657202284115,-4.99999999999851
"cv",20,4,95.0338191021534,0.695475477375821,-4.99999999999985
"cv",40,1,59.0036745713148,0.682262896255473,-4.99999999999995
"cv",40,2,104.238354529542,0.678141454004408,-4.99999999999997
"cv",40,3,126.814755864353,0.770761463826739,-4.99999999999875
"cv",40,4,32.6198171945849,0.718193217796718,-4.99999999999944
