"","","","","par1","par2","par3"
"cv",20,1,94.8724603974767,2.46311827421886,-0.681861090521539,-4.17318363338469
"cv",20,2,102.763186763583,0.50619560792918,-1.34131002310839,-3.23952693662546
"cv",20,3,96.1564172422107,0.119386667893162,3.79787302248666,3.44629709740919
"cv",20,4,94.6483377971446,1.98456444791571,0.0669659898735152,-2.40781434458864
"cv",40,1,188.241408715185,-0.213211942868293,-1.3622439121453,-1.37257827741796
"cv",40,2,187.748127720716,-0.0226252780256522,-1.14350426430256,-1.07339537606886
"cv",40,3,205.287659897792,1.60786996934378,-0.990063784343442,-3.98271527594271
"cv",40,4,188.02772497351,0.316693706191788,-1.55538098792638,-1.68207217366012
