"","","","","par1","par2","par3"
"cv",20,1,95.0464094506258,-0.489701195447497,-1.15589550232695,-0.131882927957904
"cv",20,2,97.1582807899265,2.49734291623725,-2.56697253331966,-4.99973511385955
"cv",20,3,99.0887531595586,2.08670765324718,-0.27708717539034,-3.34910504892253
"cv",20,4,95.7810070138771,-0.867612811670693,-0.921606179183409,-0.390128975441182
"cv",40,1,191.257740005882,-3.93954173284609,3.32156944186741,-0.802641479056216
"cv",40,2,184.482933557228,-4.95177432291495,3.88541959353366,3.42553642088514
"cv",40,3,184.47774576232,-4.62445087257897,4.6214182562299,3.41336016900525
"cv",40,4,184.478304373717,-4.95034557516992,3.84442998527341,3.4213584723803
