"","","","","par1","par2","par3"
"cv",20,1,94.2618589343729,2.44106780279528,-0.519457415404065,-4.63336222270154
"cv",20,2,100.970817373844,-2.51815697411075,3.10260184342042,-1.88387411413714
"cv",20,3,94.1880944505391,2.42870651761903,-0.486979300186914,-4.60612990231301
"cv",20,4,94.935656956509,2.21784417137656,-0.908422579776283,-4.68217663374082
"cv",40,1,186.295785706,2.49128404389156,-0.838729059957224,-4.97488579867389
"cv",40,2,187.201967603211,2.74302366197499,0.00359781805552509,-4.74511891186105
"cv",40,3,187.223216195018,0.83964599600794,-0.0831420446531353,-1.55740476452031
"cv",40,4,187.427013747416,1.46369346567749,-0.184229312259282,-2.61140319650328
