"","","","","par1","par2","par3"
"cv",20,1,97.9290712077389,2.01224275192883,-4.9999997117868,-4.99999968524294
"cv",20,2,89.0996337281814,1.77562478994791,-4.9999989271451,-4.99999907055154
"cv",20,3,27.5330591938779,1.85922890855741,-4.99999915026494,-4.99999811147099
"cv",20,4,87.2262224346065,0.72437060242212,-4.09964069913477,-2.87962705094442
"cv",40,1,72.1835000489801,2.08806847613702,-2.10398669139194,-4.99997846878228
"cv",40,2,7.77906080180338,2.3147613613817,-4.8918322379604,-4.9998550340493
"cv",40,3,75.1297082722957,1.19319539708953,-4.99998499753493,-3.74614328154095
"cv",40,4,40.0566535062353,1.67093018120654,-4.99999950229664,-3.9772725897908
