"","","","","par1","par2","par3"
"cv",20,1,94.0730124257147,-2.13787202019782,1.42302374013761,-3.72967935761526
"cv",20,2,94.0730124257147,0.430207527982684,2.4890772712101,-3.2011219604161
"cv",20,3,94.0730124257147,-2.49007955091579,4.8998226911056,-1.14845281330819
"cv",20,4,94.0730124257147,-2.34348828449957,3.0378369221223,-4.03580080720323
"cv",40,1,184.139263695584,-2.0678081267106,3.97757873084626,-4.01332760087623
"cv",40,2,184.139263695584,-3.67003032575078,2.47775039324474,-2.15575771859115
"cv",40,3,184.139263695584,-2.57124621591825,4.03223388043764,-4.61343547779561
"cv",40,4,184.139263695584,1.76538972849803,2.71649540292311,-2.84814065810517
