"","","","","par1","par2","par3"
"cv",20,1,94.0730124257147,-2.32472583481242,3.60736555407653,-1.63077677566301
"cv",20,2,94.0730124257147,-2.33051260492592,2.47745718037752,-3.51813778501853
"cv",20,3,94.0730124257147,-1.18002580956644,0.623774942166718,-4.47407342421189
"cv",20,4,94.0730124257147,-4.19004917701706,4.08589687674344,-4.44163974903003
"cv",40,1,184.139263695584,-2.80262034349134,4.59653534296763,0.0376152238970294
"cv",40,2,184.139263695584,-2.08745406786605,0.577366354239542,-4.53570758867064
"cv",40,3,184.139263695584,-4.46111941599858,2.35252417674364,-2.49648611970065
"cv",40,4,184.139263695584,-2.41604916145799,2.51013382266577,-2.59301278388992
