"","","","","par1","par2","par3"
"cv",20,1,95.4599792819067,2.35441224765798,-4.99962988176345,-4.99999906846124
"cv",20,2,111.650967456232,1.9068475134134,-2.09008033027103,-4.99992766003993
"cv",20,3,53.2369254342117,2.45116861967399,-4.80883104444304,-4.99999905056551
"cv",20,4,25.3170628572194,2.41746849795958,-3.97643931430099,-4.99999934296954
"cv",40,1,199.14746907231,1.89035948423574,-1.63940844628623,-4.99468858194708
"cv",40,2,178.773443610602,1.95963940354654,-1.62390752780655,-4.99999878953348
"cv",40,3,186.586745639049,2.00311634078088,-1.61899919592233,-4.99998252835035
"cv",40,4,152.069224291032,2.15136094187749,-1.36484381681579,-4.99995340580409
