"","","","","par1","par2","par3"
"cv",20,1,140.992993894868,1.62416289689762,-2.61994620492589,-4.99999845698805
"cv",20,2,142.154049184278,-1.58810473289766,-1.61935882656435,-4.98028759398158
"cv",20,3,25.2322449934974,2.22029403589114,-4.55606679731192,-4.99999263969714
"cv",20,4,95.7908071026814,2.18893648629672,-4.77890734337242,-4.99999995701303
"cv",40,1,63.2712679989706,2.14146517297817,-2.47938657718319,-4.99998517506968
"cv",40,2,112.29166875989,2.04772560883727,-2.3847528253602,-4.99999862526183
"cv",40,3,141.015778985451,1.21157588933866,-2.32157495294415,-3.52652849173983
"cv",40,4,30.9828398742574,2.14862512723147,-2.49991476519773,-4.99997091034895
