"","","","","par1","par2","par3"
"cv",20,1,94.3733768776973,0.49494320306105,-1.31225710284031,-3.32846405272799
"cv",20,2,94.4690782417416,0.483243947542752,-1.3240786548147,-3.28167350774358
"cv",20,3,107.85877002553,-3.18852833225831,2.96619109367178,-4.01763565139845
"cv",20,4,94.3231264022832,0.489769625973048,-1.31709132817325,-3.21755810316533
"cv",40,1,191.707062380408,2.58877517251644,-1.12319428969063,-4.87729701795856
"cv",40,2,191.456696962427,2.61271438283967,-1.17534660138275,-4.99997231801705
"cv",40,3,189.429602383688,1.52862095502777,-1.40096775684803,-3.01053069671866
"cv",40,4,187.126090964282,2.85468463597574,-1.21819099088909,-4.99593033932645
