"","","","","par1","par2","par3"
"cv",20,1,94.0730124257147,-2.79044958679312,0.713272461891889,-3.30211791983707
"cv",20,2,94.0730124257147,-3.92399514856796,0.774640950059314,-3.39860548505657
"cv",20,3,94.0730124257147,-0.308082927256631,2.90887332615027,-3.12945029151444
"cv",20,4,94.0730124257147,-3.28882458404831,1.37025350448422,-3.71973932692734
"cv",40,1,184.139263695584,-4.15571456823057,3.89903167433831,-2.76155658278347
"cv",40,2,184.139263695584,-3.77462719424356,4.17949046796195,-0.628388907602206
"cv",40,3,184.139263695584,-1.89442434040222,4.11345722713168,-0.504904593032814
"cv",40,4,184.139263695584,-0.928943711585862,3.81496402091396,-1.44740267773759
