"","","","","par1","par2","par3"
"cv",20,1,94.0730124257147,-0.796340916659405,1.69201425618678,-2.31998354187964
"cv",20,2,94.0730124257147,-3.53216939155917,2.00735159024189,-2.70697364712445
"cv",20,3,94.0730124257147,-0.546717217657715,3.38163534305456,-1.70116054757075
"cv",20,4,94.0730124257147,-2.21622189261021,3.31370275530441,-3.74242392741981
"cv",40,1,185.497728184988,1.28371383983009,-0.764309886993053,-2.81759664154604
"cv",40,2,186.960047811723,1.82042442499609,-0.617689827900811,-3.71124789760395
"cv",40,3,184.811999273114,-4.9999891495592,-1.30743110853367,-1.55106644975316
"cv",40,4,192.9400609197,0.0117878946944907,-0.749955991748514,-1.85038787295185
