"","","","","par1","par2","par3"
"cv",20,1,100.970817373844,-0.114146682527755,3.96396717524641,-1.75582167686421
"cv",20,2,94.4143158976072,0.130910601996017,4.48903598239916,1.70249027163176
"cv",20,3,94.4492470327597,2.78873695054175,1.20093221922916,-3.18825761896057
"cv",20,4,94.4251082838365,4.02578890387949,3.77206358020975,-3.09288110943735
"cv",40,1,187.45253019735,-4.99321760932743,3.79983668958583,4.01598000391772
"cv",40,2,185.939473902514,-4.99811765036483,3.79750581576696,4.15671536039713
"cv",40,3,185.947384787101,-4.98533160151946,3.79595276217966,4.15681624135001
"cv",40,4,199.33611348977,-0.177764406676295,4.1552053146407,2.72152488589633
