"","","","","par1","par2","par3"
"cv",20,1,94.0730124257147,-0.0708454418127713,1.18974616683003,-2.97737718225175
"cv",20,2,94.0730124257147,-1.31117652798048,4.22224372049262,-1.5848399602244
"cv",20,3,94.0730124257147,-4.14752923596362,3.99035574251027,-3.75808818269426
"cv",20,4,94.0730124257147,-0.558064394120697,2.72744355881222,-0.618456775542548
"cv",40,1,184.838541203612,-4.99790280818909,3.80061675899079,3.67753481923293
"cv",40,2,184.837896251883,-4.99986011234418,3.80067731049361,3.67745949065422
"cv",40,3,198.363946223588,-4.17080537395735,2.95439441078882,-3.6125742486468
"cv",40,4,184.837548984067,-4.99756632462051,3.80163780550037,3.67737893085408
