"","","","","par1","par2","par3"
"cv",20,1,100.970817373844,-1.17651005245792,2.85748736671489,-0.565162334938087
"cv",20,2,94.4358831762909,1.92575682611001,3.73123189704407,1.00695099965227
"cv",20,3,94.4225818134868,0.651470588951453,3.85706356785464,2.89453272836761
"cv",20,4,94.4312202630343,1.3101881271169,3.78411673625937,2.12519007875747
"cv",40,1,184.139263695584,-1.81453696185183,3.038377920817,-1.02297836542881
"cv",40,2,184.139263695584,-2.53854277665461,-1.0235310768654,-4.78590201856803
"cv",40,3,184.139263695584,-1.31580793733597,1.9858648172632,-3.40776593565305
"cv",40,4,184.139263695584,-4.47276501441134,3.28898875998874,-1.91585900782689
