"","","","","par1","par2","par3"
"cv",20,1,94.0730124257147,-1.18792789440689,4.28548709653111,-4.51261844485998
"cv",20,2,94.0730124257147,-1.67831866147583,0.658638432964649,-3.4388486839864
"cv",20,3,94.0730124257147,0.0509628164776678,3.07313187942921,-1.7604455587739
"cv",20,4,94.0730124257147,-0.400372508174748,4.09876673094655,-0.956484242331336
"cv",40,1,184.940323443221,-1.07666209092001,-0.767351669871193,-0.998223086313404
"cv",40,2,194.921043215965,1.87205304397756,-0.597406769646912,-4.1549358863488
"cv",40,3,187.117332286003,-1.30663939542543,-0.53317779730624,-0.828874150719067
"cv",40,4,184.979808477205,-0.969796248572926,-0.815780860729612,-1.07041754753286
