"","","","","par1","par2","par3"
"cv",20,1,97.1277507072881,1.32042906697468,-4.02877315024597,-2.36385554714465
"cv",20,2,96.4037526271081,1.49114798004427,-4.12306545318923,-2.47053557481721
"cv",20,3,97.3672786859655,1.29962305817795,-3.83719108493239,-2.36857232330701
"cv",20,4,148.984843422124,-4.13588171579802,3.05734619498253,-2.58578004977493
"cv",40,1,191.227214800623,2.44743068604136,-1.65076388976351,-4.99774577394
"cv",40,2,188.229988314688,-4.99999942754266,-1.80972405546153,-2.03278844036639
"cv",40,3,200.350962626548,2.14355190893533,-1.05650440295825,-4.99135319135366
"cv",40,4,185.739869200613,-1.04313053388878,-1.37701369505703,-1.35717020707756
