"","","","","par1","par2","par3"
"cv",20,1,81.0086481199326,-4.99941706853883,3.79659857103144,3.48129551182094
"cv",20,2,92.5400460462086,-4.99846826720388,3.7905369514007,3.34242491779006
"cv",20,3,94.3254776131353,-4.99999290700757,3.80039786152705,3.33382902443171
"cv",20,4,76.8644156649524,-4.99990101528662,3.78955744728934,3.52812672062648
"cv",40,1,169.39111390048,-4.99809147245526,3.79995075587354,3.47457546413477
"cv",40,2,159.735983044904,-4.99987506497469,3.80017318402687,3.55274500684285
"cv",40,3,181.589189356123,-4.99993881260761,3.80013044377903,3.39051817313152
"cv",40,4,182.986979298472,-4.99956219402305,3.79800182811185,3.38262279065851
