"","","","","par1","par2"
"cv",20,1,80.837749058791,2.63907515372481,-1.77587305465943
"cv",20,2,85.8598399204664,1.99172656095752,-1.84183225793277
"cv",20,3,74.785526830055,4.99999999997937,-1.70241438416919
"cv",20,4,91.9136619680416,-4.99999999999966,-1.82834449635044
"cv",40,1,147.725132658784,0.451828407251175,-1.82558184033338
"cv",40,2,169.036326024864,0.381750634870821,-1.90870900697562
"cv",40,3,134.039154293696,-0.219178497401526,-1.78053217989174
"cv",40,4,140.534796303303,0.222726990179884,-1.825469748697
