"","","","","par1","par2"
"cv",20,1,53.2237656649616,-4.99999999999631,-0.791827066343522
"cv",20,2,50.1915094764629,-0.641677684410006,-0.776321914193066
"cv",20,3,75.7316589099276,-0.141049825091656,-0.893195838056332
"cv",20,4,82.6148565905961,-0.203569112886826,-0.933871390022314
"cv",40,1,137.162099440173,0.713586296649189,-0.906183959250899
"cv",40,2,152.685231120746,0.394754538473595,-0.926240873071895
"cv",40,3,115.310393983414,0.598745841419319,-0.854141404952288
"cv",40,4,106.144888124336,0.78981344499128,-0.82520232331082
