"","","","","par1","par2"
"cv",20,1,96.8820805880376,1.81522856294457,-4.99999999998968
"cv",20,2,97.7306902502598,1.78161366675681,-4.999999999954
"cv",20,3,85.2805638386498,1.99524524052594,-4.99999999831248
"cv",20,4,9.84454610929669,1.87198998309194,-4.9999999999889
"cv",40,1,194.589448490402,2.21768999535974,-4.99999999999994
"cv",40,2,191.964940059796,2.31430119549002,-4.999999999999
"cv",40,3,193.239877353719,2.24748469550434,-4.99999999999877
"cv",40,4,191.831295893147,4.99999995666885,4.99999997241953
