"","","","","par1","par2"
"cv",20,1,74.8973137248499,-4.99999999999803,-2.41212099448879
"cv",20,2,49.1252163628671,-4.9999999999998,-2.2502212849393
"cv",20,3,74.6860818330955,-4.01737511442041,-2.42802177329429
"cv",20,4,66.7846316334124,-4.99999999999171,-2.3749082646706
"cv",40,1,147.406679338338,-4.99999999999999,-2.36142619723501
"cv",40,2,149.965934650836,-4.99999999999943,-2.36586409465914
"cv",40,3,104.943725719121,-4.99999999999801,-2.22767040668885
"cv",40,4,152.684728387401,-4.99999999998859,-2.38004816522073
