"","","","","par1","par2"
"cv",20,1,91.7542260847011,4.67201462597869,-4.99844298476299
"cv",20,2,82.3845813238593,3.94425196114694,-4.98472281071779
"cv",20,3,79.0510930276459,4.45158208185502,-4.98890554256817
"cv",20,4,81.5838702402734,4.20211500721052,-4.98375526869741
"cv",40,1,164.098214740108,4.86617828618874,-4.99730490312793
"cv",40,2,151.109337009377,4.78475387468346,-4.99975240894455
"cv",40,3,159.961533460111,4.46946217454193,-4.99509899469934
"cv",40,4,159.417329448664,4.80479190591723,-4.99768156099575
