"","","","","par1","par2"
"cv",20,1,76.8083861104474,-4.99999999999952,-2.43513391365897
"cv",20,2,67.6904966091704,-4.99999999999432,-2.39547791506392
"cv",20,3,69.8008369289213,-1.94488394356759,-2.42322076469097
"cv",20,4,56.6063742593369,-4.99999999999822,-2.35897836484365
"cv",40,1,190.592475464337,-2.74943453954831,-2.43823486728524
"cv",40,2,148.25324294291,-2.74295946968421,-2.34022527832654
"cv",40,3,115.463046023408,-4.99999999999985,-2.20963049569518
"cv",40,4,135.479291222256,-2.79106326843507,-2.28722799022244
