"","","","","par1","par2"
"cv",20,1,90.4432778671338,-3.92439346080663,-1.143654177396
"cv",20,2,93.5685568619005,-4.9999999999994,-1.41230181639699
"cv",20,3,96.4073949635136,-4.99999999999789,-1.54422562448252
"cv",20,4,95.6130492485782,-4.99999999999938,-1.51659853727182
"cv",40,1,189.920859876533,-4.99999999999935,-1.7376520961945
"cv",40,2,185.612188734187,-4.99999999999012,-1.6796690527073
"cv",40,3,184.068493448671,-4.99999999999881,-1.67629717048078
"cv",40,4,176.766387074061,-4.99999999999802,-1.51326020591976
