"","","","","par1","par2"
"cv",20,1,92.7911541598396,4.99999999999009,-0.317799117331394
"cv",20,2,85.6518123408837,4.99999999998918,-0.219819924761364
"cv",20,3,85.6097680812488,-4.99999999998377,-0.2071878325723
"cv",20,4,97.8195606617337,4.99999999999425,-0.366955530390251
"cv",40,1,135.211269095319,-0.641291986466957,-0.297976583281026
"cv",40,2,176.519102747082,-0.686299853893095,-0.542538660396731
"cv",40,3,179.076676528042,-1.4310884743662,-0.541853820543008
"cv",40,4,178.485100515113,-4.99999999999968,-0.538220269759756
