"","","","","par1","par2"
"cv",20,1,71.9169845319322,-4.99999999998651,-1.52893334675011
"cv",20,2,97.4160482729341,-4.99999999999022,-1.75558985065389
"cv",20,3,83.3693600250961,-4.99999999999731,-1.6282380718212
"cv",20,4,77.2269510422854,-4.99999999999823,-1.57432129479599
"cv",40,1,172.136310281196,-4.99999999999666,-1.47974541843438
"cv",40,2,179.743268447338,-4.99999999997188,-1.54911504746041
"cv",40,3,181.500181936786,-4.99999999999798,-1.55853599338707
"cv",40,4,163.435107972377,-4.99999999998909,-1.43983146629595
