"","","","","par1","par2","par3"
"cv",20,1,53.2725567278646,-4.99966549260335,-0.557390025843179,-1.35347354900916
"cv",20,2,50.1862058128926,-0.644306574945712,3.20221449681383,2.42585797971176
"cv",20,3,75.7269034430562,-0.145215546553749,3.80081292883416,2.90716872271148
"cv",20,4,82.6007794012556,-0.228057231801494,1.8595843743085,0.925586072387925
"cv",40,1,137.159999680474,0.517116850251455,3.91812335800393,2.89598950818134
"cv",40,2,152.736623900997,-0.767394158447049,4.80678335202367,2.87372777639322
"cv",40,3,115.330400007559,0.597211877218717,3.80046694844092,2.94643042487927
"cv",40,4,106.287551641626,0.705272649983358,3.85183156505411,2.97589173776604
