"","","","","par1","par2"
"cv",20,1,74.3620428789447,0.444195122593106,-1.89572934844502
"cv",20,2,59.3075205057682,0.146572162887812,-1.85027771547813
"cv",20,3,73.2459874778548,0.438531046935243,-1.91557033339218
"cv",20,4,68.0996686400928,-0.323048531211118,-1.85195991258959
"cv",40,1,117.511970896547,-4.99999999997484,-1.97609993793529
"cv",40,2,113.122805562903,-0.925793845964159,-1.93583733525797
"cv",40,3,171.268977917536,-0.752713868825031,-2.08413860281198
"cv",40,4,93.3067947746322,-1.12156874902471,-1.87352156336059
