"","","","","par1","par2"
"cv",20,1,84.3981762633835,0.443436807666519,-1.91622428866861
"cv",20,2,64.3648152147307,0.453064621694033,-1.77096389995779
"cv",20,3,62.5670524552032,-0.308130051255769,-1.76063758591858
"cv",20,4,66.1483255316886,0.124511039863983,-1.82663604972434
"cv",40,1,142.896816662683,-4.99999999997374,-1.98506279002095
"cv",40,2,134.926411926498,-4.99999999998687,-1.95830540031767
"cv",40,3,111.346142363552,-4.99999999998654,-1.8811873173424
"cv",40,4,144.576103629494,-4.99999999996271,-1.97886071064698
