"","","","","par1","par2","par3"
"cv",20,1,51.3705818887295,-4.99999109011883,-2.29941686529516,-3.22870938372617
"cv",20,2,56.7774019906211,1.12139801017248,-2.18313766027959,-3.12698196277299
"cv",20,3,32.6776704581264,-0.986883478097673,-1.75500579534112,-2.745251926339
"cv",20,4,59.9830452558748,-4.99999998366285,-2.08901172227763,-3.08168277121422
"cv",40,1,69.4140237885248,2.18645652546594,-3.6212740654637,-4.36195587480137
"cv",40,2,48.4679072712774,1.95876805286476,-3.45878398747583,-4.17187836150466
"cv",40,3,25.338404541053,2.33106040904464,-3.88217603183407,-4.60080779462645
"cv",40,4,33.8086952880981,1.96258113905458,-3.55817181651978,-4.19348470495092
