"","","","","par1","par2"
"cv",20,1,59.5498063195076,4.99999999999793,-0.535966765575209
"cv",20,2,69.2360439789075,4.99999999998537,-0.612038182464966
"cv",20,3,72.5216847930859,4.99999999999956,-0.638119349749845
"cv",20,4,94.9857245399312,4.99999999999992,-0.75208276373212
"cv",40,1,122.944637114973,4.99999999999944,-0.536584939225968
"cv",40,2,168.711331038156,4.99999999999945,-0.696049335559243
"cv",40,3,173.808902925713,4.99999999999917,-0.711038191040052
"cv",40,4,133.155024009903,4.99999999999973,-0.581791014219126
