"","","","","par1","par2"
"cv",20,1,67.4603750538519,-4.9999999999936,-1.50379439892745
"cv",20,2,79.1553378126333,-4.9999999999966,-1.65758464654036
"cv",20,3,68.7547510027563,-4.99999999999814,-1.56416263380658
"cv",20,4,103.728802932562,-4.9999999999977,-1.79730390731257
"cv",40,1,141.312606557402,0.762439625020194,-1.95318352893115
"cv",40,2,124.825065482239,0.887621676954483,-1.91253222454312
"cv",40,3,129.995544429986,0.814129569846261,-1.91085562056269
"cv",40,4,175.149985693273,-0.543142734710203,-1.97725740433927
