"","","","","par1","par2","par3"
"cv",20,1,89.6979623737421,-4.99954364757479,3.79891655640209,3.35259213626766
"cv",20,2,80.4350408263517,-4.99942195270538,3.78813049569866,3.44762447457302
"cv",20,3,92.1752481807919,-4.9997908875629,3.80117487319021,3.33642462322662
"cv",20,4,80.0449871935968,-4.99967645114786,3.80023040922131,3.46973897004061
"cv",40,1,136.139528812315,-0.478976655434188,2.11377436963494,1.43695929916691
"cv",40,2,155.251719730607,-1.43692550921723,-0.340593120658737,-1.06262999413824
"cv",40,3,150.874733058505,-0.499156719676965,0.161945217220725,-0.556251293629462
"cv",40,4,145.457067682243,-4.99994882127037,3.79890026936131,3.11146490240783
