"","","","","par1","par2","par3"
"cv",20,1,68.3689545574882,-4.9974795057937,3.79520876358418,3.04422334367586
"cv",20,2,72.8995457838942,-4.99982813596567,3.73399246984743,2.96231388917524
"cv",20,3,68.5316020646313,-4.99943956570361,3.79029988650121,3.04164425420818
"cv",20,4,66.853156603471,-4.99918500450634,3.80423419942659,3.05907506790448
"cv",40,1,106.954462222191,-4.99999353175234,3.7916632806606,2.93891129144222
"cv",40,2,122.583895603737,-4.99949204050754,3.78244242414344,2.89017370028549
"cv",40,3,122.066823991573,-4.99619414280304,3.78455672511018,2.89967807172864
"cv",40,4,124.077523358467,-4.99984822204593,3.80056643159843,2.91048788174938
