"","","","","par1","par2"
"cv",20,1,72.8262079576123,-1.45822059748676,-1.80588831721234
"cv",20,2,77.3988789455404,0.614575121024322,-1.91314476294923
"cv",20,3,70.8800221140092,0.628203645914429,-1.9034344897587
"cv",20,4,71.7925785548012,0.587478231868826,-1.86073996312953
"cv",40,1,129.915566507233,4.99999999999746,-1.85191780865285
"cv",40,2,130.147748253219,4.9999999999994,-1.79885489240603
"cv",40,3,155.479418010819,0.364248246304403,-1.92397784794943
"cv",40,4,152.341669945122,4.99999999999885,-1.86942057415614
