"","","","","par1","par2"
"cv",20,1,64.3279790881921,-4.99869841223884,-2.33596941385145
"cv",20,2,65.5061662663421,-4.99999999999946,-2.31881499479641
"cv",20,3,63.325277401431,-4.94366311408255,-2.34685678225227
"cv",20,4,79.9127074992493,-4.99999999998471,-2.39836518483006
"cv",40,1,143.776524328061,-1.96362890414253,-2.3976899145047
"cv",40,2,130.353513124209,-1.83235032706332,-2.37031461717295
"cv",40,3,120.34629723113,-4.54450240314601,-2.31781959534009
"cv",40,4,147.060541203615,-2.04928364787117,-2.43810696521966
