"","","","","par1","par2"
"cv",20,1,76.8547197482409,-4.99999999999773,-0.674001251612392
"cv",20,2,71.5510916557912,-0.922808731005576,-0.646123282542773
"cv",20,3,69.1499487647076,-0.943043921327877,-0.629512561804519
"cv",20,4,85.1504791152467,-0.999044256777859,-0.740032788917017
"cv",40,1,148.833830413742,-4.99999999999764,-0.623193898296503
"cv",40,2,157.883106827606,-4.99999999999031,-0.655216333573032
"cv",40,3,157.733017137248,-4.99999999999356,-0.659326124686666
"cv",40,4,154.968586109762,-4.99999999999892,-0.646297001863476
