"","","","","par1","par2"
"cv",20,1,92.1776971162533,4.71447603796279,-4.96586291373842
"cv",20,2,91.1231115755067,4.5239887139267,-4.9500333774098
"cv",20,3,85.4523453221865,4.77083142340723,-4.91282517708098
"cv",20,4,87.3358985595807,4.27487037372949,-4.96071790965835
"cv",40,1,182.707601022591,4.64627461139303,-4.98712543747283
"cv",40,2,171.065032759364,4.99361841427003,-4.99743247713644
"cv",40,3,158.068125186126,4.66061239165786,-4.99312452326205
"cv",40,4,169.535331986022,4.67844601076868,-4.98515381193056
