"","","","","par1","par2"
"cv",20,1,95.9158042687715,4.99999988805083,4.99999998734049
"cv",20,2,96.607520725945,1.68259814609819,-3.79333712108479
"cv",20,3,96.5151542205736,1.69811497882289,-3.80896156084258
"cv",20,4,96.7764479345767,1.59564967494338,-3.71055701741918
"cv",40,1,192.386288397364,0.956016740982971,-2.99785361104887
"cv",40,2,168.658017856261,0.873639289527094,-3.0480141074152
"cv",40,3,132.068723679798,1.13442633196726,-2.97712991669028
"cv",40,4,181.446639061184,0.927243375072172,-2.95162394338152
