"","","","","par1","par2"
"cv",20,1,94.5962657944901,0.506172614786163,-4.97239350375576
"cv",20,2,80.7949791654758,0.545991581651917,-4.98723434953394
"cv",20,3,83.2813528761475,-1.12875430930363,-4.98106074069329
"cv",20,4,77.6855955422213,0.326079550187425,-4.99567908826425
"cv",40,1,174.679603105285,-2.16174837363706,-4.99298173488359
"cv",40,2,159.505447323926,0.536066503476351,-4.99425571067049
"cv",40,3,180.449166131998,-1.44876664067782,-4.99419301517477
"cv",40,4,167.547150738234,-2.63440239006952,-4.93615430743548
