"","","","","par1","par2"
"cv",20,1,95.9158112927239,4.99999999904283,4.99999999040021
"cv",20,2,95.9158112876025,4.9999999914299,4.99999998275872
"cv",20,3,95.9158112218186,4.99999996505848,4.99999996505697
"cv",20,4,95.915811253708,4.99999998905385,4.99999999834206
"cv",40,1,191.831622700985,4.99999995652073,4.99999999676196
"cv",40,2,191.831622452709,4.9999999500572,4.99999999800658
"cv",40,3,191.831622591988,4.99999998806403,4.99999999385609
"cv",40,4,191.83162266467,4.99999999930826,4.99999999832307
