"","","","","par1","par2"
"cv",20,1,63.7154537451997,4.99999999999958,-0.92993831434626
"cv",20,2,60.5327401743229,4.99999999999695,-0.915251788011838
"cv",20,3,77.0547133842714,0.861332590730076,-0.912931036952316
"cv",20,4,62.1576220559872,4.9999999999997,-0.918178245501432
"cv",40,1,138.363822464648,4.99999999999996,-1.02561464842961
"cv",40,2,130.236891744217,4.9999999999999,-1.00863019836282
"cv",40,3,98.8522249207723,4.99999999999998,-0.917168782577987
"cv",40,4,78.3574133770825,4.99999999999936,-0.858568977456521
