"","","","","par1","par2"
"cv",20,1,48.9418508039106,-0.588262544577571,-2.39635113636334
"cv",20,2,95.754788593457,-0.650342418691288,-2.63706272113789
"cv",20,3,63.0958607433237,-0.68594108491179,-2.48320896381496
"cv",20,4,44.9339557195497,-1.11867628559211,-2.36848030026526
"cv",40,1,126.039096999205,-0.50503021548146,-2.75170832173975
"cv",40,2,84.0738726984445,-0.539260277320411,-2.62591943180767
"cv",40,3,84.0374860529793,-0.362869139581321,-2.62736575108674
"cv",40,4,111.115656257449,-0.996867735008952,-2.72740913828667
