"","","","","par1","par2"
"cv",20,1,46.6551133988216,-4.9999999999993,-2.44255829186324
"cv",20,2,57.6055021536443,-4.99999999999254,-2.45583854404339
"cv",20,3,83.1763937633586,-4.760088630367,-2.57564847346316
"cv",20,4,45.8841490834169,-4.99999999999761,-2.41726318450396
"cv",40,1,113.357056726583,-4.71720834734619,-2.3764579473077
"cv",40,2,112.172139012013,-1.65926191420434,-2.39308511380626
"cv",40,3,126.60907591856,-4.27458099078161,-2.41723388898643
"cv",40,4,171.112652253905,-4.42001554020153,-2.51922941621966
