"","","","","par1","par2"
"cv",20,1,72.3445857769318,-1.15281004563723,-2.20440554321671
"cv",20,2,90.9578867916696,-1.25067283522099,-2.30977071741387
"cv",20,3,74.2706926112431,-1.29346097190895,-2.22957648953094
"cv",20,4,98.0574202997433,-4.38046195953159,-2.15443321917439
"cv",40,1,201.262212509621,-0.416106088909084,-2.27037268727527
"cv",40,2,193.880273919613,-0.353187482177356,-2.26485755175621
"cv",40,3,154.083804897969,-0.299442209472755,-2.09326970761777
"cv",40,4,191.14932572298,-4.99999999999117,-1.88203401103319
