"","","","","par1","par2"
"cv",20,1,59.4181398393447,-4.99999999999093,-2.174729066592
"cv",20,2,67.6816092524842,-0.0653020976922495,-2.19387949735586
"cv",20,3,41.5425565183766,-0.0957743470792882,-2.09270012392583
"cv",20,4,41.5836375096806,-0.212828735993605,-2.08148964395261
"cv",40,1,116.773615964801,-4.99999999997985,-1.6687242697617
"cv",40,2,175.43143241987,-4.99999999998994,-1.8765154476713
"cv",40,3,176.419847663971,-4.99999999999113,-1.87386473230068
"cv",40,4,129.183916570044,-4.99999999999889,-1.68669784215875
