"","","","","par1","par2"
"cv",20,1,84.8968572656111,-0.266165254742444,-4.9538993201915
"cv",20,2,85.9603594124671,-2.49640822700565,-4.9823552702509
"cv",20,3,87.4436653781903,-3.61793025483134,-4.99814920151572
"cv",20,4,82.7533137813274,-0.024370732396221,-4.99415646302253
"cv",40,1,155.984183610145,-1.43807266590267,-4.99648158643426
"cv",40,2,164.360701090163,-0.210526874878219,-4.99891829019781
"cv",40,3,167.330728855714,-3.57070774737272,-4.98398179049679
"cv",40,4,166.93118121331,0.32128051727112,-4.98562020831717
