"","","","","par1","par2"
"cv",20,1,62.6635640054141,-4.99999999999913,-0.679959258480538
"cv",20,2,63.183877853381,-4.99999999998322,-0.686531519411741
"cv",20,3,66.4580483640439,-4.99999999999892,-0.703214419445167
"cv",20,4,96.0271061149273,-4.99999999999891,-0.846566510937783
"cv",40,1,143.03563956317,-4.99999999999517,-0.828406353206937
"cv",40,2,150.633424970386,-4.99999999997878,-0.844572222583335
"cv",40,3,113.335786536247,-4.99999999997972,-0.762454011995206
"cv",40,4,119.638365738913,-4.99999999999659,-0.776196450881516
