"","","","","par1","par2"
"cv",20,1,69.6198013414693,-4.99999999999892,-0.732031193535333
"cv",20,2,65.3748567924451,-4.99999999999871,-0.701718465416883
"cv",20,3,70.3567914152727,-4.99999999999411,-0.732526626023998
"cv",20,4,77.4518081871809,-4.99999999999698,-0.764821562406403
"cv",40,1,129.856523137708,-4.9999999999985,-0.825412051967114
"cv",40,2,127.994758505668,-4.99999999999819,-0.822011538979614
"cv",40,3,129.149626709401,-4.99999999999097,-0.82948332656205
"cv",40,4,126.034311244631,-4.99999999999571,-0.819529799823563
