"","","","","par1","par2"
"cv",20,1,52.7410804418767,2.11751054884676,-4.99999999981302
"cv",20,2,24.8782066158526,2.05831606176842,-4.99999999994596
"cv",20,3,5.67416384345859,2.06480406185637,-4.99999999998794
"cv",20,4,55.7957969712901,1.82875419941284,-4.99999999999533
"cv",40,1,50.260929704287,2.09347313156439,-4.99999999994774
"cv",40,2,30.0349371714025,2.14904662787084,-4.99999999997444
"cv",40,3,95.5523145832733,2.14251596314279,-4.99999999999553
"cv",40,4,45.2175436445121,2.08098910116318,-4.99999999998396
