"","","","","par1","par2"
"cv",20,1,67.8514681780461,4.999999999999,-0.735860149895205
"cv",20,2,79.4912472641496,4.99999999999896,-0.801518619411632
"cv",20,3,80.2066142989172,4.99999999999985,-0.797747004876286
"cv",20,4,48.7921157447152,4.99999999997331,-0.613436497555784
"cv",40,1,90.2904543394414,4.99999999999924,-0.873175159473436
"cv",40,2,165.551485176585,4.99999999999889,-1.05364654060041
"cv",40,3,108.063013557145,4.99999999999975,-0.904279029619689
"cv",40,4,96.6271755172506,4.99999999999967,-0.874847322592046
