"","","","","par1","par2"
"cv",20,1,84.1426963001634,4.99999999999949,-0.757530740562477
"cv",20,2,77.2597212102118,4.99999999999956,-0.720491175215601
"cv",20,3,69.8646015507469,4.99999999999871,-0.685514350192709
"cv",20,4,54.942409135648,4.99999999999988,-0.571708565648763
"cv",40,1,133.963496800225,4.99999999999987,-0.693434326196066
"cv",40,2,135.154848942484,4.99999999999928,-0.697902521772397
"cv",40,3,206.468512067849,4.99999999999588,-0.860127547560336
"cv",40,4,204.651329201554,-0.432187743500041,-0.731345762584428
