"","","","","par1","par2"
"cv",20,1,78.9505895870191,0.624035247622468,-1.49931663135311
"cv",20,2,82.5201579555891,0.657939081292604,-1.48161576153327
"cv",20,3,85.9765072310916,-4.99999999999436,-1.48401014619064
"cv",20,4,99.5491227170639,0.493944382528759,-1.71974675800794
"cv",40,1,126.517675160423,-4.99999999999364,-1.92709353149843
"cv",40,2,136.965482120054,-4.99999999998346,-1.95020195408338
"cv",40,3,125.082447660499,-4.99999999999565,-1.86672916355648
"cv",40,4,134.144788143964,-4.99999999997501,-1.91050024707638
