"","","","","par1","par2"
"cv",20,1,98.4601385203099,1.07193301989008,-3.60296680696423
"cv",20,2,61.5653150807209,1.54283892177036,-4.17769808518153
"cv",20,3,85.9130973351391,1.22881589810629,-3.57681385114549
"cv",20,4,20.401460268344,1.23196552909633,-3.65703537034277
"cv",40,1,193.704386271682,2.07345722233206,-4.99999999747921
"cv",40,2,126.228270326095,0.974636734824459,-3.09753272059869
"cv",40,3,25.7418678598126,0.945663860524159,-3.06085520048851
"cv",40,4,149.679027502976,0.792894159778992,-2.98551820698973
