"","","","","par1","par2"
"cv",20,1,78.4716752498285,2.69366365951705,-0.656534670836788
"cv",20,2,82.4608610639309,2.05087864908367,-0.697059810231141
"cv",20,3,73.5491575345733,4.99999999999875,-0.61105553418363
"cv",20,4,92.9717320328064,-4.99999999998811,-0.727398745725779
"cv",40,1,148.245170521505,0.340580741519926,-0.734751186048354
"cv",40,2,166.06164236645,0.266131409317241,-0.771355580634042
"cv",40,3,131.581673384533,-0.623410396218411,-0.657782973566733
"cv",40,4,141.387336136728,0.0399589998971365,-0.71221615267494
