"","","","","par1","par2","par3"
"cv",20,1,81.1057379553363,0.375171136257049,3.7971514935,2.9219535394378
"cv",20,2,63.5422667704355,0.307921725084377,-0.562109488214354,-1.35388945653512
"cv",20,3,61.0840839299029,-0.442844595636839,2.581358900197,1.81875900467868
"cv",20,4,65.8149680116673,0.0186994733217275,1.31408554787953,0.51359546485018
"cv",40,1,138.244443219314,-4.99928055837637,3.79809934816133,2.97684970241548
"cv",40,2,133.990274564895,-4.99599126625372,3.80562448066726,2.9866588234737
"cv",40,3,109.831746184875,-4.99984791453298,3.80268182212734,3.05564900046055
"cv",40,4,144.711718264061,-4.99780481393792,3.80765535062984,2.96551754845933
