"","","","","par1","par2"
"cv",20,1,95.9158112184132,4.99999999939399,4.99999998718416
"cv",20,2,95.9158112269724,4.99999992803632,4.99999999092267
"cv",20,3,95.9158109457154,4.99999994415381,4.99999996817048
"cv",20,4,95.9158113291438,4.99999998063927,4.99999997171532
"cv",40,1,192.234877986102,2.72097248144109,-4.50998893822044
"cv",40,2,191.831620653904,4.99999997252332,4.99999999092527
"cv",40,3,191.950720840838,2.50137211161048,-3.92304578400952
"cv",40,4,192.208338463505,2.7889823194248,-4.63027081680712
