"","","","","par1","par2"
"cv",20,1,95.9158105462053,4.99999998231603,4.99999996978996
"cv",20,2,95.9209445043085,4.99999999649434,-4.99999999353327
"cv",20,3,95.9158106026471,4.99999998352281,4.9999999418546
"cv",20,4,95.92077394143,4.99999999331484,-4.99999999993051
"cv",40,1,193.388631295553,0.555589389509767,-2.46566806005867
"cv",40,2,193.941528946827,0.537093974991576,-2.39122300960106
"cv",40,3,193.99790447586,0.484673619316658,-2.3797554394343
"cv",40,4,191.831612357004,4.99999993426384,4.9999999949071
