"","","","","par1","par2"
"cv",20,1,76.9528342111753,-4.99999999998825,-0.955364401960098
"cv",20,2,63.6555907868208,-0.423895714483658,-0.921761380832381
"cv",20,3,61.5966744725622,-0.328355844068325,-0.91350131196228
"cv",20,4,38.7145869156309,-0.500362970335889,-0.804589397788536
"cv",40,1,140.289103971539,-4.99999999999972,-0.540671630901932
"cv",40,2,172.267800370491,-4.99999999999619,-0.653996253902394
"cv",40,3,138.535051421937,-4.99999999999957,-0.534984079154725
"cv",40,4,173.700226837616,-4.99999999999786,-0.658508091080492
