"","","","","par1","par2"
"cv",20,1,95.9158112525685,4.99999996576322,4.99999986172178
"cv",20,2,95.9158111827299,4.99999999485419,4.9999999519001
"cv",20,3,95.915811153318,4.99999999920929,4.99999995159617
"cv",20,4,95.9158104661863,4.99999999272797,4.99999996855322
"cv",40,1,191.831622547921,4.99999998396564,4.99999999741932
"cv",40,2,191.831622510146,4.99999999571312,4.99999997306644
"cv",40,3,191.831622651874,4.99999999454028,4.99999998793635
"cv",40,4,191.831621916144,4.99999998463372,4.99999999224167
