"","","","","par1","par2"
"cv",20,1,81.9957868584491,0.983170510565963,-1.87359850438548
"cv",20,2,91.5425445055942,0.927964549923736,-1.99179003562286
"cv",20,3,84.0961397082367,1.56986991228322,-1.9012190615016
"cv",20,4,85.4465016222434,4.99999999998818,-1.91117367648897
"cv",40,1,163.499084485529,-0.148466054673894,-2.02480095514625
"cv",40,2,171.625995964622,-0.0520733845140563,-2.0471473938503
"cv",40,3,171.04724280473,-0.365113727504434,-2.05374364178729
"cv",40,4,165.395939956129,-0.223907889463458,-2.02941302610289
