"","","","","par1","par2"
"cv",20,1,74.1827453761444,-1.11441706902643,-2.65119019179269
"cv",20,2,49.9239763602591,-0.998259002407567,-2.52599580258417
"cv",20,3,56.5547815134052,-1.04977302204451,-2.57155491097679
"cv",20,4,50.5431240691637,-1.83239004674425,-2.50417447249968
"cv",40,1,136.375492697204,-0.0105539422278554,-2.61315100054768
"cv",40,2,88.3304036375888,-0.144351812140724,-2.52804007522466
"cv",40,3,109.407272438928,-1.16760306519301,-2.50752858700665
"cv",40,4,135.456211686956,-0.0924787515011602,-2.62763812167246
