"","","","","par1","par2"
"cv",20,1,65.1018147893074,-4.99999999999754,-1.72324889640869
"cv",20,2,65.3986128691663,-4.99999999996597,-1.71893541439532
"cv",20,3,66.5128574859639,-4.99999999995969,-1.75823135436471
"cv",20,4,105.561365071131,-4.99999999999983,-1.99723196703816
"cv",40,1,149.729048288485,-4.99999999999241,-1.92223339383618
"cv",40,2,155.276390276692,-1.28618415109929,-1.9538270371461
"cv",40,3,117.638381926663,-4.9999999999976,-1.83127352178894
"cv",40,4,121.102669659809,-4.9999999999648,-1.82818790400922
