"","","","","par1","par2"
"cv",20,1,96.1375173354758,-4.99999975783527,-0.300245418461395
"cv",20,2,96.2280273899906,-4.99999998824209,-0.512198527066691
"cv",20,3,95.9158106115376,4.99999999608327,4.9999998142167
"cv",20,4,95.9170106399194,-4.99998563586716,3.67012643924968
"cv",40,1,191.414303721597,1.42527016212597,-2.18047255927901
"cv",40,2,191.210206583226,-4.9999999973207,-0.429161532142821
"cv",40,3,191.594078205752,1.08673081335025,-1.81701299302777
"cv",40,4,193.422433489371,-4.99999997734258,-1.43056882395958
