"","","","","par1","par2"
"cv",20,1,74.2173550328362,-4.99999999999759,-0.712116416091449
"cv",20,2,54.3597991228328,-0.687436568592097,-0.593458736761757
"cv",20,3,93.2074965315517,-0.394319750817216,-0.823112708207979
"cv",20,4,73.0535132976552,-0.534223608439445,-0.726731141478565
"cv",40,1,112.10701525486,-0.919228633759047,-0.746550056849736
"cv",40,2,148.839194293667,-4.99999999994376,-0.829896041789154
"cv",40,3,128.174552375539,-4.99999999998041,-0.774478167437657
"cv",40,4,142.288925485206,-0.760710087908857,-0.822943408338018
