"","","","","par1","par2"
"cv",20,1,33.0509252208113,1.97335771007603,-4.9999999999912
"cv",20,2,17.4905904734827,1.93185085768788,-4.99999999998461
"cv",20,3,20.4246504711722,2.04036275140449,-4.99999999999967
"cv",20,4,51.6739971113845,2.06302363093147,-4.99999999990136
"cv",40,1,24.5930529304549,0.973258575423345,-3.22370275131018
"cv",40,2,20.7228315911635,0.593316463191411,-3.090334150806
"cv",40,3,50.5521242175822,0.622653523091819,-3.12724092101807
"cv",40,4,76.6248819186043,0.527629227731326,-3.19517762053127
