"","","","","par1","par2","par3"
"cv",20,1,35.3846090470205,1.78424399706769,-3.88087095492462,-4.08275166567164
"cv",20,2,80.8361671585225,1.49828292412666,-3.5056141722746,-3.65754969214808
"cv",20,3,44.9886002699473,1.17451326613115,-3.04055777184435,-3.33963004148817
"cv",20,4,15.6792364229674,1.27167301105451,-3.29998287347126,-3.52378099747481
"cv",40,1,95.2773859798153,2.51719104994295,-4.77022848622502,-4.99806504158394
"cv",40,2,51.1334505135231,2.33875670704901,-4.68931188187253,-4.99983675510893
"cv",40,3,51.5260741621284,2.44906944327183,-4.69094092370399,-4.99999067318517
"cv",40,4,52.6183092821478,2.44199125916155,-4.63040208294785,-4.99999961281546
