"","","","","par1","par2"
"cv",20,1,101.688038561783,-0.943529105255949,-2.70922800813801
"cv",20,2,54.6346087355834,-1.54738225986606,-2.53838396698368
"cv",20,3,38.2879348761301,-1.12043928171826,-2.45130590482424
"cv",20,4,36.6845660418922,-1.39082410375308,-2.43133876972567
"cv",40,1,217.654965149479,0.891868284148721,-4.97835105878162
"cv",40,2,47.5265176374724,-0.228900025381031,-2.79518541411718
"cv",40,3,70.2489008705038,-0.424536281571189,-2.83398386867696
"cv",40,4,67.5573152206689,-0.185965293390199,-2.84646322594114
