"","","","","par1","par2"
"cv",20,1,84.0297512847126,-4.99999999998265,-2.16503112804533
"cv",20,2,69.7687899455405,-4.99999999998912,-1.97901595178068
"cv",20,3,95.6810326148644,-4.78841489320224,-2.23506268696018
"cv",20,4,76.9780132365429,-4.99999999999423,-2.0786792250968
"cv",40,1,152.932568082672,-3.03491427195458,-1.88246256794486
"cv",40,2,181.362297037381,-3.0208945024927,-2.06371413260769
"cv",40,3,190.070868516281,-4.99999999999993,-2.12079345459391
"cv",40,4,157.854186636653,-3.12851135367934,-1.94689501832149
