"","","","","par1","par2","par3"
"cv",20,1,91.153153398567,-4.999750556498,3.8001647390678,3.29562453955397
"cv",20,2,86.0832086497406,-4.99633827876996,3.78570535854109,3.32120131767033
"cv",20,3,81.1580136180828,-4.99284969603271,3.81525583379477,3.40027076432029
"cv",20,4,79.5060831576547,-4.99998624250243,3.56943442667105,3.17959214598671
"cv",40,1,148.198651999528,-0.241386696685486,0.0290509062215339,-0.690640075455842
"cv",40,2,168.320712701933,-2.90853886940025,-0.598260612718856,-1.34402639599962
"cv",40,3,151.821092568604,-0.466511872094466,-0.310807044208109,-1.02785814079111
"cv",40,4,124.469633752473,-0.390634571246128,-0.462876300311734,-1.09588753781636
