"","","","","par1","par2","par3"
"cv",20,1,55.1426565070093,1.36579716216433,-3.01355802248237,-3.40886271412059
"cv",20,2,21.9994733170238,-4.99999331633887,-2.21403538992068,-2.92372900365692
"cv",20,3,23.3574353452479,1.63893624767572,-2.72612815147642,-3.34239530972927
"cv",20,4,83.2999512905075,1.42149109029975,-2.73769687643208,-3.34235002021379
"cv",40,1,64.575898294061,2.15049895202926,-4.66923732489241,-4.92542342846812
"cv",40,2,106.988405801017,2.28879010405873,-4.7166290059632,-4.9999991097154
"cv",40,3,52.3718706353938,1.29581615611391,-2.86223751261526,-3.22209397727253
"cv",40,4,15.4813294546219,2.34727091242744,-4.69460628553117,-4.99998250000148
