"","","","","par1","par2"
"cv",20,1,53.7076940266069,4.99999999998804,-0.409515566358091
"cv",20,2,77.4027742529859,4.99999999999972,-0.610755440042956
"cv",20,3,88.6919948569889,5,-0.675008224552903
"cv",20,4,88.2360836154086,4.9999999999996,-0.670659264849637
"cv",40,1,122.626638301414,4.99999999999956,-1.02956443386473
"cv",40,2,90.548336401166,4.99999999999997,-0.93739662744117
"cv",40,3,84.9232912879889,4.99999999999737,-0.904748369214435
"cv",40,4,121.749227636218,4.99999999999785,-1.01576037217818
