"","","","","par1","par2"
"cv",20,1,86.6677597677708,-2.28929941219262,-4.94369521798355
"cv",20,2,93.0395420210304,-0.844623149014047,-4.96755690778253
"cv",20,3,89.401361931154,-0.642401398872403,-4.98696850153357
"cv",20,4,84.3497170321284,-4.49060032366243,-4.9968032212542
"cv",40,1,178.638043514695,-1.83508501893076,-4.98304240080012
"cv",40,2,183.447212731051,-1.73977304799328,-4.9862106189674
"cv",40,3,182.89837977564,-0.415751519612968,-4.92127205122056
"cv",40,4,171.242808888634,-0.306159861984647,-4.99517620612926
