"","","","","par1","par2"
"cv",20,1,58.0214865104962,-1.76898027212855,-1.79025467993355
"cv",20,2,54.793251020207,-4.9999999999888,-1.7566649453563
"cv",20,3,80.322782216807,-0.132484964346902,-1.94755890550615
"cv",20,4,85.5324963961062,-0.180463531040271,-1.98782459878002
"cv",40,1,142.423674420887,0.91233639292551,-2.0265941274437
"cv",40,2,162.514024227722,0.569928021141326,-2.06814123328297
"cv",40,3,117.811866177484,0.768219584650341,-1.96805538637616
"cv",40,4,111.787326164044,1.01127627954061,-1.92245389447282
