"","","","","par1","par2","par3"
"cv",20,1,53.3542379603715,-4.99989953457009,3.30008055647562,2.4054472954161
"cv",20,2,43.3681859332046,-1.43762143232339,0.32467843472293,-0.529161068321856
"cv",20,3,58.8362602086753,-0.873922193500336,-0.208820997502251,-1.12972318381068
"cv",20,4,76.916897360948,-0.87786950496691,0.295776391220561,-0.699514230691527
"cv",40,1,109.355954062866,0.247945994633954,0.484033149113173,-0.526307704995977
"cv",40,2,72.673640452538,0.24459472372246,-0.234101417072986,-1.15983819859049
"cv",40,3,105.15821093118,0.206927678824499,0.0464924831637668,-0.93332900894884
"cv",40,4,157.759464541834,-0.0057446637957556,3.80453710071276,2.70821230168888
