"","","","","par1","par2","par3"
"cv",20,1,42.9597265293286,-4.99974146974558,3.79913563427033,2.86040979511893
"cv",20,2,52.7428835635575,-4.9997728591914,3.79999816869523,2.83088391093172
"cv",20,3,81.344362180321,-4.99996432480455,3.80177084820017,2.71522615518618
"cv",20,4,37.9014509694048,-4.99839129917197,3.79561094571335,2.87544798542068
"cv",40,1,109.460731305489,-2.26428950620203,3.8277681789979,2.98021646268733
"cv",40,2,104.509931796787,-1.86211426158628,4.00173968326968,2.99168000919284
"cv",40,3,119.303617086567,-4.9999365044888,3.79682455921153,2.95906993387565
"cv",40,4,169.914194630333,-1.11543927184084,3.80079752272902,2.84931105393827
