"","","","","par1","par2"
"cv",20,1,88.6303725809701,4.99999999999963,-1.8074751444864
"cv",20,2,77.6518520887603,4.99999999999965,-1.69673746058948
"cv",20,3,73.7212061618381,4.99999999999976,-1.71052551740804
"cv",20,4,58.2520362418884,4.99999999999939,-1.54927067674637
"cv",40,1,137.389877330666,4.99999999999948,-1.73132318699937
"cv",40,2,136.439186224462,4.99999999999967,-1.73044769680636
"cv",40,3,222.476986807426,4.99999999999886,-1.9755304490102
"cv",40,4,193.647725648685,-0.231606339757503,-1.75353963194957
