"","","","","par1","par2"
"cv",20,1,73.623843985046,-4.9999999999847,-1.42577843738868
"cv",20,2,83.029839495656,-4.99999999999654,-1.54902487618689
"cv",20,3,108.709221932299,-4.99999999999639,-1.73649264220845
"cv",20,4,75.6461237070139,-4.99999999999433,-1.40354141394394
"cv",40,1,173.337392952928,-4.9999999999818,-1.92667759680728
"cv",40,2,134.067998764901,-4.99999999997674,-1.79944223491469
"cv",40,3,133.810607661177,-4.99999999998891,-1.80193637217763
"cv",40,4,146.820799161948,-4.9999999999789,-1.83732204398646
