"","","","","par1","par2"
"cv",20,1,55.481284037637,0.325018281868111,-2.18514286259863
"cv",20,2,42.1279590052101,-0.10631005143284,-2.09948479053855
"cv",20,3,49.7395871340192,-0.103770378050329,-2.15264707457487
"cv",20,4,45.5754252952646,0.339770102122592,-2.18076688804433
"cv",40,1,161.196006306188,0.447337782276977,-2.08757629867604
"cv",40,2,100.847018198595,0.339892052417638,-1.92220761262512
"cv",40,3,125.579192654363,-0.107840099108353,-2.03314872633714
"cv",40,4,116.254612859436,0.507459549262786,-1.98207406241887
