"","","","","par1","par2","par3"
"cv",20,1,68.9718222760051,-4.99948722931525,3.80057576156824,3.03590508727568
"cv",20,2,58.020868665349,-4.99781869254325,3.80063077645497,3.0942146025558
"cv",20,3,88.6621065412754,-4.99665931158762,3.80179529137055,2.9499577658952
"cv",20,4,61.0583446821265,-4.99884094049403,3.80215930520462,3.0825817188039
"cv",40,1,155.968997796498,-4.99946049335118,3.79812852289943,3.23899143380419
"cv",40,2,145.566854175979,-4.9958822336219,3.78920526145364,3.27456248112395
"cv",40,3,166.151863403179,-4.99993328746015,3.80064990341432,3.21003812514015
"cv",40,4,164.291563602222,-4.99922318303107,3.79768826154774,3.20646268142835
