"","","","","par1","par2"
"cv",20,1,95.3011867414774,-0.541370425809835,-4.99782101701755
"cv",20,2,93.7451812638605,-4.95749165060827,-4.98555336509172
"cv",20,3,92.0384332690136,-2.17703055619307,-4.96128483482785
"cv",20,4,86.1919642345669,-2.35172538709941,-4.81268124264199
"cv",40,1,183.294250308891,-3.37751668987401,-4.95477115599422
"cv",40,2,179.348048172439,-2.45683732075601,-4.98430972334783
"cv",40,3,174.179047435386,-2.68595152019989,-4.96986268074031
"cv",40,4,185.59059705625,-4.41423244935505,-4.95377369898913
