"","","","","par1","par2"
"cv",20,1,80.874605998423,-2.327908368042,-4.99060796502485
"cv",20,2,87.9046200312056,-1.99833738350652,-4.99097054380871
"cv",20,3,88.549398106703,-1.34960564730423,-4.99358554897245
"cv",20,4,82.3935720807027,-0.234701226294588,-4.99566761972065
"cv",40,1,170.109005939709,0.27214059018545,-4.98672211099451
"cv",40,2,163.057369540103,-2.13915340255911,-4.98509684811726
"cv",40,3,164.578888280574,0.552594761240627,-4.96447007197564
"cv",40,4,170.790435833626,-3.85319752928235,-4.99253096820578
