"","","","","par1","par2"
"cv",20,1,81.7250188661789,1.68461863347857,-0.325057770211669
"cv",20,2,91.4299463731797,1.74179512778206,-0.432155364941141
"cv",20,3,83.371964217603,2.3314329027613,-0.33733722255351
"cv",20,4,85.0394924043205,4.99999999984472,-0.344520971888483
"cv",40,1,162.778796651902,0.914257483379533,-0.438642121346225
"cv",40,2,171.61590401534,0.969002967932962,-0.477859070296637
"cv",40,3,170.527745166567,0.88129202681567,-0.474619771131243
"cv",40,4,164.53753606928,1.00169916669624,-0.439800483478267
