"","","","","par1","par2"
"cv",20,1,42.9646321913905,-4.99999999998979,-0.938384514105863
"cv",20,2,52.7413144636571,-4.99999999999751,-0.969124636226434
"cv",20,3,81.3541984350133,-4.99999999999164,-1.08548499063561
"cv",20,4,37.8956600762996,-4.99999999999409,-0.920409440793827
"cv",40,1,109.452762351941,-2.182221485502,-0.820949264661394
"cv",40,2,104.534831068801,-1.61661541562161,-0.808337269132985
"cv",40,3,119.289049366738,-4.9999999999982,-0.837825219219877
"cv",40,4,169.909666024767,-1.11173369685068,-0.95104724639811
