"","","","","par1","par2"
"cv",20,1,58.7882629274316,4.99999999999678,-1.64624048942969
"cv",20,2,71.5780869449456,4.99999999999798,-1.70686175760578
"cv",20,3,73.6835938918477,4.99999999999906,-1.74423394238652
"cv",20,4,94.0714288993482,4.99999999999983,-1.84542597416723
"cv",40,1,128.12788364984,4.99999999999926,-1.58305545731483
"cv",40,2,172.609710688576,4.99999999999992,-1.78815521054257
"cv",40,3,174.915725258643,4.99999999999748,-1.7845567550442
"cv",40,4,141.023842792013,4.99999999999449,-1.6760626424541
