"","","","","par1","par2","par3"
"cv",20,1,76.866748685789,-4.9995068646961,3.79831515156916,3.12433787616123
"cv",20,2,71.5532908140176,-0.940846663841638,3.8155817171762,3.15439227535576
"cv",20,3,69.1511020106723,-0.950777389788144,3.80377100505884,3.17109909594285
"cv",20,4,85.126949002664,-1.14448237113742,3.94086030858512,3.06186902892513
"cv",40,1,148.8342749974,-4.99944831207448,3.78965567747041,3.16624456457592
"cv",40,2,157.884589205132,-4.99902452653359,3.79718715967469,3.14199985509206
"cv",40,3,157.729072614538,-4.99997617175801,3.80026378852611,3.14128744586975
"cv",40,4,154.969872375657,-4.99980440780286,3.79910202992131,3.15273384156431
