"","","","","par1","par2"
"cv",20,1,96.3002097311273,-4.99999999999359,-2.00270038774711
"cv",20,2,53.4458105083884,-4.99999999999781,-1.774260060197
"cv",20,3,54.9014439562736,-4.99999999999449,-1.75696282537393
"cv",20,4,72.9768718427094,-4.99999999998338,-1.948277333398
"cv",40,1,85.7147019299167,-4.99999999999017,-1.91544315558453
"cv",40,2,84.6745830768474,-4.99999999996406,-1.95695421708351
"cv",40,3,175.625854131262,-4.99999999999932,-2.16283751241178
"cv",40,4,126.190190647948,-4.99999999999153,-2.04702691394138
