"","","","","par1","par2","par3"
"cv",20,1,97.5748076340493,1.75518368191439,-4.99999942949566,-4.60743017345003
"cv",20,2,98.754466695674,1.74890835547564,-4.99999857056959,-4.63975921455636
"cv",20,3,87.3179475943352,1.09810592313287,-4.99999958624342,-3.53751880469636
"cv",20,4,10.1692719799167,1.74506130008654,-4.99999834318146,-4.45833990241293
"cv",40,1,181.558294967497,2.52266481051205,-4.72916434433843,-4.9999813511943
"cv",40,2,169.491790131428,2.58643036659688,-4.88271852147574,-4.99999119022971
"cv",40,3,183.191151660343,2.44830836377497,-4.53768340216136,-4.83203502129769
"cv",40,4,208.586428471509,0.192438803491371,3.7977354515914,3.47596278983942
