"","","","","par1","par2"
"cv",20,1,95.9214676718466,4.99999999979883,-4.99999999684097
"cv",20,2,95.915810496117,4.99999996056345,4.99999998838655
"cv",20,3,95.9158110826925,4.99999999330072,4.99999995706747
"cv",20,4,95.915811142195,4.99999989887508,4.99999843049477
"cv",40,1,191.83162258625,4.99999997826654,4.99999999721974
"cv",40,2,191.831621963971,4.99999997619512,4.99999998462927
"cv",40,3,191.831622481429,4.99999996449119,4.9999999835598
"cv",40,4,191.831622460298,4.99999999350094,4.99999999138554
