"","","","","par1","par2"
"cv",20,1,88.413018559032,4.19756739348961,-4.99228458075498
"cv",20,2,92.3577496190674,4.07504694300637,-4.9950669400729
"cv",20,3,84.9529768651961,3.92119085626094,-4.99633348584447
"cv",20,4,95.9154683568443,-2.12118158911138,-4.99047502906803
"cv",40,1,187.955173548764,4.86477260696518,-4.96415264440725
"cv",40,2,186.543965344541,4.16209575727989,-4.98978902741328
"cv",40,3,175.763339889406,4.35354726232909,-4.99507079862813
"cv",40,4,193.408562903659,-1.2263365092789,-4.94206474641346
