"","","","","par1","par2"
"cv",20,1,49.2258858244011,-0.238640889734078,-2.49925031600155
"cv",20,2,40.1141679669929,-0.426052448254516,-2.41753102893726
"cv",20,3,53.4804828713943,-0.865503314162949,-2.48674349102663
"cv",20,4,92.2790913553153,-0.103201953844157,-2.6797856664966
"cv",40,1,96.4424290199673,0.449572578267896,-2.68520480235684
"cv",40,2,196.880959139635,1.20530414382989,-4.99999999999964
"cv",40,3,86.06123127805,-0.141072599972875,-2.66667294389792
"cv",40,4,76.358901551726,0.0121682257971179,-2.61731619888054
