"","","","","par1","par2"
"cv",20,1,91.7148932714255,-1.54290493371126,-1.93343018066157
"cv",20,2,84.7855192726087,-1.57963766756149,-1.84928865556341
"cv",20,3,81.4653011234524,-4.99999999999603,-1.71714914575846
"cv",20,4,98.5591106355865,-1.41346649958648,-2.02930242372256
"cv",40,1,137.081211433654,-3.04691234910377,-1.90224508950019
"cv",40,2,175.620671834075,-3.32607587467847,-2.08904587146108
"cv",40,3,181.697806288391,-3.1250627226042,-2.14546558720924
"cv",40,4,174.235044535805,-4.99999999997225,-2.09767042827569
