"","","","","par1","par2"
"cv",20,1,75.1370515965753,-4.99999999997963,-1.5484047774227
"cv",20,2,71.4410262517799,-4.99999999999497,-1.48987230385283
"cv",20,3,94.8690490452719,-4.99999999996758,-1.70529189264811
"cv",20,4,81.963769239646,-4.99999999998825,-1.6557901819511
"cv",40,1,137.186874941189,-0.366000815435823,-1.84134833169504
"cv",40,2,148.727561535008,-0.639008603398385,-1.88561848995801
"cv",40,3,167.152757266509,-0.254677691417708,-1.93962436238236
"cv",40,4,129.7715054568,-4.9999999999886,-1.7750004602687
