"","","","","par1","par2"
"cv",20,1,58.1688808219929,-4.99999999999406,-0.876266038801481
"cv",20,2,47.4683129000926,-4.99999999999481,-0.831082065443609
"cv",20,3,54.037389639951,-4.99999999997838,-0.86090992712676
"cv",20,4,83.095027997815,-4.99999999999865,-0.973303898504698
"cv",40,1,134.664307945503,-4.99999999999629,-0.856273508933067
"cv",40,2,133.07375087271,-4.99999999999751,-0.850961604084388
"cv",40,3,162.887660537064,-4.99999999999849,-0.914654673065273
"cv",40,4,81.7545477214454,-4.99999999999909,-0.731145381562829
