"","","","","par1","par2","par3"
"cv",20,1,59.6380058056064,-4.9996971420712,3.79910521022301,3.01096802566411
"cv",20,2,62.9473137786089,-4.99920502628593,3.79821426793988,2.99602388272826
"cv",20,3,58.9870428181627,-4.99941612425707,3.7994779441375,3.01144386430552
"cv",20,4,79.9032433757208,-4.99898713580443,3.79984342615192,2.92364947849252
"cv",40,1,139.178430809227,-0.700049097587373,-0.432551163719956,-1.28594269362198
"cv",40,2,123.682724420915,-0.923088962453756,-0.598247970431478,-1.42106650395863
"cv",40,3,113.833299065959,-4.98341737017646,3.79621019329222,3.00940091891308
"cv",40,4,139.624444843753,-1.70071452955996,-0.597473720728202,-1.4547698847486
