"","","","","par1","par2"
"cv",20,1,95.9080022128267,4.99999999984184,-4.99999999892714
"cv",20,2,95.9235180046107,4.99999999968637,-4.99999999985359
"cv",20,3,95.9076542606849,4.99999999910812,-4.99999999685384
"cv",20,4,95.9097561996644,4.99999999966934,-4.99999999945101
"cv",40,1,191.831622917929,4.99999999749124,4.99999999811436
"cv",40,2,191.831622582974,4.99999999557353,4.99999999843409
"cv",40,3,191.83162264197,4.99999999980994,4.99999999476562
"cv",40,4,191.831622979829,4.99999999783529,4.99999999529701
