"","","","","par1","par2"
"cv",20,1,86.7445160015997,2.48679005774645,-4.99999999997484
"cv",20,2,64.4532118714137,0.915743960646716,-2.68276556906085
"cv",20,3,96.6225257749373,1.00419256122673,-2.84666175187548
"cv",20,4,98.1518714829177,0.931747325778103,-2.81956589859266
"cv",40,1,121.512394529374,1.26871238497786,-3.31655462112531
"cv",40,2,154.253590406052,1.18379146844891,-3.11917209809773
"cv",40,3,167.270643427699,1.09234961684358,-3.06609110434306
"cv",40,4,89.7953562381103,1.14274486558652,-3.09313213886034
