"","","","","par1","par2"
"cv",20,1,74.7087920326669,-4.99999999999178,-1.6433676805481
"cv",20,2,67.9975250804773,-1.86843624494763,-1.52519276292645
"cv",20,3,82.5324081792827,-1.77527242447495,-1.658017762395
"cv",20,4,91.414740135431,-1.76973950983307,-1.72488561178517
"cv",40,1,139.40333961085,-4.99999999999467,-1.7494564874677
"cv",40,2,152.662624283432,0.117966015217416,-1.81191431300176
"cv",40,3,141.055126445218,0.0526778040398373,-1.7616498778427
"cv",40,4,177.242519628944,-4.99999999999793,-1.88186235697192
