"","","","","par1","par2"
"cv",20,1,95.9158112634022,4.99999997406008,4.99999996243542
"cv",20,2,95.9158110873404,4.99999998725065,4.99999999375125
"cv",20,3,95.9158111518863,4.99999997650801,4.99999999372371
"cv",20,4,95.9158112081615,4.99999994643944,4.9999999951732
"cv",40,1,191.831622814225,4.99999994852135,4.99999999935194
"cv",40,2,191.831622190269,4.99999998623865,4.9999999908506
"cv",40,3,191.83162278154,4.99999996718384,4.99999998438977
"cv",40,4,191.83162282292,4.99999999094184,4.99999999780116
