"","","","","par1","par2"
"cv",20,1,85.2474535419055,-0.624019799313633,-4.98167868160084
"cv",20,2,83.1208635447786,0.514123658476749,-4.98401959526492
"cv",20,3,83.8293952260164,0.157931502774984,-4.96952421946175
"cv",20,4,75.1982958911819,-1.60001440802212,-4.9934463806447
"cv",40,1,165.109862149239,-4.95347263675693,-4.99753512868593
"cv",40,2,179.670770601713,-1.40840651101155,-4.91918940308426
"cv",40,3,164.816031689366,-0.745868805990703,-4.99788867951624
"cv",40,4,175.975292932926,-3.35742067840119,-4.98820376271057
