"","","","","par1","par2","par3"
"cv",20,1,58.2495754084825,-4.99990011049805,3.79626650953731,3.04460914721077
"cv",20,2,70.8802063224429,-4.99890768405023,3.80004354854744,2.991202351667
"cv",20,3,66.3206975157714,-4.99422408813725,3.81005751702928,3.01135286194381
"cv",20,4,71.203784224634,-4.99970993710788,3.7992464061157,2.9923773230883
"cv",40,1,124.480304655003,-4.99849816584442,3.79826405841839,3.06312299103059
"cv",40,2,156.757398189699,-4.99743365080722,3.77130959706095,2.95328735513368
"cv",40,3,124.359476282655,-4.9997308122737,3.79942072162586,3.06633527797527
"cv",40,4,144.13698181425,-4.99878573427659,3.80046885488347,3.00750044709762
