"","","","","par1","par2","par3"
"cv",20,1,118.697158613122,-4.99834115598792,3.79995262690574,2.93159126180238
"cv",20,2,64.8821966557503,-4.99963164467452,3.79987629198443,3.19567025181147
"cv",20,3,60.6588781729846,-4.999962208322,3.80006027641977,3.22734396030283
"cv",20,4,66.3139687747351,-4.99514224327317,3.7981405090914,3.17776873498691
"cv",40,1,147.778907682126,-0.690754034139163,3.80208000221785,2.88520923043027
"cv",40,2,122.438027080766,-0.380141920984421,3.80071340512435,2.93149771710711
"cv",40,3,106.320975804331,-0.537814365425589,3.8040762911329,2.96131020497839
"cv",40,4,121.159516030766,-4.4880577462513,0.981926339531978,0.131784577225563
