"","","","","par1","par2"
"cv",20,1,78.1500439371288,1.93576063811083,-4.99999999999333
"cv",20,2,77.0108679859282,2.1352004847672,-4.9999999998555
"cv",20,3,20.9332353998361,2.16741457953989,-4.99999999995286
"cv",20,4,91.4158160650729,2.1729774742446,-4.99999999994471
"cv",40,1,86.7878469537753,2.08700262699523,-4.99999999999958
"cv",40,2,63.5463099616956,2.00395511147269,-4.99999999999848
"cv",40,3,30.0343601346955,2.09550134822112,-4.99999999999658
"cv",40,4,53.506558789232,2.04895110513903,-4.99999999998536
