"","","","","par1","par2"
"cv",20,1,40.2725464580064,-0.906318537357632,-2.5877202415725
"cv",20,2,57.5395654934578,-0.857707642046425,-2.65785159280062
"cv",20,3,45.6218743850648,-1.7038920472485,-2.56414230273399
"cv",20,4,61.1208961858733,-0.837832753963724,-2.67871566827715
"cv",40,1,99.6064817694571,0.0819631254883365,-2.87746134280167
"cv",40,2,81.1316425921049,-0.247759483734301,-2.79478864047922
"cv",40,3,75.1039997269222,-0.604072127359872,-2.77882433541819
"cv",40,4,56.0598226859489,-0.189054756418209,-2.75629248970195
