"","","","","par1","par2","par3"
"cv",20,1,63.79846760421,-0.855726948764349,3.81730153269515,3.25060509581019
"cv",20,2,78.0799979439696,-0.736172399369851,3.80015182878272,3.14948929277012
"cv",20,3,73.779064791664,-0.757811195286337,3.79968347611102,3.17590021161131
"cv",20,4,93.8327615066389,-4.999558097269,3.80101986790012,3.07283681391318
"cv",40,1,172.24048052874,-4.99905066315711,3.80034710805802,3.15567785980817
"cv",40,2,166.128935015406,-4.99836634644959,3.8016759770834,3.17328575801996
"cv",40,3,127.206370564384,-4.99950119642605,3.80274106968906,3.33259650575949
"cv",40,4,166.20062805762,-4.99759466722135,3.79631769386513,3.17229510494644
