"","","","","par1","par2"
"cv",20,1,95.9158106108231,4.99999999420885,4.99999998739098
"cv",20,2,95.9158112249936,4.99999999344046,4.99999999914535
"cv",20,3,95.9158113243516,4.99999999054495,4.99999999388162
"cv",20,4,95.915811345419,4.99999998815069,4.99999998609453
"cv",40,1,191.831622524434,4.99999999487095,4.99999999716135
"cv",40,2,191.831622688519,4.9999999914583,4.9999999899626
"cv",40,3,191.83162267583,4.99999998686584,4.99999998771399
"cv",40,4,191.831622664577,4.99999997309292,4.99999996137062
