"","","","","par1","par2"
"cv",20,1,92.2968447254491,1.3566605641111,-1.31041359694696
"cv",20,2,86.8103574711485,4.99999999996375,-1.17560080015242
"cv",20,3,87.3775044038421,-4.99999999999715,-1.1962195456852
"cv",20,4,99.3421353256872,1.315657921423,-1.45051773530409
"cv",40,1,136.177360208969,-0.235646694167594,-1.37954591790117
"cv",40,2,174.709671389881,-0.404603383146928,-1.57735906581196
"cv",40,3,182.590053554231,-0.555373458488233,-1.66020896722587
"cv",40,4,179.344098241984,-3.39302271115827,-1.6150319228
