"","","","","par1","par2"
"cv",20,1,82.5799504704805,-2.54329079953945,-4.99897905839525
"cv",20,2,88.2802309385784,-0.99268955196743,-4.97551728001755
"cv",20,3,84.6125227830237,-0.272562681225244,-4.98135707778496
"cv",20,4,85.9948627387834,-1.39821982264561,-4.99510259316516
"cv",40,1,165.55925609599,-1.06872449507422,-4.9976759781937
"cv",40,2,170.735084824216,-0.417926478535731,-4.9995851051194
"cv",40,3,160.567665970994,-0.0770522244476088,-4.99975869145858
"cv",40,4,163.759499419581,-4.91036699851975,-4.99239307286708
