"","","","","par1","par2"
"cv",20,1,75.7342208767485,-2.05555174832508,-1.56031115121334
"cv",20,2,86.2710215162977,-2.04411297620463,-1.71057378742773
"cv",20,3,82.3655224298485,-2.03627195522694,-1.67575042537623
"cv",20,4,77.5005658250633,-4.99999999999185,-1.58439942969064
"cv",40,1,149.529089645937,0.578482994049687,-1.95159204701547
"cv",40,2,136.158440286029,0.621681349809469,-1.89183336373028
"cv",40,3,141.010477087432,0.499244673424672,-1.95956493372777
"cv",40,4,144.841408383512,-0.181848766338368,-1.88996443283833
