"","","","","par1","par2"
"cv",20,1,56.4449005625923,-4.99999999999216,-1.05716419577123
"cv",20,2,60.844837702682,-0.194202838988264,-1.08453028098868
"cv",20,3,36.304727430003,-0.284098381449251,-0.999421086140326
"cv",20,4,40.4170080349232,-0.241495521052896,-1.01350094313216
"cv",40,1,114.06099945785,-4.99999999998057,-0.621680734669666
"cv",40,2,169.683020074281,-4.99999999999793,-0.786553836558511
"cv",40,3,173.679510082672,-4.99999999999096,-0.792982440916715
"cv",40,4,123.985749899818,-4.99999999999871,-0.663246205716876
