"","","","","par1","par2","par3"
"cv",20,1,82.6070678405651,-4.99998400465202,3.78431982261842,3.19077242322568
"cv",20,2,77.3526991051516,-4.99975133576738,3.79823030370775,3.24758776220757
"cv",20,3,87.3322209269159,-4.99987880455269,3.79383206766461,3.17195415925856
"cv",20,4,69.8482333423558,-4.99995801801095,2.85696528746177,2.37268438330509
"cv",40,1,186.873773212195,-0.546429074807888,3.86965491318869,2.9511441657893
"cv",40,2,119.115536614335,-0.151599138437195,3.80104809527447,3.13575322077954
"cv",40,3,165.087733058458,-4.89114533341254,3.82863981642472,3.01948685814909
"cv",40,4,112.8067806726,-0.243785439135856,3.84080435966862,3.15428066347262
