"","","","","par1","par2"
"cv",20,1,80.0117548216391,4.71704735745915,-4.96469140306249
"cv",20,2,86.9018477783721,4.43949997288681,-4.97893404263971
"cv",20,3,90.552780975225,4.33052097498945,-4.99963408408866
"cv",20,4,89.4108667544018,4.68637133879564,-4.94827999770806
"cv",40,1,164.273158604821,4.83938347262685,-4.99570148465616
"cv",40,2,157.038101579465,4.7902455579378,-4.9939586089453
"cv",40,3,157.925213306697,4.23032970806764,-4.98590789274274
"cv",40,4,165.228634995672,4.85431922885221,-4.99883321737334
