"","","","","par1","par2"
"cv",20,1,97.9975969458659,2.11371992518586,-4.99999999999593
"cv",20,2,97.1079743143656,2.13725297486845,-4.99999999999965
"cv",20,3,34.9856058097427,2.08004695880884,-4.99999999998674
"cv",20,4,82.5158134373494,2.39935866426579,-4.9999999999812
"cv",40,1,206.000918448622,2.13231666118195,-4.99999999266852
"cv",40,2,153.681368376084,2.38870109825427,-4.99999999998828
"cv",40,3,105.014628349736,2.35908158770083,-4.99999999999328
"cv",40,4,2.77152516106746,2.37373782442988,-4.99999999997009
