"","","","","par1","par2","par3"
"cv",20,1,52.3776179195696,-4.99999823700504,-1.68761672655427,-2.34598990819572
"cv",20,2,59.7334223107604,-4.99999679147638,-1.80232982857298,-2.50547745791157
"cv",20,3,68.7654966783372,-4.99997571087136,-1.87635951709801,-2.51446481707396
"cv",20,4,94.6304608621483,-4.99999922706603,-1.82769893862068,-2.63063072290708
"cv",40,1,99.8533910824832,1.44599894666867,-3.0374871095981,-3.19832353132588
"cv",40,2,147.618739170112,1.51559161805084,-2.7204502437628,-3.0997759230222
"cv",40,3,157.117710466185,1.40681052702206,-2.66230563249725,-3.03697654214985
"cv",40,4,82.5002188864708,1.42963147977058,-2.71178677052111,-3.03312137016192
