"","","","","par1","par2"
"cv",20,1,55.7831514813858,-4.99999999998571,-1.85396501579159
"cv",20,2,43.6758165758785,-4.99999999999207,-1.81590357272036
"cv",20,3,60.2517834586804,-0.756018614799287,-1.89748110781836
"cv",20,4,78.0562583450263,-0.7442991619068,-1.97582504913661
"cv",40,1,115.258104975017,0.460479516894227,-2.14717520659275
"cv",40,2,78.6415644796201,0.456971263484073,-1.98362729472346
"cv",40,3,109.437643714651,0.372635603586774,-2.03642661790051
"cv",40,4,160.547053415796,0.193415194586904,-2.19546906169031
