"","","","","par1","par2"
"cv",20,1,98.6889410884194,4.99999999999841,-1.03098376728268
"cv",20,2,54.9986908764653,4.99999999999996,-0.826713200351234
"cv",20,3,45.7367703360265,4.99999999999869,-0.779385074441825
"cv",20,4,76.8939321505018,0.778913085622379,-0.920213800789338
"cv",40,1,124.336511161867,4.99999999999942,-1.22384829612494
"cv",40,2,72.8841114714336,4.99999999999955,-1.04771404913603
"cv",40,3,86.4982433384957,4.99999999999996,-1.07205497923459
"cv",40,4,88.5212609125722,4.99999999999966,-1.0875822438951
