"","","","","par1","par2"
"cv",20,1,97.9618731098673,2.25474247740659,-4.99999999998449
"cv",20,2,96.4194541649208,2.33067090064694,-4.99999999999964
"cv",20,3,96.3067047380812,2.33244682881626,-4.99999999987034
"cv",20,4,95.9157762211585,4.9999999982699,4.99999998867436
"cv",40,1,193.650383988511,0.885591412348857,-2.75684400632797
"cv",40,2,192.355458249849,0.962498161661663,-2.7709036829716
"cv",40,3,193.909170025089,0.879344264046327,-2.75571379280829
"cv",40,4,191.831500640621,4.99999991724683,4.9999999981042
