"","","","","par1","par2"
"cv",20,1,83.5873936006694,4.10928377211205,-4.98413115331635
"cv",20,2,83.0052104314127,4.22977260842671,-4.99510340150283
"cv",20,3,84.9786531323557,4.44170894002413,-4.99219526598921
"cv",20,4,86.8207603514868,4.51700316223308,-4.98365673158097
"cv",40,1,177.960027991965,4.72936330724803,-4.99967443092195
"cv",40,2,164.630728958822,4.95944926164364,-4.99855692101143
"cv",40,3,155.763680871721,4.8306315267013,-4.98677969089765
"cv",40,4,160.495793483628,4.58234369288667,-4.99510192583099
