"","","","","par1","par2"
"cv",20,1,86.2523083217779,4.99999999999992,-0.587870766083937
"cv",20,2,75.4707728524015,4.99999999999988,-0.520574346885253
"cv",20,3,85.6114214991248,4.99999999999942,-0.589109946432484
"cv",20,4,65.7118978197805,4.99999999999771,-0.44212651467932
"cv",40,1,141.328438553592,4.99999999999897,-1.02363866200352
"cv",40,2,75.1188134896691,4.99999999999972,-0.874102285445047
"cv",40,3,115.742815569619,4.99999999999912,-0.983552562965617
"cv",40,4,93.8272230706862,4.99999999999639,-0.913425276919416
