"","","","","par1","par2"
"cv",20,1,83.3043283029957,-4.99999999999448,-2.06460843512514
"cv",20,2,79.2811066993257,-4.99999999999943,-2.02212744593494
"cv",20,3,88.944858712948,-4.48785879781919,-2.11789380646747
"cv",20,4,73.3643160989068,-4.99999999999116,-1.96334847281766
"cv",40,1,184.244578906182,-4.99999999999095,-2.42342275586202
"cv",40,2,125.910925836297,-4.99999999999768,-2.23716156465793
"cv",40,3,165.273722578149,-4.99999999999889,-2.36553137936828
"cv",40,4,114.895360066649,-4.9999999999998,-2.22080570134063
