"","","","","par1","par2"
"cv",20,1,95.9158111534782,4.99999998941415,4.99999998490202
"cv",20,2,95.9158110798419,4.99999998867026,4.9999999887791
"cv",20,3,95.9158112302499,4.99999997971539,4.99999999078086
"cv",20,4,95.9158111288031,4.99999994058272,4.99999999166917
"cv",40,1,192.649620152086,-4.99999999432078,-0.832404494180765
"cv",40,2,191.755989283793,4.99999999923782,-4.99999999971003
"cv",40,3,191.948785688196,-4.99999998352576,-0.130804118336072
"cv",40,4,192.555580445141,-4.99999999865587,-0.825968704741403
