"","","","","par1","par2"
"cv",20,1,95.9158111707976,4.99999998176045,4.9999999649775
"cv",20,2,95.9158112776521,4.99999998261614,4.99999997781691
"cv",20,3,95.9158112238869,4.99999993430516,4.99999999397049
"cv",20,4,95.9158111981108,4.99999998707732,4.99999999672187
"cv",40,1,191.927359950111,2.94036113798576,-4.99999999983781
"cv",40,2,194.644920706261,1.57595756696601,-3.02501004635941
"cv",40,3,192.326936583313,2.62889381550331,-4.51775010387713
"cv",40,4,191.831619502453,4.99999998297045,4.99999999936494
