"","","","","par1","par2"
"cv",20,1,78.1468759044181,0.19370003880914,-0.881326786713259
"cv",20,2,68.8106946591149,0.149557982600236,-0.846466517624902
"cv",20,3,55.6880318604843,-0.313199522569515,-0.769534465765014
"cv",20,4,61.7254123684757,-0.524324643580799,-0.801708689565733
"cv",40,1,121.556284318072,0.00392589480762171,-0.823548551813953
"cv",40,2,107.706874039665,-0.596364751452297,-0.778674926195261
"cv",40,3,148.902398957686,-0.184107009682419,-0.881284058504955
"cv",40,4,143.646226732357,-0.323288252421308,-0.861067406484025
