"","","","","par1","par2"
"cv",20,1,85.3024957666196,-4.00001791167954,-4.99346900608845
"cv",20,2,83.9847410085238,-1.25133718850562,-4.97566371230909
"cv",20,3,89.5873459206839,-0.839039106051134,-4.99764829999182
"cv",20,4,85.0384904891879,0.373221919463128,-4.983559836146
"cv",40,1,173.049320211981,-0.202536993308986,-4.99045902022199
"cv",40,2,168.381975404864,0.576054348014705,-4.99598138605738
"cv",40,3,175.878918057303,-1.19894012539031,-4.97365640890424
"cv",40,4,175.378399816017,-2.81242852200795,-4.99171425201097
