"","","","","par1","par2"
"cv",20,1,79.1855653220642,-0.933074002471967,-4.9949647693211
"cv",20,2,77.667625227062,-3.34922237940528,-4.98837319440804
"cv",20,3,86.8214576343993,0.910388366303743,-4.9828315504816
"cv",20,4,81.3581872502982,-2.78123371545589,-4.96768918208411
"cv",40,1,169.364627772217,-3.9017183328337,-4.99365694273288
"cv",40,2,159.470006173637,-0.139511698491563,-4.99966399570507
"cv",40,3,157.959850510725,-1.88517069865558,-4.99945114450002
"cv",40,4,153.051413333295,0.564133592989781,-4.98663479247119
