"","","","","par1","par2"
"cv",20,1,81.3043834166123,0.1388755069783,-4.97729791970531
"cv",20,2,82.8109601759364,-0.51147238569918,-4.99715762538694
"cv",20,3,86.5928334223718,-4.04211979506896,-4.99045631423517
"cv",20,4,78.8489972546068,-0.888327737338841,-4.97889562177771
"cv",40,1,152.732901665881,-0.653600021673905,-4.99385465149315
"cv",40,2,145.522202847515,0.203450945269705,-4.98324655588948
"cv",40,3,172.389228979955,0.580598115480436,-4.99880619388253
"cv",40,4,158.993644660373,-2.55003001949572,-4.98551613108867
