"","","","","par1","par2","par3"
"cv",20,1,76.263149632081,-4.79158666956691,4.00800855441761,3.07319999757975
"cv",20,2,68.0681969571697,-4.6217265743962,3.82526416824969,3.12578154548072
"cv",20,3,82.7774472838612,-4.99843103873465,3.79216592544313,3.04274160509342
"cv",20,4,65.4904008377762,-4.91154627010552,3.88251729788778,3.1404622419474
"cv",40,1,124.026236033698,-0.747055400553979,-0.881588071291423,-1.74389240999009
"cv",40,2,115.706030356071,-1.02494612575044,3.80045847252561,2.97084125409373
"cv",40,3,128.66560713538,-4.99971693875874,-1.18512625391645,-2.0538523643308
"cv",40,4,136.197005615846,-0.723618518428438,-0.870013391092608,-1.75929288082206
