"","","","","par1","par2","par3"
"cv",20,1,48.8650313708395,0.141993082296485,3.81093108008426,2.91072113606788
"cv",20,2,67.3258139465279,0.351661419786332,3.81198729921243,2.83114831895403
"cv",20,3,76.9619190903443,0.1434864889013,3.79800306179198,2.7867349447059
"cv",20,4,42.3883591442197,0.131578653289028,3.80666031412928,2.94123033283294
"cv",40,1,81.8056049032281,-4.99755353226267,3.80443040555393,2.85559123761293
"cv",40,2,66.6314843250978,-4.99867936228666,3.80073502750888,2.88534111344358
"cv",40,3,169.540453986445,-4.99978125226589,3.80064699657221,2.68487060891974
"cv",40,4,107.035521913172,-4.98949595726518,3.83946306881201,2.81112077857995
