"","","","","par1","par2"
"cv",20,1,68.9695046052636,-4.99999999999884,-0.764541605407497
"cv",20,2,58.0193126083538,-4.99999999999798,-0.706279763096873
"cv",20,3,88.6580818279135,-4.99999999999853,-0.850364394025609
"cv",20,4,61.0577631296832,-4.99999999998795,-0.717789959851823
"cv",40,1,155.968257402653,-4.99999999999273,-0.558648984026361
"cv",40,2,145.556189549163,-4.99999999999899,-0.515048528609566
"cv",40,3,166.149824120247,-4.99999999999888,-0.590281928582644
"cv",40,4,164.29371087523,-4.99999999998822,-0.591326353111294
