"","","","","par1","par2"
"cv",20,1,64.0656844821312,4.99999999999999,-1.96963485718872
"cv",20,2,60.5189033342205,4.99999999999889,-1.95439046189248
"cv",20,3,70.6500177798803,0.941506941051077,-1.91046830255558
"cv",20,4,63.2075920632696,4.99999999999711,-1.98046851923577
"cv",40,1,136.608691371275,4.99999999999913,-2.13598528528736
"cv",40,2,132.529040944756,4.99999999999958,-2.1553711695308
"cv",40,3,100.835365938912,4.99999999999985,-2.05930198842247
"cv",40,4,81.330191325943,4.99999999999933,-1.97404194403705
