"","","","","par1","par2"
"cv",20,1,84.7831107463745,4.60220426827914,-4.97522297976313
"cv",20,2,82.678445469902,4.54313494070479,-4.98607334737467
"cv",20,3,83.2091662427406,3.32922826002838,-4.9857689311596
"cv",20,4,85.2861405426998,4.69970085763093,-4.98354410841503
"cv",40,1,167.682041068415,4.68958238686389,-4.99259278883966
"cv",40,2,164.498452468579,4.57577703539326,-4.9947620327019
"cv",40,3,158.912398434316,4.72930650777426,-4.9848218148363
"cv",40,4,157.484546676833,4.10719480063728,-4.99562932182787
