"","","","","par1","par2"
"cv",20,1,82.1476532867651,-0.976767629982609,-2.43663419707926
"cv",20,2,70.9069381696186,-0.930383300022195,-2.38842211767544
"cv",20,3,60.9517650081244,-3.73479676228896,-2.30545315350173
"cv",20,4,66.0839822335834,-3.75662359397956,-2.31765262223353
"cv",40,1,129.062855123883,-1.57484808641914,-2.3843543276445
"cv",40,2,114.734978051228,-1.60135652135929,-2.32472428663786
"cv",40,3,151.532668965248,-1.48357232422659,-2.42237805918967
"cv",40,4,152.321231068279,-2.7512318428581,-2.44980676172204
