"","","","","par1","par2"
"cv",20,1,79.6315168686178,-4.99999999999983,-1.71951537859397
"cv",20,2,72.6207083299864,-4.99999999999984,-1.66391222992931
"cv",20,3,70.3457159330487,-4.99999999998873,-1.66304400891688
"cv",20,4,86.2106159276042,-4.99999999997775,-1.77167093323796
"cv",40,1,150.005347386947,-4.999999999994,-1.65297468452654
"cv",40,2,161.149989858335,-4.99999999998392,-1.69465239544416
"cv",40,3,159.788717577383,-4.99999999999048,-1.73323444573484
"cv",40,4,157.786225572525,-4.9999999999983,-1.69077866004875
