"","","","","par1","par2"
"cv",20,1,61.8209745665654,-2.00092029992664,-2.36041580465299
"cv",20,2,65.4228056736001,-0.439134399163801,-2.38359847443203
"cv",20,3,90.3664967007057,-0.389148824042212,-2.49480388461682
"cv",20,4,63.8159048148458,-0.691526397049131,-2.38411029688894
"cv",40,1,158.474448074418,-0.0242129373248957,-2.13482592880118
"cv",40,2,185.243772687822,-1.93673512592355,-2.28961747018307
"cv",40,3,202.823593037008,-0.0423878380724253,-2.48851318871889
"cv",40,4,160.756141156905,0.0323053621888321,-2.11782758860589
