"","","","","par1","par2"
"cv",20,1,83.167869784171,-3.29381268347191,-4.97996768391841
"cv",20,2,91.5009108083761,-2.29259714951092,-4.98797218698372
"cv",20,3,85.9548985912975,-0.740147636872277,-4.9922599063657
"cv",20,4,97.9138131066609,-2.40803843052107,-4.9958963171583
"cv",40,1,177.867168317175,-1.57692898893928,-4.96276519946465
"cv",40,2,177.689703669503,-3.29617771165564,-4.98705893189465
"cv",40,3,383.974782696902,3.84493477276045,-3.10894643600899
"cv",40,4,181.437907783923,-2.92641132329739,-4.9808003658224
