"","","","","par1","par2"
"cv",20,1,90.0033155046041,3.65617406139101,-2.62368818605183
"cv",20,2,107.410604030385,3.56938560470581,-3.79372264475262
"cv",20,3,96.2288084178833,3.56437610091835,-3.15725097800112
"cv",20,4,53.5068643085723,3.55267304679832,-3.3403736191274
"cv",40,1,192.43260871524,4.99928803790581,-2.31704516337455
"cv",40,2,192.233877038287,4.99737791226107,-2.36111111046359
"cv",40,3,336.597146236781,4.99869002098228,-3.20541736047772
"cv",40,4,192.111365087722,2.4761436683306,-1.99674230646508
