"","","","","par1","par2"
"cv",20,1,68.0827423078527,-0.248811509288376,-2.92972182235208
"cv",20,2,66.7428331049943,-0.144240854957865,-3.09125054401916
"cv",20,3,97.395939833494,-0.273088000123371,-3.1655292774129
"cv",20,4,58.4706638057291,-0.257729350273394,-2.90400947543002
"cv",40,1,148.61309086789,0.0566601417745565,-3.4442934146259
"cv",40,2,137.067310009019,0.0699267942107186,-3.46918616799117
"cv",40,3,163.811202420697,0.0354661866586116,-3.51329339861457
"cv",40,4,146.928903752183,-0.0506809711876858,-3.38996330684998
