"","","","","par1","par2"
"cv",20,1,48.6443604878587,-2.88229292217084,-1.73514050936443
"cv",20,2,45.3735141523161,-2.2088942225485,-1.72351345517881
"cv",20,3,80.911368369377,-2.15400498147789,-1.85816053533219
"cv",20,4,44.7291915630369,-3.33087911356044,-1.71986084793823
"cv",40,1,114.664395900429,-1.79973759936567,-1.61431623932423
"cv",40,2,175.031263235511,-1.81898939616743,-1.7420741440489
"cv",40,3,102.592606486099,-1.78593840896675,-1.5838083166547
"cv",40,4,117.899114438126,-2.34092356011364,-1.62155575051806
