"","","","","par1","par2","par3"
"cv",20,1,75.4850402583351,-0.825859197820728,-1.42207564795538,-2.76288158062962
"cv",20,2,89.8086496742915,-0.754312763930674,-1.27538842877138,-2.74327967355143
"cv",20,3,74.0603248247056,-0.887629870894181,-1.35180011643699,-2.69384532641982
"cv",20,4,99.5763831599602,-0.186782859957666,0.874470835604877,-0.769003829151215
"cv",40,1,191.792195852366,-0.478600642707725,-1.10320050699727,-2.56196007067147
"cv",40,2,178.761087209718,-0.433347676803012,-1.09632765516454,-2.49728627179894
"cv",40,3,165.745015511342,-0.241294875601659,-1.29595451315382,-2.51882594311998
"cv",40,4,130.772112960895,-0.165855408081936,-0.233003889223141,-1.68864038498778
