"","","","","par1","par2","par3"
"cv",20,1,67.2588588894661,-0.817974707265535,-1.36508974108962,-2.86248685925784
"cv",20,2,67.2503084172049,-0.688147365010927,-1.86752115833991,-3.45600695306843
"cv",20,3,50.5539669051275,4.9984859242737,4.07434525815564,-2.02643020826495
"cv",20,4,82.096629471563,-0.717078484576858,-1.21041593466038,-2.86521081308868
"cv",40,1,46.0887675609167,-0.627353003137482,-1.74957503519188,-3.10853546561004
"cv",40,2,27.8921798112395,-0.680859433446867,-1.41742298360343,-3.07863841530872
"cv",40,3,96.1342415561446,-0.63142263104154,-1.75339784076376,-3.54225935475236
"cv",40,4,26.3754362179384,-0.732702412249191,-1.65175696513063,-3.16845091598785
