"","","","","par1","par2"
"cv",20,1,83.9372999510571,0.280540506881815,-2.08812831717313
"cv",20,2,87.2243861828833,4.99999999999663,-2.8727929186433
"cv",20,3,95.4960751105343,4.99999999999654,-3.00038509148318
"cv",20,4,96.0197089408904,0.180845163992533,-2.22303529523065
"cv",40,1,173.612284222704,3.83081482868242,-3.25801609057343
"cv",40,2,177.009012335614,4.40363191254871,-3.19129521724493
"cv",40,3,173.464183009286,4.60469333013077,-3.18749888758667
"cv",40,4,146.006599153032,4.98041841434364,-3.25952943485912
