"","","","","par1","par2"
"cv",20,1,65.4727297851222,-3.21330425525831,-1.56005414632754
"cv",20,2,49.1174363394294,-1.79188723928055,-1.46851788571565
"cv",20,3,82.8591460217448,-1.80734104838867,-1.64648691353247
"cv",20,4,77.9466085232202,-1.79134023259706,-1.62719513301698
"cv",40,1,108.563021198711,-1.80035969947549,-1.70123830956745
"cv",40,2,120.956483134073,-1.79948652352103,-1.72640847555774
"cv",40,3,130.795655759425,-1.77437992543498,-1.73897446017886
"cv",40,4,99.5294947422509,-1.80057142407016,-1.68288069586269
