"","","","","par1","par2"
"cv",20,1,60.6133152711158,-0.873112734385007,-2.38460937437147
"cv",20,2,48.0937270092805,-0.759457327450223,-2.34495242312989
"cv",20,3,65.4114646798775,-0.722105092020079,-2.45242349415704
"cv",20,4,78.088197041178,-0.695296027875831,-2.49767218892134
"cv",40,1,120.919650108302,-0.640276239591556,-2.63425934788183
"cv",40,2,100.159441362472,-0.933518439813013,-2.48295486199333
"cv",40,3,130.558579873656,-0.604900869685416,-2.5518839039662
"cv",40,4,158.800802318897,-0.676412634667226,-2.67286921135599
