"","","","","par1","par2","par3"
"cv",20,1,71.2747470896412,-1.14106602535922,4.60257006757373,3.30535499862842
"cv",20,2,94.9914322512576,-0.245875853759106,-0.4765614530693,-2.03875511671072
"cv",20,3,79.15615969125,-0.217064431315767,-0.48036140447239,-1.96500517283899
"cv",20,4,80.0240986124764,0.123422612407623,-0.735831357492088,-2.18951822507905
"cv",40,1,169.199238897374,-0.421473393688171,-0.578082446818254,-1.78666906348439
"cv",40,2,179.046195290023,-0.463219274617136,-0.51838090103937,-1.78887758824175
"cv",40,3,177.491141047364,-0.4441451839336,-0.440298629447709,-1.69737552319191
"cv",40,4,163.270345503946,-0.306751204193139,-0.635036860065647,-1.82060653415396
