"","","","","par1","par2"
"cv",20,1,71.7467518272141,-0.500377641594089,-2.22617596290773
"cv",20,2,71.2294518597194,-0.131351877876892,-2.23861048855034
"cv",20,3,94.3670563520171,-0.503219277085168,-2.41230819182547
"cv",20,4,77.3592880660521,-0.531749035530877,-2.31509746731042
"cv",40,1,126.326163039294,-0.414303206017462,-2.44778790006906
"cv",40,2,162.959253756929,-0.461492020161586,-2.56449170248808
"cv",40,3,140.058291708783,-0.389874544727717,-2.42932127945192
"cv",40,4,148.096778840528,-0.422648730325437,-2.45432642027802
