"","","","","par1","par2"
"cv",20,1,87.0219590411319,0.370842099537678,-1.72818416015343
"cv",20,2,92.8039732570979,0.18884540973715,-1.62778876380891
"cv",20,3,87.6634813713584,0.363134852369426,-1.72747296780997
"cv",20,4,88.0441401256865,4.87325965670446,-4.99876138770448
"cv",40,1,165.716644451027,-0.1261569875415,-1.41398099557343
"cv",40,2,174.761339716175,-0.0645838601941741,-1.51354272169778
"cv",40,3,175.75942483567,-0.0200660046380593,-1.5482065066599
"cv",40,4,167.434775093573,-0.0919297570078386,-1.44294909827364
