"","","","","par1","par2","par3"
"cv",20,1,162.104665967484,0.258536197071898,-3.26762400987088,-3.8934677152971
"cv",20,2,86.2238337824406,-0.457563386187845,-1.59412346195575,-2.98121101581651
"cv",20,3,9.3961476676375,-0.411948405207255,-1.71034335004217,-2.93945880734612
"cv",20,4,68.1805936234437,-0.520036519769179,-1.44995131993283,-2.77851268158346
"cv",40,1,261.629750044387,-0.410729729736583,-2.4979771765546,-3.72254954139008
"cv",40,2,36.8282926209322,-1.06844016399433,-1.81181251928086,-3.59118923029362
"cv",40,3,47.0539379203382,-0.831863777720516,-1.74171812745869,-3.4360817841498
"cv",40,4,50.4462757210931,-1.26379917392256,-1.72655019670575,-3.50456030739544
