"","","","","par1","par2"
"cv",20,1,68.7317601224401,-0.466476152229011,-2.74614601623108
"cv",20,2,73.4323270300385,-0.441173946403215,-2.72709662624873
"cv",20,3,73.9386834598835,-0.359002008201595,-2.9517661497177
"cv",20,4,75.7125011010955,-0.391500627047903,-2.8463738787164
"cv",40,1,109.371660237064,-0.460922242919528,-3.02049409798652
"cv",40,2,130.674720519389,-0.500721312461172,-3.15117313778019
"cv",40,3,123.272629582833,-0.446264443471799,-3.06012393998317
"cv",40,4,128.32276970423,-0.475067543048785,-3.05047452505099
