"","","","","par1","par2"
"cv",20,1,83.060641028088,-0.746346243931353,-4.98928756004699
"cv",20,2,79.3098035733917,-4.07677685547957,-4.9961950163192
"cv",20,3,88.4394207633869,-0.761720732231414,-4.99820452594175
"cv",20,4,87.4815879728346,-0.863503992938319,-4.99603158413353
"cv",40,1,155.959708981815,-0.968793217167092,-4.98471686560452
"cv",40,2,160.681072935823,-4.24417823286533,-4.99231345503443
"cv",40,3,163.148087930315,-2.27058384582984,-4.99504153104382
"cv",40,4,156.836938080262,-0.877662853660879,-4.99639750612166
