"","","","","par1","par2"
"cv",20,1,74.3378246237503,-1.99576281306285,-1.53728199630326
"cv",20,2,74.5651505441271,-4.3309161469641,-1.55745185112653
"cv",20,3,68.1022853810285,-1.81429566402626,-1.52768838366543
"cv",20,4,68.5711427062882,-1.62756076257288,-1.52676456450464
"cv",40,1,113.109273116692,-1.65869482199785,-1.47360691542507
"cv",40,2,136.647085181027,-1.59890951004034,-1.51708549785767
"cv",40,3,182.85438661834,-1.64172847974651,-1.64038539078412
"cv",40,4,150.125790747903,-1.59915716357255,-1.56829962804637
