"","","","","par1","par2"
"cv",20,1,87.0030724707916,-1.04904283303767,-4.96829742674422
"cv",20,2,77.321858520507,-0.978173259828957,-4.97922923649997
"cv",20,3,82.7886393948888,-0.899874049558014,-4.96584115081822
"cv",20,4,84.9795337691841,-3.0811145588159,-4.99606431634067
"cv",40,1,168.899160587539,-0.8419458963373,-4.99706065325891
"cv",40,2,165.366366793159,-0.758412342404401,-4.99370280639328
"cv",40,3,152.95336961259,-4.1264727456139,-4.98700558727764
"cv",40,4,169.262058210929,-0.855901746373147,-4.98922622613208
