"","","","","par1","par2"
"cv",20,1,96.1628344236532,1.60979560673158,-2.28968147315376
"cv",20,2,96.1196938498197,1.62792385769962,-2.33244995886694
"cv",20,3,94.671188615566,-3.72711954324151,-4.99805951652097
"cv",20,4,96.2041872396997,1.62697837227386,-2.36364970956408
"cv",40,1,221.931943452199,1.89019208760648,-2.57232501659704
"cv",40,2,168.056922757005,-0.999576534160554,-4.97907096118902
"cv",40,3,176.043974335712,-4.29005449247332,-4.99602498441207
"cv",40,4,203.501047842951,-1.42690524771843,-4.98248910964423
