"","","","","par1","par2"
"cv",20,1,91.6187285850878,-4.28122095913673,-4.76987415883008
"cv",20,2,96.1233730343413,2.29431673229641,-2.11291083206162
"cv",20,3,96.165921731367,2.28055698755107,-2.1261177538877
"cv",20,4,95.8818514159127,2.32339466647284,-2.19519378146059
"cv",40,1,87.2767451337019,2.86744699811655,-2.27100644241323
"cv",40,2,179.759536891155,2.53313981422329,-2.27208772380383
"cv",40,3,200.316919233908,2.94443886887881,-2.64142537215608
"cv",40,4,192.397314717993,2.90014752875904,-2.53299811140712
