"","","","","par1","par2"
"cv",20,1,93.0150832030593,0.653942912303825,-1.71811573813388
"cv",20,2,84.2928038022188,-0.586813746641111,-2.04813009953427
"cv",20,3,104.839024564755,-0.555341975599443,-2.22363881514605
"cv",20,4,92.3494423018684,1.05735936799354,-1.7714368783794
"cv",40,1,177.692414952993,-0.603691368627994,-2.48286251456084
"cv",40,2,144.065691015466,-0.669308813334375,-2.33730151792597
"cv",40,3,142.848237893901,-0.73216623517656,-2.35486364229953
"cv",40,4,158.034739030203,-0.579301927444753,-2.39312281039598
