"","","","","par1","par2"
"cv",20,1,51.6867134784782,-0.0849532084197448,-2.32234510531116
"cv",20,2,70.5871815854381,-0.135221751633317,-2.40304365905538
"cv",20,3,66.7196525618949,-0.0975953678235715,-2.37538568699645
"cv",20,4,101.152027460581,0.187269398750999,-2.51258405854785
"cv",40,1,158.247901520884,0.178239020872418,-2.06635697007477
"cv",40,2,173.453509605717,-0.123803402472128,-2.201259650757
"cv",40,3,177.601056286608,-0.129469177032066,-2.24394173053462
"cv",40,4,185.332828299354,-0.239177412682445,-2.24452310628461
