"","","","","par1","par2"
"cv",20,1,92.0789136979558,0.515615517945337,-4.92848392681461
"cv",20,2,91.9918633115099,0.454005070426283,-4.9701222663265
"cv",20,3,95.3271143721827,0.473163298441978,-4.89268760976723
"cv",20,4,99.8521819434151,0.485465102849351,-4.9842144290077
"cv",40,1,182.815566539813,0.230248867811101,-4.94996535066167
"cv",40,2,178.059857020099,-0.122421113558609,-4.97821393460964
"cv",40,3,185.62864562791,-4.78835410970325,-4.96663424727963
"cv",40,4,202.434102385796,-0.474261231072992,-4.98090298908166
