"","","","","par1","par2"
"cv",20,1,79.4165157899303,2.57288186523787,-2.92675909168401
"cv",20,2,76.0749915110063,2.62155542329523,-3.1902007939887
"cv",20,3,90.2489066802682,2.57379284037842,-2.91506578795674
"cv",20,4,87.5019865170589,2.64623818072398,-2.91473079497759
"cv",40,1,168.007890215517,3.18978910236693,-3.20968552097351
"cv",40,2,192.568243572174,4.99999999997675,-3.4214079006084
"cv",40,3,166.108684529375,0.367963945506197,-2.50573012418256
"cv",40,4,186.134140994252,4.99999999995531,-3.40385875272547
