"","","","","par1","par2"
"cv",20,1,58.969875878237,-0.636829109901118,-2.87211388684061
"cv",20,2,69.7156897202024,-0.67665911808705,-3.02959043355037
"cv",20,3,83.4224172220641,-0.812583266449611,-3.05567136053704
"cv",20,4,56.5637913290342,-0.655738049867752,-2.7603745709
"cv",40,1,90.1629965409245,-0.723652784547043,-2.9745552478242
"cv",40,2,75.6745948189927,-0.608323774506995,-2.97102689058003
"cv",40,3,186.895945835696,-0.612539537171524,-3.23239421398574
"cv",40,4,116.338681978047,-0.554740981830694,-3.16323172791612
