"","","","","par1","par2"
"cv",20,1,113.155983347429,-0.518084919607513,-2.43819003450284
"cv",20,2,70.14591738385,-0.503251736445601,-2.19679151835556
"cv",20,3,70.8078473941575,-0.412014162303464,-2.16774729880295
"cv",20,4,70.7742415175283,-0.468091591599804,-2.18163932658107
"cv",40,1,158.556785291065,-0.501479682185423,-2.5389969987837
"cv",40,2,138.956253810564,-0.46009948478018,-2.50938890775028
"cv",40,3,117.472199215183,-0.525790002260839,-2.44606263525651
"cv",40,4,130.644651273279,-0.484349873864412,-2.49561358057982
