"","","","","par1","par2"
"cv",20,1,92.0679696795576,0.338028025645453,-2.18723395673033
"cv",20,2,88.3006536510867,1.35948597429129,-1.80089649008709
"cv",20,3,92.1537456773036,0.337208020899319,-2.23198121965911
"cv",20,4,95.7436206958173,1.89525302712064,-2.35027665025042
"cv",40,1,193.41708646729,4.99999999999573,-3.49694321921986
"cv",40,2,188.037488502579,4.99999999997782,-3.41752586193012
"cv",40,3,176.227723619629,4.99999999969838,-3.42215229447182
"cv",40,4,170.404427413026,0.218256394854624,-2.01845538677833
