"","","","","par1","par2"
"cv",20,1,96.1919334674674,2.39725729393991,-2.42946778673306
"cv",20,2,94.961377857293,-4.93015885055822,-4.96980614319352
"cv",20,3,99.3604460463055,-3.18373187853915,-4.99719890022248
"cv",20,4,96.06246545899,2.38221763649621,-2.37512137746236
"cv",40,1,198.342571114076,1.8966187776374,-2.19328087181234
"cv",40,2,193.487149451614,2.13958214007543,-2.15244054685951
"cv",40,3,192.081149998073,2.14120684625309,-2.10177547032826
"cv",40,4,199.153738376625,-3.06246706778798,-4.98665281378437
