"","","","","par1","par2"
"cv",20,1,96.0026796498296,1.00327855334001,-1.23127896844271
"cv",20,2,95.6644015742207,0.845825237374778,-1.17221158209319
"cv",20,3,96.1520084714756,1.78719433047263,-0.943734022603441
"cv",20,4,94.0492961821184,1.98937902099551,-0.645620455130308
"cv",40,1,180.520330376784,-4.30973737926389,-1.67459900822233
"cv",40,2,170.902802480027,-2.3010951280912,-1.51143907713894
"cv",40,3,185.434783908046,-3.01246420501853,-1.76254824432741
"cv",40,4,207.725630832547,-0.402618287559016,-1.97930523382837
