"","","","","par1","par2"
"cv",20,1,81.5706928636653,-0.237945211925763,-2.92523823545638
"cv",20,2,70.2538361473419,-0.29268123830488,-2.80493227468133
"cv",20,3,72.9854740176559,-0.152042462538901,-2.939875317781
"cv",20,4,84.3122693852261,-0.299296664795321,-2.90710100963102
"cv",40,1,150.868109759287,-0.570694057450255,-2.61832680324655
"cv",40,2,165.308705121903,-0.622970084165663,-2.67981947849429
"cv",40,3,165.104439869515,-0.472669692539182,-2.79315325893579
"cv",40,4,162.158099493121,-0.546865398524791,-2.69418028429752
