"","","","","par1","par2"
"cv",20,1,50.3659591931598,-1.79185681446106,-1.79350175920513
"cv",20,2,34.9482114440847,-1.79382715429168,-1.72580320587609
"cv",20,3,72.9989126581492,-3.5567455634451,-1.88771265070532
"cv",20,4,51.4349824043091,-1.79334206266409,-1.80228887586861
"cv",40,1,156.225080253863,-2.68139304131525,-1.832614188372
"cv",40,2,95.9545113455641,-3.34210842189865,-1.72005034493834
"cv",40,3,95.6037537948824,-2.76711930590089,-1.71987490248239
"cv",40,4,93.4212402747216,-2.16351654210529,-1.71729081384246
