"","","","","par1","par2"
"cv",20,1,78.4040782114206,-0.459631295906266,-2.10514471361449
"cv",20,2,86.7876328728514,-0.349832515539412,-2.22242498317146
"cv",20,3,83.6120402391332,-0.396426724362829,-2.20793244027947
"cv",20,4,81.0554115978886,-0.192096719439568,-2.13536231239409
"cv",40,1,158.377219443656,-0.548681291589004,-2.46895210255556
"cv",40,2,142.971628161481,-0.568964722106935,-2.37252225288459
"cv",40,3,143.710618676638,-0.520134875832757,-2.45812455410254
"cv",40,4,157.772565536974,-0.522893118427619,-2.4336057924071
