"","","","","par1","par2"
"cv",20,1,65.2021253566476,-0.433065147348845,-2.29483209057087
"cv",20,2,61.0992853048783,-0.491693550438978,-2.24897627042967
"cv",20,3,83.6341657492509,-0.269304126662733,-2.4073600275095
"cv",20,4,84.8579311181275,-0.361538737582195,-2.43646855101792
"cv",40,1,150.90306597181,-0.590953458112248,-2.5153445710581
"cv",40,2,165.83765219483,-0.514118826788963,-2.5372040238645
"cv",40,3,137.072253673413,-0.526972478678141,-2.45400052996008
"cv",40,4,127.656277854627,-0.670448662969478,-2.42897086972278
