"","","","","par1","par2"
"cv",20,1,78.7918650798467,0.254801975124422,-1.78278116611361
"cv",20,2,85.9456413028003,-0.201362772208103,-1.50611890345877
"cv",20,3,83.8243364309214,4.82353752662508,-4.99992006262227
"cv",20,4,106.891000780562,-0.207978300973803,-1.62305207634542
"cv",40,1,187.575540379562,4.97674601983748,-4.99984918356059
"cv",40,2,179.019213240583,-1.56169902202316,-1.12102778993021
"cv",40,3,160.655489727503,-1.54987093290598,-0.831356392445984
"cv",40,4,198.568899844897,-0.302601782553985,-1.29491925523941
