"","","","","par1","par2"
"cv",20,1,71.6388717949402,-0.390638834373346,-2.50747134641519
"cv",20,2,99.0802165209884,-0.367633104919338,-2.83554939166998
"cv",20,3,83.235584588019,-0.314815273216,-2.67074564448414
"cv",20,4,85.2246532356497,-0.150429603562381,-2.77125501988254
"cv",40,1,172.130410081377,-0.518169699054629,-2.56878798550943
"cv",40,2,178.520855689685,-0.544983394114207,-2.64753213757178
"cv",40,3,182.470631660862,-0.518707325371352,-2.66664275255622
"cv",40,4,166.208945534164,-0.413242992823693,-2.62950632321444
