"","","","","par1","par2","par3"
"cv",20,1,58.5609984892193,-0.248749563425029,-0.726276427269455,-2.4670554328935
"cv",20,2,60.1307763779807,-0.289497502771778,-0.620723623859483,-2.31005130912517
"cv",20,3,56.9022092880849,-0.257774097375708,-0.652437126610876,-2.32996572169219
"cv",20,4,76.1776786704041,-0.308467665240873,-0.606194562399132,-2.36530704610396
"cv",40,1,138.301142144718,-0.349820416328434,-0.698562671486067,-2.48687596387301
"cv",40,2,114.79517613969,-0.397729779067141,-0.717487979899949,-2.44725413003116
"cv",40,3,104.069249666081,-0.36064226574363,-0.650561766818347,-2.36723144562266
"cv",40,4,133.065115386123,-0.401409763841215,-0.632962061622528,-2.35707658962066
