"","","","","par1","par2"
"cv",20,1,114.119950876716,0.0978180861860738,-3.27158815879969
"cv",20,2,70.4878415748963,-0.0409906864595095,-2.68156304180393
"cv",20,3,44.2274131556603,0.463237229846497,-2.79003342833393
"cv",20,4,94.5226451727426,0.114872680545874,-2.94331649607875
"cv",40,1,72.4559363686183,0.240395331777585,-3.03811863802975
"cv",40,2,115.909609301016,-0.00302165933164403,-3.07804374989236
"cv",40,3,116.844790122942,-0.00101058542356869,-2.83385143432554
"cv",40,4,28.1966561306852,0.00281027537573557,-2.94090207999705
