"","","","","par1","par2"
"cv",20,1,85.4776148913487,0.261764868980141,-2.96900328901101
"cv",20,2,90.4680368117234,0.204052912317353,-3.01859799780286
"cv",20,3,93.2445445464598,0.15457198368252,-3.05449057143497
"cv",20,4,70.1979559516573,0.155846235549945,-2.74863626323592
"cv",40,1,181.645975961078,0.109337392117306,-3.01006347400724
"cv",40,2,160.030780923065,-0.0402986406804313,-2.70346907100093
"cv",40,3,178.027571305621,-0.229173141608013,-2.68697901756851
"cv",40,4,183.555352498889,-0.242497663382223,-2.76279816405437
