"","","","","par1","par2","par3"
"cv",20,1,71.8937243777438,-0.566196093895329,-0.0830881821156733,-1.6244617864909
"cv",20,2,60.4943373113092,-0.337886750377548,-0.907371321654249,-2.30096790213313
"cv",20,3,92.3389669320191,-0.628387504781887,-0.505992663730139,-2.13697808509205
"cv",20,4,73.0232907180229,-0.527023689957903,-0.602727357552547,-2.162765412872
"cv",40,1,111.385339568056,-0.270121028528968,0.0796166636439379,-1.62995774858187
"cv",40,2,145.175412148537,-0.466565215325774,-0.032695444835584,-1.71594670272242
"cv",40,3,128.089235868502,-0.368864288905081,-0.122375201438116,-1.80405811191646
"cv",40,4,139.729248593194,-0.407395677196004,-0.0976598741791521,-1.79612724173508
