"","","","","par1","par2"
"cv",20,1,78.9315149351434,-0.397303244845622,-2.49482229136462
"cv",20,2,70.2364620297139,-0.379872728061617,-2.4598986868719
"cv",20,3,71.9931170594688,-0.376138528794375,-2.47756927288939
"cv",20,4,61.1224847372438,-0.388720935900022,-2.44398030104694
"cv",40,1,191.221524948429,-0.406749019106677,-2.54758021163399
"cv",40,2,152.417481223191,-0.370364772807397,-2.44651495378448
"cv",40,3,124.932491957234,-0.331380229476614,-2.31532622333053
"cv",40,4,138.679405763962,-0.472867965416317,-2.35477615058305
