"","","","","par1","par2"
"cv",20,1,72.8752890407295,0.402314124975692,-1.94521409393923
"cv",20,2,71.6324678103219,0.302959488498274,-1.95743528376575
"cv",20,3,82.3771237997712,0.210426594963209,-2.09190149782336
"cv",20,4,133.932172606062,0.494957240825398,-2.42591666080486
"cv",40,1,163.661475674935,-1.791345901593,-2.14053865324928
"cv",40,2,163.481388120854,-1.77463084879516,-2.16473621429274
"cv",40,3,181.17521224939,0.0430573831611131,-2.17794572803569
"cv",40,4,181.495858889978,-0.322045393367422,-2.21037184941821
