"","","","","par1","par2"
"cv",20,1,94.9090552350354,-4.86912575550377,-4.98886389216947
"cv",20,2,95.3844877277939,-3.45564722690748,-4.97547914600735
"cv",20,3,92.0852635637136,-2.34979374596498,-4.95363460129883
"cv",20,4,94.8470020091946,-0.147077768810682,-4.99427967183563
"cv",40,1,181.090266396344,-0.522093883217351,-4.99094856390991
"cv",40,2,175.654792030348,-1.37796106591091,-4.99121962484375
"cv",40,3,171.189406723494,-0.345532350391007,-4.98576433672655
"cv",40,4,185.380752509002,-1.57098172910813,-4.98142720158435
