"","","","","par1","par2"
"cv",20,1,96.8634704800062,0.932063598412632,-1.40456659331074
"cv",20,2,95.9156836735194,3.56162385893253,4.99999999999309
"cv",20,3,95.8421929863034,0.918760921287577,-0.834611921568326
"cv",20,4,98.9844838239505,0.765145392597885,-1.92535961512637
"cv",40,1,191.831660453993,4.99999999661344,4.99999999897031
"cv",40,2,191.932986668858,-0.574771362154937,0.766437172735141
"cv",40,3,192.23103716118,-0.385735706761561,-0.10474097840401
"cv",40,4,192.622426183608,-0.489149338398326,-0.505154932101546
