"","","","","par1","par2"
"cv",20,1,62.4815468715518,0.639918300255992,-2.59805946781134
"cv",20,2,66.5337047619503,2.89520540511025,-3.20445609515862
"cv",20,3,84.0480488172078,0.267707333806947,-2.65325162029756
"cv",20,4,74.7856012739381,3.11889209493636,-3.16661497769975
"cv",40,1,118.703003168123,0.596851105664267,-2.76055905522359
"cv",40,2,68.4560935815323,0.414265492137977,-2.83414228142031
"cv",40,3,114.175971965466,2.35463647851594,-2.99968312771738
"cv",40,4,118.14263212357,0.424538561602405,-2.93718832726917
