"","","","","par1","par2"
"cv",20,1,94.7871419934912,2.5971180219165,-1.16695981820624
"cv",20,2,94.3798702480684,0.647850164321675,-1.20539642859802
"cv",20,3,95.9173480901894,0.711938502478829,-1.43784850925553
"cv",20,4,98.7465793925749,0.742263265193501,-1.68700051155219
"cv",40,1,191.24304167495,0.652102164267732,-1.7103764035995
"cv",40,2,191.149486934853,0.617175379837587,-1.79147981815817
"cv",40,3,187.495353416795,0.554308786509996,-1.6679581234283
"cv",40,4,190.947433782853,1.27468793383023,-1.4413286486229
