"","","","","par1","par2","par3"
"cv",20,1,71.064251798733,-0.399707312805439,-0.880513796594385,-2.31895411609376
"cv",20,2,73.5912803773561,-0.435278609931756,-0.785434008037232,-2.2622765956053
"cv",20,3,70.390872272195,4.99999818237983,3.05389504994969,-2.22474022892239
"cv",20,4,77.7156350216231,-0.316289179658661,-0.505413550240586,-2.07941723406652
"cv",40,1,143.824258071575,-0.423585161467682,-0.793393782042113,-2.4225802525267
"cv",40,2,164.779340407825,-0.33200002324675,-0.760872764350393,-2.418566683563
"cv",40,3,118.732985908136,-0.397899183648571,-0.691010159703599,-2.26076771154891
"cv",40,4,130.513637314875,-0.353415930120233,-0.706430577241683,-2.29595220579565
