"","","","","par1","par2"
"cv",20,1,80.9825270966167,-0.147204616855748,-2.73120727660371
"cv",20,2,78.8698056313687,-0.0690324220588339,-2.7355058083454
"cv",20,3,92.6322851113103,-0.207400371374983,-2.83911509328261
"cv",20,4,75.2333503193634,0.0502132688945993,-2.82663789517932
"cv",40,1,205.307417470025,-0.674730416338422,-3.01861150880471
"cv",40,2,133.431288104232,-0.503319403510908,-2.79946020222168
"cv",40,3,162.586519861109,-0.555161489815808,-2.90080145325121
"cv",40,4,119.73345857071,-0.400066389577691,-2.8089708788784
