"","","","","par1","par2","par3"
"cv",20,1,72.4746755098841,-0.367415327865236,-0.867018505342603,-2.20165746911374
"cv",20,2,78.7181107743134,-0.412152212220157,-0.896229212460058,-2.30004145198576
"cv",20,3,79.0035222496172,-0.0951413559186472,-0.653677980920727,-2.13754028728811
"cv",20,4,91.0304243575106,-0.394764378733575,-0.742774034938249,-2.22197561227849
"cv",40,1,120.197622689244,-0.412761970515783,-0.419047251675454,-2.1705005231796
"cv",40,2,111.481760819629,-0.475642011391892,-0.45004071114754,-2.17413787559089
"cv",40,3,118.30034460021,-0.3584256110458,-0.535010560715642,-2.33082818128452
"cv",40,4,134.366476918429,-0.354684458944177,-0.485003231560458,-2.30589374562846
