"","","","","par1","par2"
"cv",20,1,75.1094998645688,-0.298810604429862,-3.33652424439933
"cv",20,2,78.817622592594,-0.289356010502684,-3.55836920670739
"cv",20,3,60.045365744995,-0.338309986677733,-3.22065784472973
"cv",20,4,40.0530012871481,-0.255552021071503,-3.11183536568078
"cv",40,1,148.435148903732,-0.141559620305051,-2.84099330201014
"cv",40,2,176.590670224592,-0.254137009799384,-2.94282132735359
"cv",40,3,146.45767737634,-0.0906452412155674,-2.89468004498316
"cv",40,4,171.672611922684,-0.290814317200541,-2.91704144723164
