"","","","","par1","par2"
"cv",20,1,80.0878573198596,-0.467475248113945,-3.07417428919921
"cv",20,2,67.8660370143165,-0.453362884871664,-3.04977380140082
"cv",20,3,63.0054160740924,-0.42754532128567,-2.97493600508146
"cv",20,4,64.8294107315943,-0.499280425470189,-2.90632973157258
"cv",40,1,141.008456381042,-0.563033461317295,-3.04794967214393
"cv",40,2,115.22466841193,-0.639638449717106,-2.90538278602052
"cv",40,3,146.201351832803,-0.642764105468589,-3.02322115325812
"cv",40,4,161.421416343171,-0.701303307154098,-3.16949094044493
