"","","","","par1","par2"
"cv",20,1,75.1995767146438,-1.96269528863141,-2.05641830583818
"cv",20,2,80.8175318588305,0.6723378025087,-1.95024253948701
"cv",20,3,104.850500672706,0.205046992459078,-2.23684493543509
"cv",20,4,83.2359194168633,0.708725825081001,-2.02092587706953
"cv",40,1,184.54666350468,-0.0776926268828912,-1.08288366857079
"cv",40,2,185.984925250107,0.143756307208923,-0.342509812543897
"cv",40,3,209.697646038085,0.0226876899023058,-1.85495564948382
"cv",40,4,199.516634828741,-0.0916715611798727,-1.68571417063944
