"","","","","par1","par2"
"cv",20,1,82.5304147105122,0.107818032223992,-2.22783432493006
"cv",20,2,83.1262735296609,0.249657917968364,-2.23675323853569
"cv",20,3,84.6184381746391,-0.184433505425061,-2.23058355153996
"cv",20,4,75.6901237213391,-0.122400148803826,-2.14287341818419
"cv",40,1,131.764617294034,-0.424768675152547,-2.25255419937138
"cv",40,2,131.899721841758,-0.359784546737422,-2.25476462717978
"cv",40,3,204.968664760214,-0.621668409345591,-2.51854976385703
"cv",40,4,158.010864351174,-0.373750233616678,-2.32691099830247
