"","","","","par1","par2"
"cv",20,1,50.6809857579106,-1.6847754271699,-1.66262142104563
"cv",20,2,65.9178736149613,-1.80786548292292,-1.72174481820042
"cv",20,3,78.2716168344502,-1.80559631277964,-1.77990563555032
"cv",20,4,44.684512898823,-0.659624204111784,-1.6548805857762
"cv",40,1,81.820256640147,-2.10003598929371,-1.74967683290974
"cv",40,2,66.6489603379353,-2.62460594737719,-1.7198893114644
"cv",40,3,169.577453305031,-2.56769333576807,-1.92058055306495
"cv",40,4,107.058893464909,-3.82471597130514,-1.79400625641319
