"","","","","par1","par2"
"cv",20,1,90.4698654389377,-1.76750878066727,-2.14213452518812
"cv",20,2,94.2143293152975,-0.285923898502805,-2.14264777546913
"cv",20,3,85.7179092006156,0.541001707508251,-1.94147145321524
"cv",20,4,88.0219278130528,-2.00083009178483,-2.08744585231062
"cv",40,1,189.402225118115,-1.8348675275472,-2.51256587861385
"cv",40,2,152.921202654943,-0.575434092829108,-2.37208515667039
"cv",40,3,153.89823276524,-1.83486570632673,-2.41983410438692
"cv",40,4,155.207350045036,-1.92932602579367,-2.32136848482567
