"","","","","par1","par2","par3"
"cv",20,1,79.775647603516,0.226249112150587,0.243511909530169,-1.62595304539491
"cv",20,2,77.9176780607538,-2.11549201037749,4.99562403617982,3.15205962130649
"cv",20,3,70.1115398090112,-0.327821466884074,-0.481495894256574,-1.94700639758853
"cv",20,4,102.429022750172,-2.36629553667786,4.9930149651147,3.02597509621125
"cv",40,1,140.302530835092,-2.85831690100351,-0.927144581186754,-2.54089896424259
"cv",40,2,119.701885307495,-0.884562377276955,-0.889353663620509,-2.44397953823887
"cv",40,3,126.443762609394,-0.913199014184466,-0.91203993281147,-2.4809842592819
"cv",40,4,165.172628822138,-0.683254605225007,-0.362403831886112,-2.04661189768543
