"","","","","par1","par2"
"cv",20,1,73.77246589024,0.0630250409523706,-2.28473178708852
"cv",20,2,67.6990440505752,0.133008676607808,-2.27975555367866
"cv",20,3,90.3984024954746,-0.0461172724024304,-2.40641932128855
"cv",20,4,64.9795737727416,-0.0347022523501468,-2.26123734589366
"cv",40,1,155.902193442201,0.106273467521263,-2.43382620474225
"cv",40,2,145.349983887685,0.0969185524079253,-2.42293530426353
"cv",40,3,167.635310857998,0.131660005755618,-2.49471636792639
"cv",40,4,159.38144229415,0.00543144408845368,-2.49511114410749
