"","","","","par1","par2"
"cv",20,1,83.0877294222688,-0.236099286350473,-2.17457514432644
"cv",20,2,74.7962273063593,0.00572459854672125,-2.04378405591835
"cv",20,3,96.4215186365371,-0.183986434064329,-2.26174274093346
"cv",20,4,77.4811963339166,-0.208970542376839,-2.10078818141392
"cv",40,1,164.094120559279,0.0563007158167334,-2.00011704429016
"cv",40,2,178.476719785804,-0.373608285128124,-2.10724128626497
"cv",40,3,189.918669025918,-0.312824564047168,-2.19614200880718
"cv",40,4,161.619507103114,-0.235049934319528,-2.03448398141176
