"","","","","par1","par2"
"cv",20,1,80.1376685188728,0.399307316710417,-1.90905081997433
"cv",20,2,80.8149984751152,-0.325403025504345,-2.15767005229163
"cv",20,3,72.2644447772066,-0.290547836877868,-2.07747452476984
"cv",20,4,98.5656947240075,-0.375200597104665,-2.25224315273995
"cv",40,1,146.76246844163,-1.90208487229878,-2.50924231007264
"cv",40,2,129.082664948097,-0.762344456321639,-2.46218718463811
"cv",40,3,135.993883252164,-0.706684235398385,-2.44752238049492
"cv",40,4,158.058102777356,-0.670568506262329,-2.52630474202392
