"","","","","par1","par2"
"cv",20,1,47.5292955157323,0.0783340008094919,-3.12108658474972
"cv",20,2,21.0052751223025,0.140124795771479,-2.95146871689139
"cv",20,3,58.6272990107464,0.421254911906996,-3.06820588984855
"cv",20,4,20.529044842956,0.0861765344323382,-3.0046281600777
"cv",40,1,154.539097074448,0.0684073479854644,-2.73384959062881
"cv",40,2,138.448025239438,0.288645151457237,-2.67532108542407
"cv",40,3,138.168444742811,0.114329172106275,-2.8545812200258
"cv",40,4,161.371339498972,0.259530538845255,-2.61761635417449
