"","","","","par1","par2"
"cv",20,1,55.1204655171065,-0.046480418778295,-3.21446601950665
"cv",20,2,44.1019795718657,0.0101580903580036,-3.03347134238175
"cv",20,3,39.9387327777018,0.0316507829633567,-2.98573140562626
"cv",20,4,116.310636858068,0.51955931116525,-3.19138264684345
"cv",40,1,241.125391975728,-0.0349338036725464,-3.30595160412112
"cv",40,2,113.199668166222,-0.0883934943970141,-2.8668435611635
"cv",40,3,45.6173817539697,0.139711547429262,-2.93755001995069
"cv",40,4,52.543530315774,-0.0983737350552151,-2.82901869856759
