"","","","","par1","par2"
"cv",20,1,79.8798299621117,4.04435713608962,-4.99999999910251
"cv",20,2,87.6383106699257,4.9999994667501,-4.99999999829864
"cv",20,3,81.4371125411919,4.34258554555393,-4.99999999973155
"cv",20,4,74.9092197492014,4.99999986169016,-4.99999999893626
"cv",40,1,163.795372779192,4.45996063408629,-4.99999999977508
"cv",40,2,155.505382137256,4.99999949538226,-4.99999999816004
"cv",40,3,157.079219975979,4.99999929022243,-4.99999999775268
"cv",40,4,156.189162132245,4.99999990289314,-4.99999999672829
