"","","","","par1","par2"
"cv",20,1,68.9783264662271,-3.7039688385056,-1.56939950750762
"cv",20,2,58.0256832955326,-4.40326232451288,-1.51113913563741
"cv",20,3,88.6681952788915,-2.83427106730573,-1.65524477583872
"cv",20,4,61.0654486229079,-2.67721033443295,-1.52265148930204
"cv",40,1,156.791418599678,0.0198385317599972,-1.76168230076951
"cv",40,2,145.050401574908,-0.0380464856604326,-1.66361984182018
"cv",40,3,165.143678857232,-0.0883662984712396,-1.69341554735834
"cv",40,4,161.140993238632,-0.207574511294021,-1.59343291169385
