"","","","","par1","par2"
"cv",20,1,81.8573694308142,0.390284461773354,-2.54290400059242
"cv",20,2,85.469116120212,0.441738315993571,-2.70986085980995
"cv",20,3,91.1020213615802,0.396130038662325,-2.62272227800511
"cv",20,4,96.1421564634843,4.99999999999079,-3.11538112129753
"cv",40,1,162.943063242767,3.75480582179195,-2.71540799451291
"cv",40,2,171.36325033918,3.77751958856257,-2.83220556913519
"cv",40,3,189.453484265943,3.72518490520316,-2.80061895065865
"cv",40,4,142.24747793555,3.25694618790934,-2.91904532737167
