"","","","","par1","par2"
"cv",20,1,65.1647426704973,-0.221443611736471,-2.93550758675109
"cv",20,2,65.0313639804525,-0.306826462963317,-2.82544794232618
"cv",20,3,64.7887124686351,-0.257232563863243,-2.90951008590808
"cv",20,4,117.941082536733,-0.347548001798067,-3.22271349380616
"cv",40,1,158.732253292755,-0.430570143850331,-3.07395045138504
"cv",40,2,159.380027972977,-0.43069947287385,-3.1191683501032
"cv",40,3,121.896800875438,-0.418730852692109,-2.95543039147569
"cv",40,4,116.189742885591,-0.487066668503829,-2.89668179113017
