"","","","","par1","par2"
"cv",20,1,82.8289551609137,1.12536028554745,-2.24115071246596
"cv",20,2,86.0756869405224,2.8199635041977,-2.8498316149836
"cv",20,3,91.8842765258362,2.78462001644825,-2.88310288798006
"cv",20,4,82.6731106333285,2.89566072153026,-2.83715034066576
"cv",40,1,174.70224031315,3.06358025899381,-2.84827498548425
"cv",40,2,180.29437807319,2.46339613245181,-2.71769779151014
"cv",40,3,189.690023411244,0.414577189465083,-2.2854303217955
"cv",40,4,172.302862247565,2.80714749367248,-2.71814467103168
