"","","","","par1","par2","par3"
"cv",20,1,54.3763445675024,-0.240805396357213,-0.982474787829552,-2.42805044112
"cv",20,2,56.924200940829,-0.445113144286378,-1.07333868335119,-2.55391252680271
"cv",20,3,64.4645016908002,-0.46754326187146,-1.19124159699752,-2.55620119233122
"cv",20,4,93.1388376734408,-0.230369100795244,-1.20264170206896,-2.6709612878816
"cv",40,1,110.641176349411,-0.0587572228748845,-1.57667121153504,-2.68663826232256
"cv",40,2,143.831191093368,-0.475108506595131,-1.3101186582309,-2.64652692798665
"cv",40,3,159.936714882669,-0.414878693635413,-1.25692060180954,-2.705599246472
"cv",40,4,83.1749730978025,-0.475270231546198,-1.37452729785722,-2.6419148780045
