"","","","","par1","par2"
"cv",20,1,100.910445513575,-0.311870909790567,-2.11434631724269
"cv",20,2,94.4938582886458,0.982201337960449,-1.8034113037922
"cv",20,3,91.9012334797513,-0.371086346925977,-2.02391592028332
"cv",20,4,76.5168238302511,0.924478793844223,-1.6017701009492
"cv",40,1,181.131424971814,0.161794707760239,-2.11420446527048
"cv",40,2,171.598310134852,0.0199594787210021,-2.09184803298032
"cv",40,3,157.602919542865,0.357858035695457,-1.99993961918149
"cv",40,4,186.776224057414,0.199735659876433,-2.16004933263193
