"","","","","par1","par2"
"cv",20,1,81.9999593675212,-1.47397208116743,-4.99674566603628
"cv",20,2,83.4727721357385,-1.07549815181949,-4.98581751319497
"cv",20,3,87.6724455416774,-0.855444823936071,-4.98849351804417
"cv",20,4,86.71927608439,-4.27669903621345,-4.99610638794755
"cv",40,1,165.312116282735,-2.70505426595478,-4.97788374172707
"cv",40,2,178.761668638999,-0.720268644755066,-4.98665357165948
"cv",40,3,166.460278297703,-2.42441609226652,-4.99796918676879
"cv",40,4,164.009651478178,-2.23083660091788,-4.99966621430542
