"","","","","par1","par2","par3"
"cv",20,1,47.5746086107808,-0.371266857890843,-0.912710789055408,-2.58849964079105
"cv",20,2,72.5285329626829,-0.33523288998587,-0.879230903544054,-2.60892987249733
"cv",20,3,61.8217659842504,-0.390474793627718,-0.871274193093315,-2.57095000244817
"cv",20,4,67.8045013460498,-0.289024225609033,-0.896328915416441,-2.66640897680222
"cv",40,1,111.375484043323,-0.492818941454473,-1.24245965971902,-2.8797830694051
"cv",40,2,107.466215341341,-0.624397823991142,-1.32545215310434,-3.03166302336613
"cv",40,3,113.648068284504,-0.490104226160901,-0.950151590256342,-2.74528305977595
"cv",40,4,133.460557157104,-0.598015631220616,-1.19959960661954,-2.91780626763241
