"","","","","par1","par2"
"cv",20,1,71.2751688613854,-2.00408442840984,-1.29705327684128
"cv",20,2,96.0426591378986,-3.26466332744018,-1.48080247360526
"cv",20,3,82.2578159164886,-2.74952532352323,-1.3891418781755
"cv",20,4,73.2901456263088,-2.807670065842,-1.30741123068583
"cv",40,1,171.158405991269,-4.62215046033393,-1.17285749132
"cv",40,2,179.678883473761,-4.67156150605729,-1.2293160437604
"cv",40,3,180.035658992646,-4.18275488483355,-1.23394758285755
"cv",40,4,161.859030070291,-4.96241983352328,-1.10904915191639
