"","","","","par1","par2","par3"
"cv",20,1,58.2613907360101,-0.552611629817111,-0.626767435616921,-2.2559634655552
"cv",20,2,66.6959843418582,-1.43096705514782,4.96532061720057,2.92295856995158
"cv",20,3,56.925014569143,-0.756818438490375,-0.367288475188422,-2.01286706148401
"cv",20,4,74.2459455757554,-0.870507968307229,-0.241952101126159,-1.96031487423945
"cv",40,1,140.806729051696,-0.486231358740669,-0.581455761228718,-2.28210732654973
"cv",40,2,135.390158937522,-0.463904769067024,-0.574428252089261,-2.24320748833931
"cv",40,3,94.3310940892199,-0.430318150066031,-0.56721423880981,-2.18542589120838
"cv",40,4,129.531445650783,-0.41655568010454,-0.583341988555795,-2.25156777120032
