"","","","","par1","par2"
"cv",20,1,85.565861421602,3.10719101417431,-2.9253633983017
"cv",20,2,79.722169530541,2.99697911555354,-2.7606789522602
"cv",20,3,63.1378358034209,3.05934362128665,-2.77925888910855
"cv",20,4,70.8841872059169,2.71363428041667,-3.00467374079531
"cv",40,1,175.346182547228,3.47023104004391,-3.65840581401999
"cv",40,2,185.59863375744,3.60981338544765,-3.34394923379329
"cv",40,3,179.607824973114,0.521702112068636,-2.52335621345703
"cv",40,4,184.145903361151,0.495087917883622,-2.41036229475599
