"","","","","par1","par2","par3"
"cv",20,1,55.4926827417238,-0.509924330164542,-0.0776093227709171,-1.79475112317597
"cv",20,2,43.7252785971675,-0.676349711151924,0.081480114623147,-1.55002061768516
"cv",20,3,53.4933163711003,-0.624077013038258,-0.378821632354966,-2.08150666280593
"cv",20,4,97.8436275251429,-1.19917722414888,3.04607189322727,1.2184880972958
"cv",40,1,122.90562916812,-0.617294419157142,-0.483456983981445,-2.30930966503219
"cv",40,2,112.599633358152,-0.624400426444025,-0.394224278118239,-2.19577779850781
"cv",40,3,86.4760995022094,-0.552414595641709,-0.449181971546826,-2.21553686062353
"cv",40,4,108.319642901323,-0.599619495322145,-0.354225083402047,-2.16752979527771
