"","","","","par1","par2"
"cv",20,1,84.5044043630558,-2.00258996606603,-2.03917644172614
"cv",20,2,84.8934547099153,-1.92685942683209,-2.09945755514216
"cv",20,3,92.5612041642216,-1.97252705627127,-2.1799723086687
"cv",20,4,88.2246901506846,0.499321160237857,-2.06133070088723
"cv",40,1,188.345798959556,0.311164410972514,-1.88695619493123
"cv",40,2,175.677412041919,0.285199635011203,-1.69464607794281
"cv",40,3,179.143650777863,-2.01784755735135,-1.91204096725882
"cv",40,4,191.74855495303,0.197505843863869,-1.97032367704521
