"","","","","par1","par2"
"cv",20,1,81.1105175059617,-1.62144662351678,-1.34539869508087
"cv",20,2,92.9139105997299,-1.61823079022778,-1.39875645180796
"cv",20,3,81.854688812273,4.9995759453877,-4.99999060461216
"cv",20,4,85.8201927300245,-1.78460029694672,-1.38178732793413
"cv",40,1,159.710693030922,4.94106677599695,-4.99999999790922
"cv",40,2,174.90013177333,4.99999990719369,-4.99999999989583
"cv",40,3,176.036942767848,4.99999978535105,-4.99999999385451
"cv",40,4,162.383696766723,4.99105277850088,-4.9998594152863
