"","","","","par1","par2"
"cv",20,1,118.715860096777,-4.18620355719363,-1.67328831926994
"cv",20,2,64.8902467276975,-3.84427457494422,-1.40908069358065
"cv",20,3,60.6665399947913,-4.4370028258481,-1.37757437635954
"cv",20,4,66.3226318112494,-2.62184467052391,-1.425173033174
"cv",40,1,147.931097212837,-1.75265333257941,-1.70869402723209
"cv",40,2,121.447469807717,-1.80072120672907,-1.6562623107291
"cv",40,3,105.972035825004,-1.7985498423889,-1.6286416813174
"cv",40,4,121.153207455664,-1.79384110938662,-1.65417293210631
