"","","","","par1","par2"
"cv",20,1,85.9665863668488,-0.70594775575988,-4.97892588427915
"cv",20,2,81.9030250288125,-0.6802763701489,-4.99334658669889
"cv",20,3,80.1350601163544,-4.25661758054048,-4.99139670556499
"cv",20,4,78.6935884425132,-3.89327663716678,-4.96896641499793
"cv",40,1,170.838030221246,-3.35033021852512,-4.96862100483566
"cv",40,2,176.892292220856,-0.911529570719863,-4.98815043937675
"cv",40,3,166.128824693085,-0.675474185431612,-4.9971592447906
"cv",40,4,177.803375522796,-4.48486783299564,-4.98736837398618
