"","","","","par1","par2"
"cv",20,1,58.2521704773107,-3.70863513336079,-1.55672630377622
"cv",20,2,70.8886616339049,-2.64673403506808,-1.61366846026945
"cv",20,3,66.3263764818492,-3.55225696608396,-1.59343289566555
"cv",20,4,71.2103425709662,-3.34177097706419,-1.61175493390456
"cv",40,1,124.507147812919,-3.13395369325925,-1.53999120394054
"cv",40,2,156.788593430614,-2.19652488982994,-1.62303677881178
"cv",40,3,124.380604957105,-4.14372513636081,-1.53830047625052
"cv",40,4,144.158819795618,-3.44307150539548,-1.59768418498551
