"","","","","par1","par2"
"cv",20,1,89.7114758268745,-2.80569171671078,-4.98885115152254
"cv",20,2,92.6371640157234,-2.77486324843937,-4.96942128640193
"cv",20,3,87.018691102161,-1.16391706852261,-4.98159255945065
"cv",20,4,96.6181330351458,-3.09656036625737,-4.97052784882206
"cv",40,1,181.490771246584,-0.692517826252085,-4.9802303936585
"cv",40,2,180.00355790744,-0.683478129236494,-4.97604562859126
"cv",40,3,180.752823083536,-0.466218799587237,-4.97331678289045
"cv",40,4,181.581417575871,-1.05104223126524,-4.99649615667213
