"","","","","par1","par2"
"cv",20,1,68.5516637115133,0.0398578760704841,-2.28885491264579
"cv",20,2,69.0776934326725,0.0413070680773083,-2.25418518003566
"cv",20,3,69.8635606442661,0.00500368551249331,-2.28295629090953
"cv",20,4,96.5894725060013,-0.0830108395156921,-2.45139287661505
"cv",40,1,158.651482067419,-0.251802013428674,-2.48393748001049
"cv",40,2,154.908680136415,-0.299247244590936,-2.47315627586068
"cv",40,3,127.034584799923,-0.255229361867319,-2.36610414917275
"cv",40,4,129.62678250336,-0.370601796105078,-2.40763117113029
