"","","","","par1","par2","par3"
"cv",20,1,58.3805102118898,0.583778010202109,-1.29809503328343,-2.61925312226533
"cv",20,2,66.8340718664284,-0.1205994851813,-0.937261448362993,-2.61013316173595
"cv",20,3,76.3280747894884,-0.165314777677313,-1.21016231507338,-2.74606900935158
"cv",20,4,76.4753461509133,-0.146431742556825,-1.0892644963817,-2.75453222027013
"cv",40,1,91.4436680239836,-0.669809057354885,-1.13958413021744,-2.89758235488251
"cv",40,2,70.4238436046147,-0.281384286249658,-1.15292586786474,-3.00385803335641
"cv",40,3,36.2517712414855,-0.46774016337447,-1.31332705442658,-2.98914824028164
"cv",40,4,110.78673568315,-0.525880381175119,-1.29225834298655,-3.10386718061451
