"","","","","par1","par2"
"cv",20,1,88.310543192121,4.99999999997498,-2.89344662928018
"cv",20,2,71.7512512693981,2.58795471764153,-2.3601743108689
"cv",20,3,77.6496053107535,4.99999999996932,-3.12233218507061
"cv",20,4,92.751423106699,4.99999999998175,-2.90983902030698
"cv",40,1,186.957666921827,3.41843834750732,-2.79045670216266
"cv",40,2,167.94748732349,0.182475243193701,-2.41851636618474
"cv",40,3,191.800562751443,3.1939074505439,-2.74811887218895
"cv",40,4,154.054806031675,2.23549540226123,-2.57284347267496
