"","","","","par1","par2"
"cv",20,1,70.0850635768645,-0.597648195236859,-3.49382119797209
"cv",20,2,76.0209478906848,-0.597445344707559,-3.30108283317384
"cv",20,3,44.8944250744098,-0.612763503271269,-3.12412903350323
"cv",20,4,45.7724891963641,-0.516325536638616,-3.08607797625757
"cv",40,1,119.917941442812,-0.428531121311576,-2.76397704576302
"cv",40,2,181.687695339993,-0.487119587296255,-2.98173965129401
"cv",40,3,177.698468982831,-0.489649143031977,-2.96393406041307
"cv",40,4,131.554154331016,-0.555075816922205,-2.69504793651983
