"","","","","par1","par2"
"cv",20,1,90.9202788038093,0.0779339872128225,-2.76562857184119
"cv",20,2,86.3725010579701,0.147442743094858,-2.77785534688247
"cv",20,3,69.7878101020327,0.0849665952872883,-2.66508171497534
"cv",20,4,40.3690767980425,0.0624808982741439,-2.92975894954573
"cv",40,1,212.811953686807,-0.225511441755098,-3.16893955855471
"cv",40,2,43.9771856816535,-0.16146709736727,-2.85195087501316
"cv",40,3,43.8480616006,-0.119568209286175,-2.85940120554331
"cv",40,4,47.9247150331343,-0.129904459230282,-2.87442458305902
