"","","","","par1","par2"
"cv",20,1,92.1820187936361,4.01429683205245,-4.99999999986448
"cv",20,2,84.3214911636432,3.73177603473935,-4.9999999993265
"cv",20,3,103.709529950028,-0.475782274970166,-0.957564710633213
"cv",20,4,91.5328540651437,3.72096721063151,-4.99999999991711
"cv",40,1,154.219166941081,4.99999982708789,-4.99999999822959
"cv",40,2,162.824424806449,4.99999852183631,-4.99999999838876
"cv",40,3,162.024853619575,4.99999969805345,-4.99999999756585
"cv",40,4,154.1588160105,4.55713764752956,-4.99999999888338
