"","","","","par1","par2"
"cv",20,1,92.6721031428934,0.353526303012424,-2.05083519062693
"cv",20,2,82.4618378467922,-0.0351712370920482,-1.984254356491
"cv",20,3,77.0079988691196,0.515674960672843,-1.95826153358925
"cv",20,4,92.5463644621031,0.344439346850987,-2.10047070194392
"cv",40,1,162.454687383501,0.272291192664041,-2.23393420821322
"cv",40,2,158.091019260727,0.210902716469288,-2.13827697064778
"cv",40,3,167.271759285873,0.170288930159438,-2.24630429604951
"cv",40,4,190.616207729951,0.071648753684124,-2.3938197490997
