"","","","","par1","par2"
"cv",20,1,84.8052781490795,-3.00371422219672,-4.99333330436858
"cv",20,2,86.6310291516047,-4.26606779417876,-4.99657412101915
"cv",20,3,84.65423013941,-2.73344274673496,-4.98899731637053
"cv",20,4,80.8682004983417,-1.3656510295552,-4.99317224100736
"cv",40,1,176.124001179817,-4.27711419327478,-4.97477310346364
"cv",40,2,167.013586800898,-0.696373969901009,-4.98581788296834
"cv",40,3,161.887228714325,-0.820003502766208,-4.99481165831902
"cv",40,4,156.275669652554,-2.01430319649655,-4.99483981912192
