"","","","","par1","par2"
"cv",20,1,92.6819834907634,2.51291281046566,-2.70415698450013
"cv",20,2,65.241889988206,3.16384039682045,-2.60212349977667
"cv",20,3,68.9375539573189,0.0684957774628481,-2.19854142946933
"cv",20,4,100.000595640641,3.2710043008592,-3.05962915850301
"cv",40,1,169.314216212309,3.06798797150224,-3.00051551944715
"cv",40,2,191.51738906012,3.52428144065807,-3.13229372979781
"cv",40,3,192.531175803275,3.66910336721184,-3.16478448472385
"cv",40,4,159.144008637622,0.24307680298712,-2.69370518818473
