"","","","","par1","par2"
"cv",20,1,93.4184085655179,-0.505692039173391,-2.38198040454874
"cv",20,2,87.668295687244,-0.268407460121255,-2.29803553409723
"cv",20,3,85.9168350544948,-0.534232759779223,-2.19941471563285
"cv",20,4,91.1018042474647,-0.549141847810931,-2.25624118786783
"cv",40,1,169.314212199196,-0.315542653772636,-2.70539936538442
"cv",40,2,171.579502830302,-0.330717894070721,-2.76046145168438
"cv",40,3,181.882887964386,-0.369428364530267,-2.80378772347398
"cv",40,4,161.795770488777,-0.396095896306778,-2.67448142514357
