"","","","","par1","par2","par3"
"cv",20,1,65.2023176448872,-0.460058495614854,-0.468761314098738,-2.11406606816953
"cv",20,2,74.2486811735527,-0.36778959316636,-0.641918581382053,-2.38823308808494
"cv",20,3,69.4482860416482,-0.346625116978148,-0.540197036116209,-2.20875241744356
"cv",20,4,63.2051249034239,-0.415698479251197,-0.530538499117906,-2.15267580190013
"cv",40,1,100.639676949419,-0.396804553845993,-0.726700971480825,-2.5614400459176
"cv",40,2,116.669665046743,-0.388458914512562,-0.715301448176882,-2.5495998941325
"cv",40,3,117.261552766009,-0.397922687587305,-0.698039854137848,-2.57297809784004
"cv",40,4,116.5644733715,-0.41566223611176,-0.755588951069464,-2.57921324537335
