"","","","","par1","par2"
"cv",20,1,81.6337634402024,-2.27091593660667,-4.99054505901402
"cv",20,2,86.4535625059803,-2.88943958751752,-4.99754907459329
"cv",20,3,88.802738440902,-0.935767399190635,-4.99249987192488
"cv",20,4,86.1262939006959,-3.08237603054906,-4.93467433048334
"cv",40,1,170.941884725837,-1.12226313837979,-4.9876532810123
"cv",40,2,161.551484071923,-0.794057448514328,-4.98918358735988
"cv",40,3,158.172822275685,-0.608471712152381,-4.99251708430639
"cv",40,4,167.420056827444,-0.788954257937534,-4.97480899748376
