"","","","","par1","par2"
"cv",20,1,80.6241718952262,-0.462365069468686,-2.38836064706319
"cv",20,2,83.7041908885047,-0.472827965819782,-2.33397444490997
"cv",20,3,90.224545795612,-0.25219962629074,-2.52485992763475
"cv",20,4,101.208746838647,-0.4650302721242,-2.70375118556626
"cv",40,1,121.75748014003,-0.408455003875794,-3.04307978578342
"cv",40,2,151.398710442277,-0.505586773096571,-3.08233672473807
"cv",40,3,133.147251731074,-0.326191731163948,-3.02479116160752
"cv",40,4,139.127776560035,-0.333085037974917,-3.06167669575937
