"","","","","par1","par2"
"cv",20,1,63.7298648258276,-0.212500624821635,-2.52687523030448
"cv",20,2,55.8253929679416,-0.26452570349115,-2.41425985548715
"cv",20,3,61.8927151005829,-0.216537201837424,-2.46394894557551
"cv",20,4,87.3921442767985,-0.309182389648423,-2.61355799165437
"cv",40,1,141.230015566721,-0.270479695378315,-2.47387294363719
"cv",40,2,138.627584260995,-0.30571884157445,-2.45283519444654
"cv",40,3,175.363238033446,-0.290976761991873,-2.6016683636678
"cv",40,4,100.596332790276,-0.262875224145825,-2.35702023612534
