"","","","","par1","par2"
"cv",20,1,78.7553273572506,-2.97733028365449,-4.99766207141685
"cv",20,2,85.3311160559923,-2.13617120141217,-4.99428683517609
"cv",20,3,79.5695486222082,-0.766383964904572,-4.99313864679073
"cv",20,4,88.8642427262619,-1.88436977467409,-4.99660608320155
"cv",40,1,164.978817517865,-3.74104734865516,-4.99159864939781
"cv",40,2,159.674076010009,-2.87110764260102,-4.98495527305813
"cv",40,3,158.503122356354,-2.7040337877813,-4.97854283277004
"cv",40,4,167.291632455962,-3.28892423570438,-4.99127960825393
