"","","","","par1","par2","par3"
"cv",20,1,86.1090157556751,0.461731031705846,1.4146344998481,-0.667611426082576
"cv",20,2,93.7683510850216,0.329654696928587,0.604495247274729,-1.43216598233071
"cv",20,3,88.5854339416465,0.337940972572615,1.25325646095661,-0.749787409733007
"cv",20,4,66.576348611178,0.305720582198115,0.821152987511631,-0.889688880838666
"cv",40,1,181.962399540506,0.442620922499851,1.60085239913603,-0.522023540928432
"cv",40,2,163.808716562672,0.400423823714443,4.59759185234354,2.60177205993471
"cv",40,3,174.5738244868,0.00733453729300262,0.612408060017083,-0.98711889309314
"cv",40,4,178.49678021979,-0.0525190791430722,0.379417795691109,-1.18399475960011
