"","","","","par1","par2","par3"
"cv",20,1,87.0797981371896,-0.068870056290685,-0.560083670637134,-2.01513014606346
"cv",20,2,77.0367188575975,-0.136288998112162,-0.76404554936544,-2.12389284171948
"cv",20,3,88.9908778682772,-0.0942072680029535,-0.501552771349399,-1.99637371513224
"cv",20,4,82.4524743953516,0.0471955114894583,-0.596954456312598,-2.05684101462813
"cv",40,1,144.779491057901,-0.449164489058808,-0.509364548391439,-2.03439610395496
"cv",40,2,154.644165257046,-0.810119828664845,-0.0370296487743262,-1.56492414593317
"cv",40,3,149.450852345717,-0.753041667612011,-0.10584243414494,-1.62901007568802
"cv",40,4,145.384531097859,-1.3052393900928,4.60138939730029,3.10900011141411
