"","","","","par1","par2"
"cv",20,1,89.704401968182,-3.18602657188678,-1.25088942922515
"cv",20,2,80.4427550596055,-2.94917815363888,-1.14521166894755
"cv",20,3,92.3236856686996,-0.487854741159524,-1.32307945845171
"cv",20,4,81.7888075431866,-0.163189637086869,-1.34518521675203
"cv",40,1,135.434877098533,-1.64852143035151,-1.465130289697
"cv",40,2,155.049147074485,-1.80156861402944,-1.51948019287705
"cv",40,3,149.854595869097,-1.64852832455096,-1.50628686738222
"cv",40,4,145.395700117355,-1.64852483554131,-1.49250375859232
