"","","","","par1","par2"
"cv",20,1,84.8512264160615,2.95257466991779,-3.0466141217383
"cv",20,2,69.7362733953744,3.08337247519965,-2.95451098408711
"cv",20,3,83.0785149246127,3.03093585907226,-2.99857970994704
"cv",20,4,62.041654350965,3.17000604425877,-2.92661249345475
"cv",40,1,191.305926397809,4.99999999999306,-3.13611660516323
"cv",40,2,170.233889793318,4.99999999994593,-3.05866997262705
"cv",40,3,157.899975944272,0.378769737180706,-2.35316726279184
"cv",40,4,136.059181772453,4.99999999997998,-3.12557717904059
