"","","","","par1","par2"
"cv",20,1,106.942747952627,0.45239560740912,-3.17173026343103
"cv",20,2,82.005276277994,3.38541686950621,-3.18558484829944
"cv",20,3,106.153087940132,2.71833059455757,-3.15724882775341
"cv",20,4,88.134908162137,3.36600633697259,-3.22040356230287
"cv",40,1,164.294620000242,2.60243945607635,-2.87255014359048
"cv",40,2,182.449615931708,2.88863304260525,-2.98420558900827
"cv",40,3,163.766023705934,2.6397981355475,-2.7281864915816
"cv",40,4,166.997684705406,2.48442530711437,-2.78047128271541
