"","","","","par1","par2"
"cv",20,1,76.4347712551039,4.99999992312111,-4.99999999907578
"cv",20,2,75.9172201106339,4.48958396978844,-4.99999999992178
"cv",20,3,75.7749563121463,4.99999983559366,-4.99999999999892
"cv",20,4,80.5149437192013,4.99999994652238,-4.99999999982315
"cv",40,1,165.164529285623,4.9999999842904,-4.99999999715128
"cv",40,2,160.940455523718,4.99999996415996,-4.99999999542431
"cv",40,3,153.862134125077,4.99999998870455,-4.99999999873143
"cv",40,4,151.899363024377,4.99999997759938,-4.99999999264452
