"","","","","par1","par2"
"cv",20,1,63.0727581485156,-0.356491756593449,-2.64194776945323
"cv",20,2,54.3592858673597,-0.323504648978138,-2.55812599243223
"cv",20,3,59.1816559823803,-0.362929573551093,-2.62261480813428
"cv",20,4,50.6574759541222,-0.346419090879921,-2.59122385615579
"cv",40,1,157.89835562594,-0.452176114140991,-2.67778774764769
"cv",40,2,107.134436142103,-0.434892346261135,-2.52551033235728
"cv",40,3,123.821837532633,-0.450023308680047,-2.64644828869707
"cv",40,4,124.818672344868,-0.391356928561787,-2.60422686944065
