"","","","","par1","par2"
"cv",20,1,88.0638469160626,0.153973412705664,-2.35219992346685
"cv",20,2,93.1223295784602,0.222827287829873,-2.59293794836754
"cv",20,3,94.4077789112249,0.0584385621650018,-2.51559128806098
"cv",20,4,95.8374977102569,0.0995985368053865,-2.62793173548007
"cv",40,1,185.349337307738,0.0186564066407617,-2.76828414478434
"cv",40,2,187.574837693342,0.252018045241793,-2.97286442713841
"cv",40,3,178.681084973296,0.0479676919651898,-2.76965879077677
"cv",40,4,174.176174064405,0.137936594322709,-2.73155882609825
