"","","","","par1","par2"
"cv",20,1,59.6434876090756,-2.61996640645066,-1.59303842145424
"cv",20,2,62.9540519108575,-4.27257397212088,-1.60704959996322
"cv",20,3,58.9936944532822,-2.46194183280759,-1.59268693746356
"cv",20,4,79.9122484826424,-4.27846168991642,-1.68109796023114
"cv",40,1,137.817941506968,-1.79939037841998,-1.64092102057589
"cv",40,2,122.679373390304,-1.79987930076054,-1.61350842558816
"cv",40,3,113.740370006249,-1.98096627724488,-1.59243858863322
"cv",40,4,139.317358390654,-1.7991412621746,-1.65067215829801
