"","","","","par1","par2"
"cv",20,1,93.325161186893,-3.11464080783085,-4.97357879870186
"cv",20,2,91.5332685287376,-2.38674993785917,-4.9856827550464
"cv",20,3,86.6757673572389,-1.51524782686643,-4.98785612721644
"cv",20,4,87.3713751062088,-4.43574622256769,-4.99572883208654
"cv",40,1,170.279767994977,-3.86565086963225,-4.98641998199362
"cv",40,2,174.985804380555,-4.94067371953246,-4.9931973249339
"cv",40,3,171.640251768378,-2.11506780757588,-4.99147818882944
"cv",40,4,167.545950712801,-2.49674304080612,-4.95669080123032
