"","","","","par1","par2"
"cv",20,1,35.4634708639905,0.132357425541839,-3.39797381954356
"cv",20,2,18.1570136785038,0.101190580531444,-3.30610222870968
"cv",20,3,31.3654414803209,0.429234715645352,-3.27149774256436
"cv",20,4,51.7575125931311,0.0412141400042747,-3.13926185696272
"cv",40,1,10.1902700071192,-0.0871100128727396,-3.15444662182145
"cv",40,2,25.5784977589113,0.0500751331437692,-3.26166168562531
"cv",40,3,49.7051650626867,-0.0370467239353272,-3.26482385417395
"cv",40,4,71.9024427195107,-0.122600309474187,-3.23968314601019
