"","","","","par1","par2"
"cv",20,1,85.2083629686621,-0.846289571576802,-4.99469376416271
"cv",20,2,83.9882409604567,-4.61986334140663,-4.99173712419479
"cv",20,3,91.910652788179,-3.26088557365077,-4.98276023296168
"cv",20,4,87.3125187006972,-0.970148202855113,-4.97610551309794
"cv",40,1,161.87641944148,-0.872473235297811,-4.9904429333295
"cv",40,2,168.833861825889,-0.901715376289295,-4.99224916309154
"cv",40,3,175.590559068719,-0.697370662212653,-4.99492998843992
"cv",40,4,161.756629800375,-1.0084989702516,-4.98994336876199
