"","","","","par1","par2","par3"
"cv",20,1,89.0753662925697,-0.953108193214411,-1.10750931559948,-2.93254476759634
"cv",20,2,57.2358044490606,-0.624741500534541,-1.22227722329752,-2.86981511138377
"cv",20,3,42.7782371005646,-0.742584163865295,-1.15072151657955,-2.79002910901519
"cv",20,4,33.4409602960812,-0.782004983162003,-1.3575001353292,-3.07938979548053
"cv",40,1,173.872691697087,-0.747907755179707,-1.67316119179445,-3.39789027552061
"cv",40,2,43.006509140811,-0.891679625102681,-1.27851293404471,-3.0977494104083
"cv",40,3,35.2488610916224,-0.834721781943015,-1.28892733550396,-3.06522902467328
"cv",40,4,35.0606279206081,-0.844173036278709,-1.30129623778895,-3.08140247540628
