"","","","","par1","par2"
"cv",20,1,59.5201736733826,-0.565774550062058,-2.51088315419668
"cv",20,2,45.0936931019073,-0.434849711711272,-2.48561327349346
"cv",20,3,75.4663835683144,-0.478836490134073,-2.62617262554921
"cv",20,4,62.6217358718216,-0.325687734016938,-2.53976509064451
"cv",40,1,160.610189505461,-0.608965721943133,-2.66482957286718
"cv",40,2,106.540680135871,-0.551039621245427,-2.51782655841652
"cv",40,3,101.974531960425,-0.542903486132183,-2.54103896131702
"cv",40,4,108.122590819389,-0.563784547402366,-2.53680835911792
