"","","","","par1","par2"
"cv",20,1,77.4662212329746,-0.641120647402938,-2.47777918932151
"cv",20,2,90.8314649202804,-0.545023479083647,-2.73513774024824
"cv",20,3,81.771094446715,-0.565191125469828,-2.6447883477839
"cv",20,4,81.4555494765582,-0.388797741790344,-2.61347051839928
"cv",40,1,159.412521657664,-0.694396172536111,-2.96867026161243
"cv",40,2,139.501434742631,-0.67211016460604,-2.84721602429194
"cv",40,3,149.472044248935,-0.624800120607724,-3.03057451763024
"cv",40,4,152.176583205257,-0.623331560997829,-2.90906369142906
