"","","","","par1","par2"
"cv",20,1,97.4930329151684,-2.04275107125557,-3.0405548809678
"cv",20,2,98.7683256929765,-2.0428344009544,-3.08096577253081
"cv",20,3,89.4905857271508,-2.04283096285602,-2.95827130705874
"cv",20,4,15.9331291637606,-2.15438591990235,-2.68695766914081
"cv",40,1,211.724860448815,-0.616119060620277,-2.93883611498456
"cv",40,2,191.167383679628,-0.366403287096595,-2.80982486851904
"cv",40,3,222.521456221904,0.0760033900943037,-3.01582633877258
"cv",40,4,128.973788991466,0.598750864455654,-1.84805462039123
