"","","","","par1","par2"
"cv",20,1,87.5336579444898,0.339145065375592,-1.80772612962684
"cv",20,2,80.2980799600876,0.340583205378248,-1.68494881038637
"cv",20,3,86.6746509369463,0.452135987215805,-1.89761768839857
"cv",20,4,93.8842542738248,0.249971201225028,-1.79787177244443
"cv",40,1,140.458625653575,0.296929360050493,-1.88270587755882
"cv",40,2,170.714867597404,0.0476976565067643,-1.78277987780063
"cv",40,3,174.737217315067,0.0258982635864757,-1.77492265016089
"cv",40,4,172.752327036964,-0.00534106276611361,-1.73289809975421
