"","","","","par1","par2"
"cv",20,1,78.2940675143681,2.97995422757876,-2.85080894291983
"cv",20,2,82.6235248355878,3.66697908751476,-2.6592100141582
"cv",20,3,89.3367694645378,3.34732479901462,-2.7434000422595
"cv",20,4,76.5234787293525,0.80751519995241,-2.28134077779066
"cv",40,1,166.252076538325,0.518627258594756,-2.36247534369357
"cv",40,2,161.838690255248,0.553640327149937,-2.30363950403173
"cv",40,3,176.851038334171,0.521594019631764,-2.3222899819997
"cv",40,4,164.172314338987,0.542008680234468,-2.26214981806326
