"","","","","par1","par2","par3"
"cv",20,1,52.9352019298048,-0.595417902528381,-1.87748099245473,-3.13951782264818
"cv",20,2,20.193557234786,-0.502803172365344,-1.64220028584948,-2.99165200625003
"cv",20,3,46.4382613505972,1.18977003524936,-4.99999664917435,-3.00566362173203
"cv",20,4,91.774170948032,0.314972170755505,-4.99999980553398,-3.28652512965747
"cv",40,1,87.6639390202896,-0.622665872748027,-2.52729941725809,-3.56220031907609
"cv",40,2,128.403674913598,-0.417554856457151,-3.40887040776753,-3.79636059417263
"cv",40,3,93.7125773556305,-0.447928899219961,-1.88093239138097,-3.14237901235484
"cv",40,4,15.6146123590143,-0.495693662797872,-2.5989102159207,-3.35222869780288
