"","","","","par1","par2"
"cv",20,1,91.0031088638941,2.83801338100014,-2.81196813441202
"cv",20,2,89.8770912158583,2.99177455916801,-2.76572470142329
"cv",20,3,73.5164769786998,2.87472916761163,-2.60384411078483
"cv",20,4,90.2189800789007,2.9669794241754,-3.18708618589001
"cv",40,1,192.346668761979,3.95260875518788,-2.91330723464991
"cv",40,2,166.765550436294,2.45566361339647,-2.56709945308662
"cv",40,3,178.733055407367,4.99999999996807,-3.04072671349828
"cv",40,4,184.452946219031,4.09954574217367,-2.97184552678817
