"","","","","par1","par2"
"cv",20,1,81.5432021040951,-0.674252705909043,-4.99888827181297
"cv",20,2,84.5711719950884,-1.46067792939691,-4.98896590823783
"cv",20,3,75.3107213439026,-0.797016879528255,-4.97699425362668
"cv",20,4,80.0632937432238,-2.16932335022473,-4.96322164628843
"cv",40,1,158.091116391632,-4.99178053119368,-4.9949485264189
"cv",40,2,175.812095726672,-2.22607678306434,-4.99976092603196
"cv",40,3,176.087382451475,-1.03328633400648,-4.98924626922005
"cv",40,4,164.943972703422,-3.74805374536393,-4.99559497816653
