"","","","","par1","par2"
"cv",20,1,65.0183707547777,-0.123878841735053,-2.42893746557811
"cv",20,2,68.9169633211504,-0.0744080415455171,-2.38075542401288
"cv",20,3,64.1216586385286,-0.124324184916025,-2.42645682418441
"cv",20,4,78.7224694389107,-0.145001045670954,-2.44456666828612
"cv",40,1,149.673661149581,-0.261821341238815,-2.49397389240692
"cv",40,2,131.131267298792,-0.361489700754742,-2.45538759282033
"cv",40,3,126.960019354483,-0.303554732806791,-2.41364960043333
"cv",40,4,148.426978278151,-0.372509080254672,-2.54340528801211
