"","","","","par1","par2"
"cv",20,1,95.9451612560184,1.01351571760013,4.99999999997287
"cv",20,2,95.9222932430846,4.99996635898007,4.99967059779674
"cv",20,3,224.030116133772,3.37195166121093,-1.91536944799684
"cv",20,4,95.9219701426661,0.692475111540945,4.99999999999282
"cv",40,1,191.907907093727,0.716685555081978,4.99999999098002
"cv",40,2,191.964885733172,4.99999999889574,4.99999999976081
"cv",40,3,191.859602785445,-0.715353229449684,4.99999999999601
"cv",40,4,191.881498316518,-0.697849075390233,4.99999999998751
