"","","","","par1","par2"
"cv",20,1,95.7704065836983,0.737966853469569,-0.729976340271391
"cv",20,2,99.3185050204556,2.49024912103934,-0.899543104321064
"cv",20,3,126.950657424304,-0.28951651071952,-3.55415570449801
"cv",20,4,94.9646623211141,0.836192402597763,-0.138574879594944
"cv",40,1,191.066220189603,-0.0689187559281164,-2.10115035060523
"cv",40,2,187.335911170806,-0.314900423452912,-2.10170302286084
"cv",40,3,195.662786026346,-0.409544983952641,-2.57546712619127
"cv",40,4,185.312563117445,-0.407082274386473,-2.02741551227412
