"","","","","par1","par2"
"cv",20,1,91.4105705381832,-0.84446027306183,-4.99999999999667
"cv",20,2,98.7763807969214,-0.728523732418409,-4.99999999999811
"cv",20,3,89.774438245645,-0.808239147429214,-4.99999999999959
"cv",20,4,90.4314649836859,-0.783683408429683,-4.99999999998298
"cv",40,1,164.380635909006,-0.85862489025342,-4.99999999999997
"cv",40,2,191.463908490254,-0.792056076369801,-4.99999999999994
"cv",40,3,184.136569515282,-0.803970244915444,-4.99999999999966
"cv",40,4,177.746740898286,-0.802336422597062,-4.99999999998679
