"","","","","par1","par2"
"cv",20,1,95.919149491414,4.99999999991463,4.99999999780127
"cv",20,2,95.9173054445004,4.99999999840475,4.99999999987604
"cv",20,3,95.9165502513398,4.99999999796824,4.99999999964381
"cv",20,4,95.91738888059,4.99999999899777,4.99999999986445
"cv",40,1,191.833097453382,4.99999999997495,4.99999999564383
"cv",40,2,191.832064011421,4.99999999994022,4.99999999966623
"cv",40,3,191.83257670324,4.99999999990485,4.99999999892238
"cv",40,4,191.832744613282,4.99999999975646,4.99999999873057
