"","","","","par1","par2"
"cv",20,1,96.0067477773636,2.70832526110376,-1.8448354229481
"cv",20,2,95.8531411820402,2.63293015844463,-1.95185417142478
"cv",20,3,95.4373263992597,2.62287910239361,-1.66143295877286
"cv",20,4,93.7650138557337,2.64350456702682,-1.40813778686069
"cv",40,1,191.601395669494,4.99999977021749,-2.57538223674696
"cv",40,2,191.607466326797,4.99999999985704,-2.53007340390602
"cv",40,3,192.026353590108,4.99999999998638,-2.56383047443372
"cv",40,4,191.545313700339,4.99999999993147,-2.19699292803196
