"","","","","par1","par2"
"cv",20,1,83.7062861653303,-0.732850152363514,-4.999999999999
"cv",20,2,84.7755396000703,-0.752260495339944,-4.99999999999975
"cv",20,3,90.8521724583517,-0.71267779191276,-4.99999999999766
"cv",20,4,77.3351480622304,-0.754734660664069,-4.99999999999639
"cv",40,1,195.591561775795,-0.775309375601618,-4.99999999999972
"cv",40,2,192.925942037442,-0.773430300329539,-4.9999999999904
"cv",40,3,166.870330061612,-0.864154035028373,-4.99999999999996
"cv",40,4,160.404543222211,-0.872177935529567,-4.99999999999946
