"","","","","par1","par2"
"cv",20,1,95.9157214853911,4.99989758495005,4.99993112167615
"cv",20,2,95.9251775658267,1.1862581445952,4.99999999959986
"cv",20,3,95.9289943327403,-0.585632852603454,4.99999999999418
"cv",20,4,95.9303125411252,4.99999999894579,4.99999999803468
"cv",40,1,191.833716211992,4.99999999937703,4.99999999937316
"cv",40,2,191.831894960503,4.99999999943409,4.99999999979372
"cv",40,3,191.831043911812,4.99999999151999,4.99999999860521
"cv",40,4,241.729587617569,-0.656721696395246,-1.82368328743685
