"","","","","par1","par2"
"cv",20,1,128.222795632902,-0.710465718382403,-4.99999999999968
"cv",20,2,81.7945279312,-0.904168324791349,-4.99999999999971
"cv",20,3,90.1551343759884,-0.822627253178508,-4.99999999999981
"cv",20,4,81.5143549802474,-0.902592695616823,-4.99999999999992
"cv",40,1,185.111967378345,-0.781395384172689,-2.37186202259717
"cv",40,2,182.671749306571,-0.863066968748969,-4.9999999999512
"cv",40,3,190.141218256855,-0.946398392912472,-4.99999999999867
"cv",40,4,180.176083149531,-0.900388631940281,-4.99999999999668
