"","","","","par1","par2"
"cv",20,1,68.7117849203472,-0.726777577668063,-4.99999999999946
"cv",20,2,85.2545281939566,-0.678581050176154,-4.99999999999986
"cv",20,3,85.2249266508353,-0.686856345787148,-4.99999999999995
"cv",20,4,86.0639388299725,-0.69518549306757,-4.9999999999999
"cv",40,1,183.286924824333,-0.681207299272918,-2.28653616613175
"cv",40,2,182.724555198313,-0.706636788437709,-2.204012758814
"cv",40,3,183.659448147369,-0.758528268460622,-4.99999999994336
"cv",40,4,203.740792601085,-0.708195449494607,-4.99999999999983
