"","","","","par1","par2"
"cv",20,1,98.6093529635688,-0.920643792949929,-4.99999999999803
"cv",20,2,93.7351171201854,-1.06156847425173,-5
"cv",20,3,94.7256300976084,-1.00154560582809,-4.99999999999781
"cv",20,4,94.0730124257147,-3.93635083938152,-4.99760391083539
"cv",40,1,182.261256060129,-0.941261480204907,-4.99999999998496
"cv",40,2,191.446315530353,-0.92160581999341,-4.99999999999997
"cv",40,3,186.450669441446,-0.905732921811742,-4.99999999999974
"cv",40,4,183.774710677848,-0.967013909179424,-2.59964549301557
