"","","","","par1","par2"
"cv",20,1,94.8167127057189,-0.358459185566676,-2.98307301039931
"cv",20,2,92.5869929352285,-0.602059708846894,-3.16135537959435
"cv",20,3,92.6495020361672,-0.783133457617428,-3.7798383163843
"cv",20,4,97.7596278518362,-0.716972977899352,-4.36576950392954
"cv",40,1,185.768896167961,-0.390145568515322,-2.83449224583961
"cv",40,2,182.940984859107,-0.251401977753359,-2.55292356065468
"cv",40,3,185.448329123155,-0.353821767362914,-2.81404142126217
"cv",40,4,182.350781848602,-0.253891833271345,-2.49347423294077
