"","","","","par1","par2"
"cv",20,1,94.0852417321372,-0.88877730769982,-1.82688840764836
"cv",20,2,94.1270661644397,-0.766431941140599,-2.06770875597928
"cv",20,3,103.664082330585,-0.800130777658638,-4.99999999999997
"cv",20,4,93.1203236540136,-0.809278604667177,-4.99999999999983
"cv",40,1,187.531057262262,-0.974672497279571,-4.99999999999987
"cv",40,2,182.597611439389,-1.0882220092321,-4.99999999999519
"cv",40,3,190.288767728653,-0.946137707576982,-4.99999999997928
"cv",40,4,184.139263695585,-3.46523361885569,-4.98314062737386
