"","","","","par1","par2"
"cv",20,1,74.9840277319996,-0.778656829080564,-4.9999999999999
"cv",20,2,108.976600900238,-0.685078792099385,-4.9999999999998
"cv",20,3,82.3881846007708,-0.747589433980927,-4.99999999999969
"cv",20,4,74.6115335337257,-0.777689827648992,-4.99999999999989
"cv",40,1,170.543785855141,-0.731997563180717,-4.99999999999824
"cv",40,2,167.020703228641,-0.72896875146523,-4.99999999999995
"cv",40,3,168.423445148908,-0.716420794714403,-4.99999999999978
"cv",40,4,143.077830591956,-0.764674440384275,-4.99999999999991
