"","","","","par1","par2"
"cv",20,1,89.1804647332777,-0.808163883508571,-4.99999999824435
"cv",20,2,92.6712645014306,-0.746931118043361,-4.99999999999956
"cv",20,3,86.2950444175967,-0.813984388996004,-4.99999999999991
"cv",20,4,93.2060648335922,-0.758203207328652,-4.99999999999961
"cv",40,1,208.959954908137,-0.711799614782445,-4.99818147772964
"cv",40,2,164.559864824205,-0.848808909580434,-4.99999999997474
"cv",40,3,173.142208870344,-0.839324159965993,-4.99999999988238
"cv",40,4,169.544507513452,-0.73547525351655,-4.55024632032892
