"","","","","par1","par2"
"cv",20,1,92.718792828866,-0.767397650131942,-4.99999999999816
"cv",20,2,85.1195551074381,-0.760364296251559,-4.99999999999982
"cv",20,3,80.5708268374495,-0.791333436828856,-4.99999999999882
"cv",20,4,89.6138441147033,-0.749348907202647,-4.99999999999982
"cv",40,1,170.064225792941,-0.851943650365229,-4.99999999994501
"cv",40,2,176.359864100656,-0.804346217359182,-4.99999999998941
"cv",40,3,173.803619611961,-0.824584635082267,-4.9999999999946
"cv",40,4,197.932743123418,-0.792739986550078,-4.99999999995961
