"","","","","par1","par2"
"cv",20,1,92.435069852087,-0.704351629410099,-4.99999999999116
"cv",20,2,90.4651065931868,-0.68735787252273,-4.99999999999265
"cv",20,3,91.97299200404,-0.739253593193439,-4.99999999999986
"cv",20,4,83.8592198270639,-0.660446108539193,-4.84683394257764
"cv",40,1,192.537551697478,-0.937908583945071,-1.58611926624445
"cv",40,2,192.742089946269,-0.738777925525111,-1.64621567019392
"cv",40,3,189.455954225609,-0.764832321566049,-1.31221435126218
"cv",40,4,187.599187897668,-0.696488672537322,-1.05376333643307
