"","","","","par1","par2"
"cv",20,1,94.4500417662022,3.29529653495272,-2.70620282308753
"cv",20,2,94.4522387296023,3.12274462925928,-2.60372085544803
"cv",20,3,128.145345562111,2.7229585790446,-2.62681730226325
"cv",20,4,94.1720805815499,3.12918247716511,-2.49151584211907
"cv",40,1,191.86286667221,0.960129582838804,4.99999987269803
"cv",40,2,191.830767947293,2.52073162291671,4.99999999996132
"cv",40,3,191.829477784273,2.53006165523283,4.99999999997112
"cv",40,4,202.92682279537,2.40134469936688,-1.15384603196336
