"","","","","par1","par2"
"cv",20,1,95.9326843764015,2.67671960981654,4.99999999999839
"cv",20,2,95.924053025758,2.76139939046261,4.99999996627107
"cv",20,3,95.9325295184813,-0.972188521598375,4.99999999999194
"cv",20,4,95.933920488733,-0.868393213407687,4.99999999999269
"cv",40,1,191.836306155948,4.99999999992927,4.99999999942967
"cv",40,2,191.835232257799,4.99999999958775,4.99999999963058
"cv",40,3,191.831828803045,4.99999999980643,4.9999999999479
"cv",40,4,191.833788721633,4.99999997175262,4.99999996872609
