"","","","","par1","par2"
"cv",20,1,122.752752522677,0.717777948840503,-1.7246565840212
"cv",20,2,95.7501901439108,0.916846925633942,1.39290145087583
"cv",20,3,95.9157062827955,4.99999999556919,4.99999999848908
"cv",20,4,95.7675118533092,1.01722053880926,2.05423573971587
"cv",40,1,191.831474889677,4.99999999901153,4.99999999735914
"cv",40,2,191.831176616846,4.9999911568897,4.99997379970764
"cv",40,3,222.034626049277,4.99999999982661,-1.69895278727036
"cv",40,4,191.831956052176,4.99999999809257,4.9999999988194
