"","","","","par1","par2"
"cv",20,1,99.0680188717925,-0.76213821620606,-4.99999999999934
"cv",20,2,85.9034494451074,-0.852109103784294,-4.99999999999944
"cv",20,3,86.4430977252532,-0.832706412606686,-4.9999999999986
"cv",20,4,90.6800522924768,-0.793619497858493,-4.99999999999807
"cv",40,1,168.156383713605,-0.907551919482926,-4.99999999999744
"cv",40,2,191.04395102989,-0.802597036772169,-4.99999999999955
"cv",40,3,174.908018075966,-0.855587348173942,-4.99999999999968
"cv",40,4,180.33130225404,-0.82761688300609,-4.99999999999962
