"","","","","par1","par2"
"cv",20,1,89.0966052855758,-0.757183086851885,-4.99999999999344
"cv",20,2,89.538470253355,-0.718789393854354,-4.99999999999975
"cv",20,3,84.6139068922262,-0.7994367849661,-4.99999999999984
"cv",20,4,101.717989414326,-0.562138904856064,-4.76084830277749
"cv",40,1,188.593312369371,-0.694041264581623,-2.30113743079976
"cv",40,2,191.029171640139,-0.939964015976238,-2.46712147650172
"cv",40,3,185.353563754767,-1.01375976139848,-2.04668459325641
"cv",40,4,189.418732560396,-3.90832569160218,-2.30047952166544
