"","","","","par1","par2"
"cv",20,1,59.6084955187684,-0.614474238912155,-4.99999999999998
"cv",20,2,80.280357487314,-0.563210431530881,-4.99999999999991
"cv",20,3,83.3599843221674,-0.602109015272491,-4.99999999999994
"cv",20,4,64.680287610738,-0.601426026924101,-4.99999999999791
"cv",40,1,151.84615100325,-0.593137527766376,-4.9999999999996
"cv",40,2,153.813472742783,-0.602523263560193,-4.99999999999986
"cv",40,3,149.852125343921,-0.600481068848221,-4.99999999999992
"cv",40,4,151.971718063925,-0.603566478957159,-4.99999999999866
