"","","","","par1","par2"
"cv",20,1,95.9322406149869,2.56681098295341,4.99999999997281
"cv",20,2,95.9180398040748,4.9999999997433,4.99999999998387
"cv",20,3,95.9244638919626,4.99999999981337,4.99999999861691
"cv",20,4,95.9223684843099,4.99999999815323,4.99999999970333
"cv",40,1,191.832588598895,4.99999999986536,4.99999999813843
"cv",40,2,191.853167521122,4.99999999981746,4.99999999982995
"cv",40,3,191.832583898784,4.99999999477051,4.99999999912216
"cv",40,4,191.856259665094,2.76633080574831,4.999999999965
