"","","","","par1","par2"
"cv",20,1,95.5082005129294,1.28085984673862,0.807245538360935
"cv",20,2,95.4057349253702,1.25813554753907,1.21199860868134
"cv",20,3,96.4735947086158,1.25140387931685,0.421040571312819
"cv",20,4,96.0308935463809,1.35302084678225,0.645821656140708
"cv",40,1,191.645102106189,-0.683264374838009,0.408533600547631
"cv",40,2,191.620840151191,-0.52739155140223,0.82509958730425
"cv",40,3,193.084440127099,-0.595098599768974,-0.58632235101791
"cv",40,4,191.62538655967,-0.543311102331302,0.459997223830896
