"","","","","par1","par2"
"cv",20,1,97.4358625150987,-0.845355109852322,-4.99999999999924
"cv",20,2,96.8960634438542,-0.84305871159436,-4.99999999999579
"cv",20,3,93.1461729397184,-0.920458569709299,-4.99999999999859
"cv",20,4,93.6075561295273,-1.2310916212761,-4.9999999999829
"cv",40,1,190.305271097846,-0.765404476426251,-2.3331010175332
"cv",40,2,185.758447834674,-0.938066703149861,-1.86328755457102
"cv",40,3,208.760991573236,-0.905169963093007,-4.9999999999999
"cv",40,4,187.818556630485,-0.577238307775713,-2.11919447732033
