"","","","","par1","par2"
"cv",20,1,95.9193431695889,2.70792049915482,4.99999999997078
"cv",20,2,95.9160252873975,4.99999999088981,4.99999999179267
"cv",20,3,95.9158953955168,4.99999999974654,4.99999999938011
"cv",20,4,95.9188317487272,2.5563371185684,4.99999999957928
"cv",40,1,191.046568759215,3.53534211200059,-1.09265853063453
"cv",40,2,191.612497867399,3.53107372433126,-1.22168528366534
"cv",40,3,192.029922268976,3.4994958317738,-1.48956417486551
"cv",40,4,196.299069339428,3.95648269921121,-1.54582574580265
