"","","","","par1","par2"
"cv",20,1,90.8600351031356,0.227481964779547,-1.7517317431008
"cv",20,2,91.1558909885977,0.173578279992174,-2.00452144088229
"cv",20,3,91.2480130081491,0.205090432579211,-1.82115687247048
"cv",20,4,90.4017471801324,0.20017244481467,-1.9130762574005
"cv",40,1,179.310198856179,0.151325501647693,-1.7155484435967
"cv",40,2,186.794968968438,0.0857428093463885,-1.98283933700636
"cv",40,3,183.199908573304,0.0687941944588552,-1.82629276501292
"cv",40,4,181.785106433101,0.0823914340925683,-1.77591720378233
