"","","","","par1","par2"
"cv",20,1,89.1975356883678,0.134032277964613,-1.96847046749163
"cv",20,2,94.4460067364368,0.142702592810754,-2.00641988253287
"cv",20,3,84.8582867789096,0.112830316728934,-1.93263818923714
"cv",20,4,89.6350430268349,0.161706623000381,-2.1770080968356
"cv",40,1,187.366523219262,0.0658850530021256,-1.44931728530943
"cv",40,2,185.019007404203,0.0684409967719787,-1.50697508643666
"cv",40,3,186.94973629556,0.0396557800915523,-1.53159615149273
"cv",40,4,186.172309537933,0.0701161990940494,-1.35343846290253
