"","","","","par1","par2"
"cv",20,1,95.9160996527001,4.99999999919446,4.99999999759667
"cv",20,2,95.9156061639002,4.99999999757057,4.99999999684017
"cv",20,3,95.916347047959,4.99999999576389,4.99999999341283
"cv",20,4,148.984843422124,-2.16652971875829,-4.61516733457904
"cv",40,1,187.028589996349,-1.66007324571965,-0.0759883619649001
"cv",40,2,188.111296561409,-1.65994968707702,-0.221979131521234
"cv",40,3,195.867114977785,-3.57379163504729,-0.761344385748851
"cv",40,4,189.092602460406,-1.66053592831602,-0.336404017794298
