"","","","","par1","par2"
"cv",20,1,92.9833794601784,0.335945021258695,-1.86726001815561
"cv",20,2,104.454158061348,0.417875942819466,-2.16386036062183
"cv",20,3,88.6813887919617,0.281689842886591,-1.8503139101741
"cv",20,4,89.574553717269,0.323149160257756,-1.84406392029373
"cv",40,1,201.632372188313,3.8445266123764,-1.82655519846187
"cv",40,2,183.097338834472,0.285801295238951,-1.27651524042712
"cv",40,3,193.12021740337,0.292919825546023,-1.44121567872109
"cv",40,4,215.766321263019,2.07467236842282,-1.32620378636104
