"","","","","par1","par2"
"cv",20,1,95.9164314700596,4.99999997753448,4.99999999942738
"cv",20,2,95.91737076897,4.20725257927006,4.99999999522505
"cv",20,3,95.9157786557441,4.99999999221873,4.9999999977837
"cv",20,4,95.9157734817691,4.99999999947726,4.99999999871126
"cv",40,1,191.831772135681,4.9999999836374,4.99999999868896
"cv",40,2,191.832063665761,4.99999996882976,4.99999999771915
"cv",40,3,191.832632145633,4.99999998672434,4.9999999982137
"cv",40,4,191.832570200732,4.99999996572565,4.99999999520786
