"","","","","par1","par2"
"cv",20,1,95.9162027020574,4.99999999979942,4.9999999995877
"cv",20,2,95.9158213530569,4.99999999869729,4.99999999504162
"cv",20,3,95.9161028560235,4.99999999675635,4.99999999695741
"cv",20,4,95.9160642028306,4.9999999855605,4.99999999567876
"cv",40,1,191.720819021086,-1.65810774383306,2.08294987263467
"cv",40,2,191.736797359355,-1.67747610996903,3.15177191961584
"cv",40,3,192.90024899079,-1.65777828545887,0.97460396025256
"cv",40,4,191.705501454298,-1.65790704027688,2.23851267217685
