"","","","","par1","par2"
"cv",20,1,95.9170750710183,4.99999999164745,4.99999999819622
"cv",20,2,95.9166003559869,4.99999999852685,4.99999999958614
"cv",20,3,95.916194866012,4.99999999105892,4.99999999870237
"cv",20,4,95.917159861941,4.99999999569674,4.99999999896805
"cv",40,1,191.832895801684,4.99999997462391,4.99999999180257
"cv",40,2,191.832387270932,4.99999999595766,4.99999997742421
"cv",40,3,191.832163081151,4.99999999652476,4.99999999831264
"cv",40,4,191.832246714184,4.99999999610553,4.99999999832333
