"","","","","par1","par2"
"cv",20,1,87.4949752182665,0.0543507093402985,-2.06411540939873
"cv",20,2,82.8519380551113,0.0727592947519677,-1.95024927185463
"cv",20,3,86.8475848804665,0.110629485231254,-2.05988605081887
"cv",20,4,76.4573896768038,0.156984155587658,-1.86277434610036
"cv",40,1,186.217298241299,0.0969586031096728,-1.89514980665675
"cv",40,2,183.081155337422,0.117853183575821,-1.77201416312771
"cv",40,3,195.679250588155,0.252657922171203,-1.80283773494773
"cv",40,4,176.674302506227,0.132377985684489,-1.66383192657337
