"","","","","par1","par2"
"cv",20,1,85.0190214157835,0.246213308389778,-2.02610619789439
"cv",20,2,89.2520639625929,0.198125015597917,-2.00273262543633
"cv",20,3,83.9115483525785,0.20320418976401,-1.94313819636454
"cv",20,4,85.6997650019926,0.150759498768204,-2.1964123752469
"cv",40,1,162.533457122975,0.150414532862615,-1.76404241451938
"cv",40,2,182.886657434228,0.172781898529592,-1.78792826936501
"cv",40,3,188.288080363663,0.216418718302586,-1.77235420310353
"cv",40,4,183.611484363104,0.238710424028637,-1.65299798840196
