"","","","","par1","par2"
"cv",20,1,100.970817373844,-4.22318555287698,-4.11495537761525
"cv",20,2,94.4207930036633,-2.50818581017497,-0.555082254667042
"cv",20,3,94.4207929618358,-2.28174381896722,-0.555082325505408
"cv",20,4,94.4207929489394,-2.82055253876474,-0.55508234734661
"cv",40,1,184.139263695584,-3.59890225291032,-4.60549528303246
"cv",40,2,184.139263695584,-3.70648654703284,-4.71002634922001
"cv",40,3,184.139263695584,-4.90800649554728,-4.1830438626912
"cv",40,4,184.139263695584,-2.00082086318939,-4.61075088382665
