"","","","","par1","par2"
"cv",20,1,103.72007848339,0.34263709594909,-2.00729436568499
"cv",20,2,102.777887488664,4.99999999994091,-2.14393072124167
"cv",20,3,90.3460089632492,0.620411408328449,-1.13705149961254
"cv",20,4,95.7847273905924,0.35286792697698,-1.70957348677816
"cv",40,1,185.033227770559,0.527517404480539,-1.19783192550181
"cv",40,2,194.44574794827,0.216846260253295,-1.76483485078842
"cv",40,3,190.329835555618,0.312683538754997,-1.48224449554961
"cv",40,4,196.734996242442,2.89873995011604,-1.68391985621395
