"","","","","par1","par2"
"cv",20,1,94.7599984204608,-1.80178981842948,-0.039317704586238
"cv",20,2,96.1813310592472,-1.80301119916915,-0.572184700590186
"cv",20,3,96.1632194170578,-1.80024473821557,-0.569984423423288
"cv",20,4,94.7599984292779,-1.8038369205375,-0.0393176917823497
"cv",40,1,189.372695415934,-1.65968180001514,-0.166049284628545
"cv",40,2,189.286834734112,-1.77470345883525,-0.159954276857657
"cv",40,3,195.552094445377,-1.76875293608909,-0.602504427833455
"cv",40,4,187.628664308869,-1.6590424612376,0.131467308079153
