"","","","","par1","par2"
"cv",20,1,95.9162949923219,4.99999999984307,4.99999999983338
"cv",20,2,95.9165681843046,4.99999999868152,4.99999999601196
"cv",20,3,95.9191924562602,4.99999999919261,4.99999999570635
"cv",20,4,95.9167807688464,4.99999999949758,4.9999999994201
"cv",40,1,191.834006791162,4.9999999993256,4.99999999141089
"cv",40,2,191.836454902219,4.99999999974795,4.99999998822435
"cv",40,3,191.834872757648,4.99999999960994,4.9999999958675
"cv",40,4,191.835833726995,4.99999999475725,4.9999999990882
