"","","","","par1","par2"
"cv",20,1,94.0730124257147,-4.49850908669895,-4.53364097787214
"cv",20,2,94.0730124257147,-2.83994747660723,-4.87597326628248
"cv",20,3,94.0730124257147,-4.50142972907213,-4.39908972050992
"cv",20,4,94.0730124257147,-2.59919159802961,-3.58107646517902
"cv",40,1,187.60315853238,-1.79652323048611,-0.951212499972076
"cv",40,2,185.175558291013,-1.80099785527416,-0.766484329430002
"cv",40,3,185.17555808484,-1.80040607833287,-0.766484424912137
"cv",40,4,191.068367566714,-1.80447442648766,-1.19271717653005
