"","","","","par1","par2"
"cv",20,1,95.9158285555516,4.99999999966841,4.99999999980097
"cv",20,2,95.9168694934284,4.99999999070411,4.99999999762388
"cv",20,3,95.9164804070835,4.99999999897413,4.99999999793601
"cv",20,4,95.9162463905799,4.99999999638296,4.99999999394648
"cv",40,1,191.832100359166,4.99999999838123,4.99999999923828
"cv",40,2,191.835098149406,4.99999998764708,4.99999999592974
"cv",40,3,191.832655364432,4.99999999835936,4.99999999257224
"cv",40,4,191.832660865563,4.99999999508616,4.99999999801968
