"","","","","par1","par2"
"cv",20,1,94.2734865416197,2.70619560334128,-1.28684645251918
"cv",20,2,94.8498854289294,2.62262388955681,-1.67185805621905
"cv",20,3,99.9920836517408,2.47948833649511,-2.16412126737476
"cv",20,4,95.0433441345476,2.74073277313024,-1.84013357385079
"cv",40,1,191.831719084261,4.99999997595741,4.99999998582977
"cv",40,2,191.831757304823,4.99999999732872,4.99999999760053
"cv",40,3,191.831552833773,4.99999999377001,4.99999998946903
"cv",40,4,196.661464795743,2.85562279811805,-0.595511183112611
