"","","","","par1","par2"
"cv",20,1,90.938803764748,0.17223801922155,-2.0476509211112
"cv",20,2,82.8786340010709,0.141211265371838,-2.06173576603231
"cv",20,3,111.937874850466,0.4477916729778,-1.96237740600141
"cv",20,4,93.0643815210158,0.186719677952289,-2.02083145139306
"cv",40,1,180.621057373066,0.173021298777123,-1.5524415766469
"cv",40,2,181.661232491985,0.165793298764439,-1.64074341196693
"cv",40,3,181.018946533186,0.173074842809157,-1.77728893720673
"cv",40,4,193.419672457365,4.99999999999278,-2.30357811943488
