"","","","","par1","par2"
"cv",20,1,83.6678573471721,0.140034410481655,-1.99726692665369
"cv",20,2,88.2548833989651,0.104004520466558,-2.24227116065669
"cv",20,3,80.537572923363,0.138439789538525,-1.99873154100544
"cv",20,4,86.3234512635715,0.139486279452564,-1.95772916194935
"cv",40,1,180.87823727195,0.188472440217554,-1.77580761847706
"cv",40,2,170.913354307086,0.173527850576858,-1.78664520792616
"cv",40,3,185.08666224116,0.201592326532389,-1.75369416744132
"cv",40,4,184.951338166638,0.286747018358847,-1.73970025762177
