"","","","","par1","par2"
"cv",20,1,84.9535024246829,-0.0107588802519237,-1.9304462071162
"cv",20,2,91.3215880555956,0.0103294343763218,-1.91945306130866
"cv",20,3,112.091127791081,0.198358784285732,-2.07956823319806
"cv",20,4,96.8027226926172,0.00401006719054359,-2.00276428528796
"cv",40,1,176.281236156269,0.0911130340641488,-1.79668109269596
"cv",40,2,182.376737619702,0.078818427034084,-1.79272537177717
"cv",40,3,193.454901338052,0.122105240749274,-1.88675412377886
"cv",40,4,176.81336918083,0.165345482914985,-1.67166532494619
