"","","","","par1","par2"
"cv",20,1,92.8846017046965,0.231846925847223,-2.57522685779987
"cv",20,2,89.8905658393066,0.149574941110671,-2.31716004867506
"cv",20,3,87.7449877366809,0.149521793567512,-2.33939780807255
"cv",20,4,77.3792001439797,0.137681088361707,-2.26672344271722
"cv",40,1,190.159842072926,0.0758097196380032,-1.68909707081653
"cv",40,2,182.392764264418,0.103565459923661,-1.48819219668073
"cv",40,3,179.241394149052,0.14559278151455,-1.53716105332613
"cv",40,4,185.511187337517,0.0912538195594237,-1.60028215272048
