"","","","","par1","par2"
"cv",20,1,95.1454279549313,-1.8055528140273,0.552886973079169
"cv",20,2,95.8202762181056,-1.809677063712,-0.0229785487886954
"cv",20,3,95.1454281399283,-1.79942098332976,0.552887288150764
"cv",20,4,97.9858937090923,-1.79127025085298,-0.565745543644543
"cv",40,1,191.257740005882,-2.73914483484584,-4.62150213147363
"cv",40,2,184.480514058053,-1.79743302436486,-1.19128975264054
"cv",40,3,184.480514023645,-1.80922811901526,-1.19128978390024
"cv",40,4,184.480513838215,-1.79682189435214,-1.19128995236651
