"","","","","par1","par2"
"cv",20,1,95.9158732095246,4.99999999982545,4.99999999677518
"cv",20,2,95.9159384487273,4.999999999664,4.99999999737456
"cv",20,3,95.916574040921,4.99999999836059,4.99999999638675
"cv",20,4,162.618866104043,-3.63828043690938,-3.669597857564
"cv",40,1,191.831622087132,4.99999999668675,4.99999999736543
"cv",40,2,191.832071282326,4.99999998897435,4.99999999918465
"cv",40,3,191.832195300671,4.99999997707104,4.99999999952122
"cv",40,4,234.589760762943,-1.79552429427085,-0.463173729724451
