"","","","","par1","par2"
"cv",20,1,185.282661051858,0.137438457671015,-3.71500979912787
"cv",20,2,84.2542258759623,-0.158862181373914,-2.59742994536158
"cv",20,3,18.0059436753105,-0.138562514559624,-2.44571768906483
"cv",20,4,66.0380438604795,-0.151078147826695,-2.46947141952773
"cv",40,1,439.123386603614,-0.0673028238554507,-3.71270761572324
"cv",40,2,86.8207417222045,0.157308028070133,-2.52058549368377
"cv",40,3,111.517893854649,0.17080093013147,-2.59400677066631
"cv",40,4,105.541960917989,0.184198578513207,-2.55465363991251
