"","","","","par1","par2"
"cv",20,1,103.86982635738,0.0413223268871054,-2.73348065518342
"cv",20,2,109.77270222192,-0.0903430765655704,-2.86321752203342
"cv",20,3,57.8647630718584,0.00789083619347019,-2.51319329237152
"cv",20,4,43.8055873511228,0.0377161631393488,-2.37324623384167
"cv",40,1,204.221780514986,-0.078547141467294,-2.68308669005164
"cv",40,2,176.137076019518,0.0789046867656119,-2.56288006942729
"cv",40,3,189.469413061361,0.0674839428865943,-2.44655450979838
"cv",40,4,104.652914701366,0.179986464132266,-2.02076593544479
