"","","","","par1","par2"
"cv",20,1,94.0730124257147,-3.84475604088293,-3.80289939140131
"cv",20,2,94.0730124257147,-2.22426687777649,-4.4650443039043
"cv",20,3,94.0730124257147,-2.65070075003814,-3.652296049616
"cv",20,4,94.0730124257147,-3.55315561823991,-4.71990796354588
"cv",40,1,184.139263695584,-2.25417197345578,-4.79372909221834
"cv",40,2,184.139263695584,-2.18601979107698,-4.86022985160347
"cv",40,3,184.139263695584,-2.14528530687265,-4.29968471546174
"cv",40,4,184.139263695584,-3.789325317978,-4.30745955125686
