"","","","","par1","par2"
"cv",20,1,95.916517502068,4.99999999910723,4.99999999941841
"cv",20,2,95.9157094747156,4.99999999985687,4.99999999868043
"cv",20,3,95.9157469048561,4.99999999997713,4.9999999980444
"cv",20,4,95.9205897385539,4.09038017927979,4.99999999984726
"cv",40,1,191.832171213698,4.99999995092073,4.99999998479956
"cv",40,2,191.831813150308,4.99999995143789,4.99999999761497
"cv",40,3,191.833435860143,4.45776500725989,4.99999999831517
"cv",40,4,191.831976795096,4.99999995481191,4.99999998582116
