"","","","","par1","par2"
"cv",20,1,90.0351645587951,-0.111420404401315,-3.00306758648576
"cv",20,2,68.1113976916079,-0.156389381625222,-3.32372459288806
"cv",20,3,23.1166234192144,-0.0687400023920235,-2.91458385662358
"cv",20,4,81.541534445945,-0.108524264644793,-2.8351543660861
"cv",40,1,63.1555806437881,-0.147863120940541,-3.14497909290877
"cv",40,2,8.79831632769343,-0.146078881173919,-3.09734540357362
"cv",40,3,88.185033267497,-0.152940809061681,-3.47049100370978
"cv",40,4,99.2280261640331,0.0183875957293371,-3.3592005680078
