"","","","","par1","par2"
"cv",20,1,46.2085648696699,0.0330397190081663,-3.16564646883365
"cv",20,2,19.6003979247759,0.101222755156331,-3.02092540422727
"cv",20,3,57.1027616956212,0.337438320518955,-3.19022114214294
"cv",20,4,20.0816428580759,0.0588850523830126,-3.0917485419066
"cv",40,1,154.449671550974,-0.0622852411525799,-2.55589982019746
"cv",40,2,125.194242005041,0.073692221375613,-2.43563445633826
"cv",40,3,150.929265398102,-0.0568090980326332,-2.71874198152312
"cv",40,4,181.177394081043,0.12559270410894,-2.54827107378584
