"","","","","par1","par2"
"cv",20,1,79.9073294289515,0.169901491169273,-1.9302932906924
"cv",20,2,87.5600361107591,0.148480470378799,-2.06012451155436
"cv",20,3,88.1251128813971,0.161914546585359,-2.08805423328128
"cv",20,4,95.3633875417416,0.168120273587929,-2.05220347588907
"cv",40,1,186.875163048241,0.356460769221181,-2.00557112933887
"cv",40,2,183.760413116901,0.376677517946239,-1.88168462770924
"cv",40,3,171.583663889971,0.431947124499766,-1.92708193473641
"cv",40,4,173.562341233435,0.353014641333906,-1.82747454825088
