"","","","","par1","par2"
"cv",20,1,117.660279503528,3.89897485569297,-3.27285166081458
"cv",20,2,95.9156208263816,4.99999999821995,4.99999999863043
"cv",20,3,95.9157091737001,4.99999999567286,4.99999999580233
"cv",20,4,95.9154199102962,4.99999999994418,4.99999999993824
"cv",40,1,191.83148485513,4.99999998974541,4.99999999778692
"cv",40,2,191.832812657339,4.99999999757563,4.99999999190984
"cv",40,3,191.83363441903,4.99999999141035,4.99999999918214
"cv",40,4,191.832660902381,4.99999999327986,4.99999998797911
