"","","","","par1","par2"
"cv",20,1,100.970817373844,-2.90859361646285,-3.96684774628888
"cv",20,2,94.4114000331785,-3.04569965729332,-0.571077675684712
"cv",20,3,94.4114000232446,-3.70569940448903,-0.571077692695935
"cv",20,4,94.4114001113569,-2.17351706772298,-0.571077541808864
"cv",40,1,188.529056088651,-1.69742523542122,0.111643788373181
"cv",40,2,188.554950776167,-1.69772493595021,0.107974533835586
"cv",40,3,190.643692585657,-1.69430093136257,-0.180709183530554
"cv",40,4,194.352607530944,-1.78969664600361,-0.456113822369941
