"","","","","par1","par2"
"cv",20,1,90.3546031107419,0.492931435956918,-1.61323336119427
"cv",20,2,91.9028721048192,0.463275452624759,-1.79111543399056
"cv",20,3,108.265142515206,2.17322425013442,-1.48635059607938
"cv",20,4,102.92829657525,0.435095311887239,-2.00451707631369
"cv",40,1,183.153327948948,4.99999999998193,-2.10853838917659
"cv",40,2,187.105953843611,4.88606415482216,-2.27622610218603
"cv",40,3,186.049078706578,0.393245393031444,-1.17155680096849
"cv",40,4,192.285883771493,4.99999999997995,-2.24341518255428
