"","","","","par1","par2"
"cv",20,1,95.4849132667851,-1.36761593861229,-4.54934782411986
"cv",20,2,95.9936697904314,-3.65821435130509,-4.44670505976794
"cv",20,3,96.9620977316211,-1.36926534426382,-4.36561708350282
"cv",20,4,96.7941640298344,-4.07538100184416,-4.91672873582152
"cv",40,1,193.587969214731,-3.89643794498895,-4.86810072061821
"cv",40,2,190.634652367531,-2.57859384478389,-4.78397079192926
"cv",40,3,190.35575358791,-3.78350442514166,-4.85568924832353
"cv",40,4,184.604843930055,-2.41444131150384,-4.77380509513237
