"","","","","par1","par2"
"cv",20,1,93.2533556906522,-0.514385459791691,-2.37703608986918
"cv",20,2,100.110115368441,0.912982719751565,-0.996438202414647
"cv",20,3,92.851589217387,-0.511476108092951,-2.40740413077419
"cv",20,4,94.9528046926843,-0.420716560785308,-2.62331188650621
"cv",40,1,183.696711166521,-0.244411400521004,-2.5342299147702
"cv",40,2,177.717436551188,-0.280655125058134,-2.40367501594842
"cv",40,3,183.661329990049,-0.223236176546609,-2.48670131834648
"cv",40,4,177.872055151271,-0.296591693168674,-2.39018461851656
