"","","","","par1","par2"
"cv",20,1,93.3417915037609,1.39957641666886,0.223984797026261
"cv",20,2,94.3104288987446,1.42519467031989,-0.267632577192778
"cv",20,3,96.1918829682561,1.45538529571704,-0.598757973586044
"cv",20,4,100.89555887288,1.48716252634328,-0.832618862760106
"cv",40,1,191.83254284035,2.85359930899005,4.99999997933085
"cv",40,2,191.834386111558,3.06976982569509,4.99999999705739
"cv",40,3,191.830180422717,2.80314155945206,4.99999999899091
"cv",40,4,198.382091153539,2.30372693218634,0.333634382172977
