"","","","","par1","par2"
"cv",20,1,97.8718773469107,0.38100751531165,-1.26238004457866
"cv",20,2,93.5490953062569,0.40949609154326,-0.94546634032157
"cv",20,3,93.3510896164462,0.598003173400546,-0.952388446137762
"cv",20,4,93.6081443702413,0.423438167173125,-0.91269663282013
"cv",40,1,189.437073775945,-0.910703653533518,-0.887879894787027
"cv",40,2,188.576441823572,-0.680844305488744,-0.674961525273805
"cv",40,3,189.377032881277,-0.628463820261847,-0.896913461897063
"cv",40,4,201.709423962636,-0.752328755557297,-1.77131810280308
