"","","","","par1","par2"
"cv",20,1,92.1510019944288,-0.422008452317049,-2.39230179472344
"cv",20,2,92.2545127989951,-0.418532144891246,-2.5823624161256
"cv",20,3,95.5104482393408,-0.364234876601717,-2.56145402756274
"cv",20,4,92.8852588325066,-0.382838730035381,-2.48701451252787
"cv",40,1,181.070409111391,-0.462256249289964,-2.39191523572588
"cv",40,2,183.478937618207,-0.453111682004499,-2.43614540934007
"cv",40,3,182.438914073576,-0.450379844927542,-2.45314148491082
"cv",40,4,184.442729659241,-0.445583715166609,-2.50022685687186
