"","","","","par1","par2"
"cv",20,1,92.8335740990057,-0.943168188585829,-4.60440513869556
"cv",20,2,98.1272615964356,-0.720507285084288,-4.88208338781622
"cv",20,3,95.180183396971,-2.20453862570702,-4.39997657736992
"cv",20,4,97.5810302445474,-1.04268372848761,-4.40900078362227
"cv",40,1,185.776687018215,-1.54114586673335,-4.76830558031703
"cv",40,2,190.185525354782,-3.81201291685023,-4.75082133353194
"cv",40,3,189.413773880845,-1.05269729844949,-4.82085848926103
"cv",40,4,187.207046740723,-0.937103088742088,-4.63107397215782
