"","","","","par1","par2"
"cv",20,1,98.6987504331313,-2.55322239979159,-4.84466629544216
"cv",20,2,95.7791508043983,-2.45862496103121,-4.91732098306785
"cv",20,3,95.5638700145943,-3.29521135703939,-4.73470579335718
"cv",20,4,97.5449259747146,-1.91593826173053,-4.80551979718137
"cv",40,1,188.895434665105,-3.40410791986678,-4.78346757423006
"cv",40,2,190.182043502427,-4.89334245783685,-4.92949237169817
"cv",40,3,188.272510272084,-1.05307413216205,-4.84205446615635
"cv",40,4,188.123803783324,-1.50843710589636,-4.72509116082972
