"","","","","par1","par2"
"cv",20,1,95.9259112014693,-0.852294021306523,-4.75043918324295
"cv",20,2,96.4894664154073,-0.892400546497256,-4.35481149977254
"cv",20,3,95.4050766210592,-3.96892974651004,-4.73339295457925
"cv",20,4,98.6515139464768,-0.668953984178165,-4.70096297294733
"cv",40,1,191.256397001685,-2.52521930960938,-4.67532318085432
"cv",40,2,191.035884118535,-2.13673249466696,-4.33016031358143
"cv",40,3,191.944406844019,-3.0144135808227,-4.76114348275587
"cv",40,4,191.707998946015,-2.770523661459,-4.34232349030337
