"","","","","par1","par2"
"cv",20,1,86.6366298654066,0.0540583032563069,-2.92426124808682
"cv",20,2,89.3905887996259,0.0750685355941134,-2.81609250358688
"cv",20,3,87.353082159412,-0.0499299004976675,-2.87322132558561
"cv",20,4,83.3337665306727,-0.00379890072049865,-2.81510848364846
"cv",40,1,174.515300718184,0.0452662663251247,-2.43989893030508
"cv",40,2,178.35280496515,0.105331903223874,-2.38546795532286
"cv",40,3,174.433383581524,0.081274750120897,-2.39950678688297
"cv",40,4,166.708844376841,-0.00310526018128594,-2.40607332503071
