"","","","","par1","par2"
"cv",20,1,96.0136864200262,1.45013371135919,0.16196437557521
"cv",20,2,95.5321270659886,1.69947626319625,0.181593870819662
"cv",20,3,97.6634506155719,1.66294406329413,-0.0428489010247725
"cv",20,4,94.4743214503413,1.44941181366748,0.690423899040667
"cv",40,1,191.686249802104,-0.414921260607589,-0.0882486202605484
"cv",40,2,191.219453171189,0.0249544521324508,0.77182444180276
"cv",40,3,193.193341125713,-0.0585432951501716,-0.478279590117408
"cv",40,4,191.606688257637,-0.118236825781568,-0.0726967782953998
