"","","","","par1","par2"
"cv",20,1,97.9055103719623,-0.22852126448756,-2.84236332358018
"cv",20,2,90.2876271242609,-0.274611976850088,-2.61933234732109
"cv",20,3,90.5006669366796,-0.218347673516265,-2.68687930987831
"cv",20,4,86.4949856556986,-0.277403713799013,-2.58354909392627
"cv",40,1,187.629938198942,-0.212389765384858,-2.74232771238025
"cv",40,2,176.390892255877,-0.261462685043744,-2.40340267884496
"cv",40,3,192.429003779131,-0.0599874645365465,-2.55574174438851
"cv",40,4,177.218763571196,-0.253152084306672,-2.40226893914826
