"","","","","par1","par2"
"cv",20,1,96.6761434991903,3.3042369366024,-1.05152104117003
"cv",20,2,97.1565751716296,3.29178195659477,-1.18800547638828
"cv",20,3,96.4206459034872,2.34212798285,-0.860987935094015
"cv",20,4,95.8567264876575,3.27977893435198,-1.08610396630783
"cv",40,1,214.444764445925,1.59047705146461,-2.19628959090239
"cv",40,2,162.063074693539,1.70585882853985,-1.85802907651248
"cv",40,3,67.9070961041916,1.55058394799867,-1.82039864031858
"cv",40,4,210.705518536174,1.56764254790091,-2.18785484222921
