"","","","","par1","par2"
"cv",20,1,96.9351765768513,2.94009652271413,-1.21522507673653
"cv",20,2,98.2804923491999,2.97797481657587,-1.26762274220543
"cv",20,3,96.3720657880922,2.91804869335084,-1.09025789563384
"cv",20,4,97.5427861583688,-2.24699542351395,-4.82268857490966
"cv",40,1,186.088950795788,-0.841225367482428,-4.9101005400662
"cv",40,2,185.783878885836,-0.683852527187164,-4.82406086641696
"cv",40,3,190.156554235476,-1.63102255159417,-4.72083822721269
"cv",40,4,186.504215118175,-0.652219810236828,-4.73174215254341
