"","","","","par1","par2"
"cv",20,1,96.2306711327994,-2.21112745409765,-4.68342071956185
"cv",20,2,100.957805341198,0.636436692909812,-2.48353756827161
"cv",20,3,92.8954897562246,-4.89286181491383,-4.81168823018986
"cv",20,4,96.7868739099674,-4.77310652293012,-4.65062991250306
"cv",40,1,190.452487902376,-4.10276072000147,-4.88611333235128
"cv",40,2,192.733939854032,-3.58945983838442,-4.74098940456013
"cv",40,3,189.450785091333,-1.83597892289981,-4.5968454505247
"cv",40,4,190.88794262799,-4.0490637346106,-4.74883589060388
