"","","","","par1","par2"
"cv",20,1,95.4677758656504,-0.75677567205154,-4.76015864311962
"cv",20,2,95.9567421886524,-3.84418880671316,-4.8692215584941
"cv",20,3,96.1378278621861,-4.35076340297431,-4.80403577444623
"cv",20,4,97.1701472910876,-1.06414157639019,-4.90500730115133
"cv",40,1,192.376260055781,-2.5680745814285,-4.97697754471867
"cv",40,2,188.813983307517,-1.01582839569126,-4.65018155173117
"cv",40,3,192.791851179321,-0.762170771844803,-4.6381476256003
"cv",40,4,187.883223232876,-0.811717773322016,-4.92056910886297
