"","","","","par1","par2"
"cv",20,1,99.1724765236015,-3.96364112311078,-4.86393875214925
"cv",20,2,94.6578755032291,-3.24991685584487,-4.66178110102192
"cv",20,3,94.6778409982398,-4.07846653957599,-4.94215199011471
"cv",20,4,95.9906931827361,-1.60633942157722,-4.95084739023798
"cv",40,1,188.720663668845,-1.34356894560983,-4.63702725027175
"cv",40,2,192.328150660613,-3.8795698096439,-4.80468283086159
"cv",40,3,187.91532786596,-3.44664540860075,-4.82668765162383
"cv",40,4,186.9122511199,-0.912780327896001,-4.69352936372161
