"","","","","par1","par2"
"cv",20,1,96.2753143598952,-0.311006620205203,-2.6579443216535
"cv",20,2,90.2350981077803,-0.440876288126829,-2.53602376687718
"cv",20,3,91.5779515796106,-0.391510355370559,-2.62435615410884
"cv",20,4,92.8536616315183,-0.398057207455638,-2.57503002355179
"cv",40,1,183.617188131066,-0.3064167769701,-2.69637130824665
"cv",40,2,177.253880743497,-0.396393247594162,-2.60826417375453
"cv",40,3,184.101720826047,-0.338719591779757,-2.65023965480442
"cv",40,4,177.174158543975,-0.327720725346126,-2.59948193043369
