"","","","","par1","par2"
"cv",20,1,98.1357934052641,2.31511626682101,-1.82261926437186
"cv",20,2,98.6748408656137,2.34012937663115,-1.86968548585991
"cv",20,3,98.6507366598006,2.32972989521706,-1.87541601254113
"cv",20,4,98.2487951345387,-3.58662434991851,-3.23777563290799
"cv",40,1,191.833857498847,2.43583336402893,4.99729644742297
"cv",40,2,191.958791463801,1.8845427886138,0.973435093185407
"cv",40,3,191.978105464983,4.56993961634929,0.877432857191811
"cv",40,4,192.037077592596,4.52309659939692,0.693485079395833
