"","","","","par1","par2"
"cv",20,1,98.147308721676,-2.27311119698895,-2.19469284267852
"cv",20,2,112.257609454835,4.99999999965883,-0.851767022753474
"cv",20,3,94.6941577349852,-4.54016006331381,-1.31273767660676
"cv",20,4,94.6355564821006,-2.44882464176044,-1.30696492262662
"cv",40,1,189.536898878754,-0.602403636344654,-1.24462588048103
"cv",40,2,188.996647890287,-2.06239741423445,-1.04020612500799
"cv",40,3,191.332629139098,-0.706663400922223,-1.34113679531857
"cv",40,4,191.366926297054,-0.813575145415634,-1.37314128119893
