"","","","","par1","par2"
"cv",20,1,89.6882863871686,-0.290042496200522,-2.61958200788644
"cv",20,2,103.864112140446,-0.0968495186006636,-2.9418853572526
"cv",20,3,93.9853210629289,-0.207954694684105,-2.73856827091451
"cv",20,4,85.4870602669025,-0.271734009638856,-2.49578875965968
"cv",40,1,204.389877449293,0.208120170401727,-1.98430291191848
"cv",40,2,183.570557317033,-0.402773540512948,-2.12728815021333
"cv",40,3,184.597515784019,-0.352972342376841,-2.18593467062716
"cv",40,4,187.722452837377,-0.278590509081202,-2.30366314550742
