"","","","","par1","par2"
"cv",20,1,93.7824801301821,-0.632203664987706,-1.38954849832506
"cv",20,2,94.1903675902616,-0.467965146005645,-1.75762740350313
"cv",20,3,99.4305815661638,-0.49131522180496,-2.42205173248267
"cv",20,4,95.0478798611363,-0.404043653254417,-1.91554042170648
"cv",40,1,185.469214356136,-0.740626605099557,-2.23446300801539
"cv",40,2,185.192724444846,-0.845875242941339,-2.22133777432952
"cv",40,3,186.052386422833,-0.708318273670204,-2.25866491583085
"cv",40,4,185.844694318156,-3.91224847421683,-2.21889160073793
