"","","","","par1","par2"
"cv",20,1,101.853353971805,0.355072240927611,-1.33990712842971
"cv",20,2,102.662541269286,3.75686092964726,-1.26591569195008
"cv",20,3,94.2978900438925,-0.538682448070702,-2.20457525805847
"cv",20,4,102.708121006553,1.6627258682582,-0.833403901740646
"cv",40,1,186.245599966841,-0.601079030588933,-1.85399147299361
"cv",40,2,189.401129320549,-0.670324526003239,-2.01171583864991
"cv",40,3,186.551992080491,-0.732301850427056,-1.84577493954451
"cv",40,4,187.139930624662,-0.589443567631513,-1.8920244458688
