"","","","","par1","par2"
"cv",20,1,96.8962852223073,2.17303110826857,-1.235238001245
"cv",20,2,97.515196045673,2.16976535834356,-1.29760164286443
"cv",20,3,100.486507092073,2.76025958472604,-1.69205713030221
"cv",20,4,105.006919538266,-1.47317312064405,-4.66149834567881
"cv",40,1,196.28015149759,2.12668516026451,-1.33801173763424
"cv",40,2,198.658531531557,2.18605236270366,-1.42921827845641
"cv",40,3,194.835755710469,2.17595922396213,-1.38339451591215
"cv",40,4,224.302045882584,-0.669109973637791,-4.85036742707896
