"","","","","par1","par2"
"cv",20,1,94.7602801089237,-1.31243532881893,-4.68017170726851
"cv",20,2,95.6981799631679,-2.4246281320906,-4.9811521295808
"cv",20,3,94.5931071487656,-1.42463887707873,-4.58741258968552
"cv",20,4,97.0667017207955,2.75721976932076,-1.32261259227906
"cv",40,1,190.439920816183,-4.6608943794854,-4.59979395349155
"cv",40,2,190.945775189089,-1.610836254507,-4.65175007874081
"cv",40,3,189.610094748908,-3.1717788185964,-4.6900188933264
"cv",40,4,190.826951810937,-3.6584137496741,-4.61592015875503
