"","","","","par1","par2"
"cv",20,1,96.9808291378982,-0.878848893483225,-4.79981148276495
"cv",20,2,96.8738919161162,-1.97563580048073,-4.62484194772527
"cv",20,3,97.1103612253901,-0.716213887816257,-4.77913716050979
"cv",20,4,96.565709702893,-1.13419352632721,-4.44049239208194
"cv",40,1,189.465917119665,-4.90726909367368,-4.44763189541385
"cv",40,2,188.054922273645,-2.81412160805807,-4.6493397921072
"cv",40,3,189.148492869897,-0.909129443745177,-4.74574663106291
"cv",40,4,187.974170837306,-0.718397344652772,-4.45854574174988
