"","","","","par1","par2"
"cv",20,1,96.5229020858402,-4.04081424068988,-4.64234338933938
"cv",20,2,94.679724077474,-1.36851610532354,-4.7244853075518
"cv",20,3,93.8580277084596,-4.34314448852092,-4.65162534755453
"cv",20,4,96.7522811124639,-0.672974322640193,-4.63804152283072
"cv",40,1,195.011156421847,-2.23084410219129,-4.97511600986916
"cv",40,2,196.08426917566,-3.41475805798996,-4.7670089154733
"cv",40,3,192.543228533999,-0.601773704950764,-4.96797924270511
"cv",40,4,188.22271658917,-0.726478713660007,-4.80567961314427
