"","","","","par1","par2"
"cv",20,1,99.3997454222642,0.693787476359045,-1.85843009456808
"cv",20,2,90.5116653174838,0.332410616283404,-2.13409480823489
"cv",20,3,97.1131164220614,0.478290954825289,-2.17309857516092
"cv",20,4,90.5585086642776,0.520746201779484,-1.84748946797254
"cv",40,1,191.840137114626,2.56850111368674,0.107764358108458
"cv",40,2,190.74552747018,2.55927292944954,0.928255387498772
"cv",40,3,191.377118131993,2.62801267990931,0.371947006349485
"cv",40,4,197.415605206297,2.41258775015456,-0.333148889172483
