"","","","","par1","par2"
"cv",20,1,96.7732791859002,2.07686704152318,-0.793035715543471
"cv",20,2,93.4723149622088,2.08238882290593,-0.539782509239925
"cv",20,3,94.6089205918081,2.09333627556358,-0.69031487861002
"cv",20,4,98.4805236696309,-0.294129745122466,-2.37165727315142
"cv",40,1,186.727520331359,-0.449584814146629,-1.89939569357601
"cv",40,2,184.15817319968,-0.650761541973109,-1.57894498507927
"cv",40,3,199.644501915828,-0.503430305868195,-2.36739756025445
"cv",40,4,185.322781281553,-0.490901952915384,-1.78984692769798
