"","","","","par1","par2"
"cv",20,1,95.9249627229971,-0.346085327686588,-2.57456973397224
"cv",20,2,97.7550904056226,-0.266628138513555,-2.7072158309035
"cv",20,3,93.6770622757757,-0.503048522395768,-2.24457588011304
"cv",20,4,94.525979471703,-1.12116488140237,-2.10298875650533
"cv",40,1,185.386110996396,-0.513927381354566,-1.76739639375674
"cv",40,2,184.414406764887,-0.644206048420856,-1.65707257863399
"cv",40,3,196.278153496992,-0.530557716192778,-2.25470237489352
"cv",40,4,187.539051783758,-0.380356230305376,-1.87259052663633
