"","","","","par1","par2"
"cv",20,1,96.108915587245,-2.44941627918109,-3.59537815675139
"cv",20,2,95.8624263073152,-4.98675970733126,-2.10015369774539
"cv",20,3,97.9235713569937,-4.21072526592232,-4.56918625857031
"cv",20,4,96.0403846899568,1.61205239073799,0.390373603244062
"cv",40,1,191.101587718625,-2.8604046919697,-3.30081604860775
"cv",40,2,192.062500146476,-3.58316105192636,-3.01117677222733
"cv",40,3,193.435957789832,-1.38634903233352,-4.19601924362223
"cv",40,4,192.61309705031,-2.1951897378079,-3.60358541943884
