"","","","","par1","par2"
"cv",20,1,96.5086881654515,4.81366283769621,-0.598088002056754
"cv",20,2,96.3142675884533,3.79096272729313,-0.721948948444803
"cv",20,3,103.154973201835,-0.230079150407894,-4.82062822644903
"cv",20,4,94.1856376733739,-0.341583130833957,-4.18903210039514
"cv",40,1,190.576525176382,-0.381737660318152,-4.29920726215221
"cv",40,2,191.38733834619,-0.436085374697726,-4.76738633028423
"cv",40,3,192.071462402826,-0.558730013138375,-4.53750131153375
"cv",40,4,194.001683706711,2.91265136046228,-1.12032255167558
