"","","","","par1","par2"
"cv",20,1,92.561650934652,-0.450965483746873,-2.48648180165678
"cv",20,2,93.7114280900498,-0.42578064972732,-2.47563074942643
"cv",20,3,92.2780692966782,-0.468523581340098,-2.43259955457853
"cv",20,4,93.7523761699189,-0.434511022649173,-2.6092920240878
"cv",40,1,183.494820829918,-0.481198687486938,-2.32921138428554
"cv",40,2,184.606946554723,-0.459075409075843,-2.28564910762065
"cv",40,3,187.756503295712,-0.398852312777206,-2.35861594675617
"cv",40,4,181.571762475382,-0.519176562625382,-2.17062265424672
