"","","","","par1","par2"
"cv",20,1,97.808136911305,2.71552628541081,-1.22848757861885
"cv",20,2,96.7416531452316,-3.365020198524,-4.98834435995668
"cv",20,3,94.4572339743108,-1.1961645707066,-4.47691518153392
"cv",20,4,95.1963492973818,-0.772829489784884,-4.08633078449111
"cv",40,1,192.883681783286,2.61787069269829,-1.25520910124482
"cv",40,2,194.545158718321,-2.46745007311001,-4.48078421277701
"cv",40,3,194.777519831997,-1.68708673313457,-4.68588422926371
"cv",40,4,189.10935860288,-3.40767051347494,-4.2602507075406
