"","","","","par1","par2"
"cv",20,1,106.118515305176,2.44913692888502,-0.666574721756683
"cv",20,2,94.4634450135543,2.26791373519562,0.501156978842188
"cv",20,3,93.8538938218306,2.67963763864594,0.864303792491515
"cv",20,4,98.6768379047763,2.43769665971883,-0.352427432242227
"cv",40,1,191.830979411147,2.72716168266,4.99999999892877
"cv",40,2,191.956059742304,2.77442834589815,2.80885262198764
"cv",40,3,191.865845652468,1.79316307913099,4.99999974111999
"cv",40,4,191.825164666137,2.75385835194963,4.99999999847993
