"","","","","par1","par2"
"cv",20,1,96.9536180299944,4.93907081245007,-0.98083560405332
"cv",20,2,94.4004514458363,2.90484182631111,-1.13862616299035
"cv",20,3,95.0634270856939,2.88764436962599,-1.37831732098962
"cv",20,4,99.1036080421345,2.88325634892249,-1.50178959331851
"cv",40,1,193.675646804055,3.65652225584084,-1.12118019041365
"cv",40,2,189.647711129712,-3.89107491766165,-4.1872680120851
"cv",40,3,191.703581419935,-2.61960565304532,-3.22255132320994
"cv",40,4,199.764428337974,-0.837846930730147,-4.70085694640635
