"","","","","par1","par2"
"cv",20,1,96.6011051626164,4.97245339630728,-0.646544990182677
"cv",20,2,97.6438849693729,2.29935491437694,-1.3830338921631
"cv",20,3,98.2116736080529,2.29871691391042,-1.44530886195543
"cv",20,4,109.704746986434,2.2972773968549,-1.68123960489024
"cv",40,1,194.83138903219,4.00215935889777,-1.30515464367977
"cv",40,2,191.931185168815,1.97803829260773,0.65279426144857
"cv",40,3,206.337009910419,3.99358200982752,-1.40902138601557
"cv",40,4,204.477728088067,4.00332914477564,-1.39442874713242
