"","","","","par1","par2"
"cv",20,1,95.4116085409755,-2.44807818974234,-4.94028645777493
"cv",20,2,95.0673896934122,-1.73881461598838,-4.80808441951252
"cv",20,3,96.463307993137,-2.12698523689649,-4.78207379720211
"cv",20,4,97.4334186727964,-2.45050383989103,-4.68804393083611
"cv",40,1,188.405529912305,-4.67209081131286,-4.56109525896459
"cv",40,2,188.460971195981,-1.26778548418829,-4.66817643526745
"cv",40,3,189.110999160259,-2.53594281321029,-4.89507593935925
"cv",40,4,190.317142355538,-0.816952900613715,-4.68692596876428
