"","","","","par1","par2"
"cv",20,1,97.2653722948791,-1.98277511651214,-4.17665424508735
"cv",20,2,95.3598468730132,-3.5349475619728,-3.84697853960598
"cv",20,3,99.984915311248,-1.67219057518158,-4.76004801795261
"cv",20,4,96.6740827412595,3.21806715259977,-1.39431438191512
"cv",40,1,193.941474411091,-0.75066605276815,-4.99229167444054
"cv",40,2,187.994491454432,-0.927148804518027,-4.48499326149678
"cv",40,3,190.053411958476,-1.07174640164846,-4.67734205401552
"cv",40,4,189.260250093303,-0.653961880336872,-4.96235815082438
