"","","","","par1","par2"
"cv",20,1,90.6853460436544,-0.376212449174063,-2.27780408342767
"cv",20,2,104.437600223918,-0.203031611978955,-2.87446110520639
"cv",20,3,92.8534218736969,-0.448258733437829,-2.50385406218816
"cv",20,4,92.6656741150903,-0.455076940421117,-2.52988835212301
"cv",40,1,181.855226575559,-0.395248849102027,-1.96358539549584
"cv",40,2,186.765948157315,-0.419763794866952,-2.17927665001603
"cv",40,3,189.257503351518,-0.318399380362952,-2.20919631338503
"cv",40,4,184.452874485336,-0.369138604397484,-2.09723415408953
