"","","","","par1","par2"
"cv",20,1,97.4715643440232,-2.1998720742517,-4.88246641959995
"cv",20,2,92.7393866706211,-2.59590472124735,-4.93604841796862
"cv",20,3,95.4260656147368,-3.98936707946778,-4.92403307586889
"cv",20,4,100.6151894076,-3.72007420770991,-4.96775403089966
"cv",40,1,183.384186185452,-0.666879011055469,-4.99720596690384
"cv",40,2,185.829374792363,-0.660182173732858,-4.89830674874426
"cv",40,3,189.735119748776,-0.694619611476999,-4.9267738711144
"cv",40,4,189.273420190179,-0.638448599380892,-4.86845981571001
