"","","","","par1","par2"
"cv",20,1,95.9173148616058,0.496658719697588,4.99999999806746
"cv",20,2,95.9986284780174,0.946684328743598,2.62235932033064
"cv",20,3,95.9172701211758,-1.76319441854006,4.99999999999616
"cv",20,4,154.123619486902,-0.622098771506753,-3.07428529540854
"cv",40,1,191.859007822594,3.73208623229854,4.99999999847866
"cv",40,2,191.902343621353,0.695072348639101,4.99999999997204
"cv",40,3,191.832090660426,3.68957234906772,4.99999999958675
"cv",40,4,191.95881784801,2.26983797730095,4.99999998639567
