"","","","","par1","par2","par3"
"cv",20,1,87.2075518517608,0.0499608187174429,-4.50638394658457,-2.07726755121236
"cv",20,2,82.5381750282839,0.0688911151950723,-4.68706979624057,-1.9605412109409
"cv",20,3,86.7195373757142,0.0932677849719766,-3.72734628691591,-2.09253261233272
"cv",20,4,132.167922567303,-0.88974021365843,-0.605578953926119,-4.99739168884074
"cv",40,1,182.458220518859,0.0065522427717068,-2.11553859902308,-2.03635926882423
"cv",40,2,187.590052638536,-0.426712889861006,-1.03259021199971,-2.69896139606723
"cv",40,3,197.072319901636,-0.936386774187642,-0.723205735074169,-4.73195725608315
"cv",40,4,172.163643131751,-0.0046112790421904,-1.80505160807192,-1.924874862179
