"","","","","par1","par2","par3"
"cv",20,1,99.2435305406904,-0.920288097922815,-0.968646793745022,-4.99999820921857
"cv",20,2,103.539229208946,-0.0891483254081619,-2.21944471442034,-2.66605814049282
"cv",20,3,94.3600178650902,0.216668680267617,-4.99931844304873,-2.10992321095927
"cv",20,4,100.90315872537,-0.223277557033781,4.98362188693136,-4.93692426261395
"cv",40,1,188.170373350744,-0.621760549113785,-0.80886776060616,-2.05396237152971
"cv",40,2,185.581591390344,-1.38526916122032,4.60507280918819,4.01015542889724
"cv",40,3,211.472406335044,-1.03207197083755,-0.617599759481387,-4.99999470918094
"cv",40,4,185.576986345815,-1.20674396806942,4.60473729970792,4.00984274307523
