"","","","","par1","par2","par3"
"cv",20,1,101.77472870041,-0.952838841374633,-0.655606241545382,-4.99999998518209
"cv",20,2,203.68664335772,-1.02777905403351,-0.929410791998922,-4.99999998431914
"cv",20,3,91.4368658718502,0.210845033974133,-4.99638165219994,-1.80375663406641
"cv",20,4,94.0730124256568,-2.03760593417494,4.32979046972955,-4.96560151459215
"cv",40,1,180.151806192856,-0.954822659306733,-0.836175148079325,-4.99999321676161
"cv",40,2,194.013736304142,-0.930108321327091,-0.844074778939041,-4.99999999793967
"cv",40,3,186.394862393296,-0.939371983426415,-0.836235092632526,-4.99999836252397
"cv",40,4,181.860195500537,0.0881420385235884,-4.99820704602957,-1.7554250035455
