"","","","","par1","par2","par3"
"cv",20,1,120.002988941819,-0.839343145103603,-0.717839411027618,-4.99991471048252
"cv",20,2,89.0024922501389,0.0503734740290241,-4.99999991055026,-2.20773794405205
"cv",20,3,88.6836465148856,-0.0144393974244661,-4.99999743284095,-2.23349050487016
"cv",20,4,88.1609119929988,-0.0224940516807354,-4.99999918899462,-2.16066830046478
"cv",40,1,169.055591512238,-0.826544984857356,-0.694347528664843,-4.99999999698229
"cv",40,2,151.205133499537,-0.8737178150342,-0.67299127229026,-4.99999725549142
"cv",40,3,102.179481233047,-0.894311037001094,-0.660148450096104,-4.99999998105135
"cv",40,4,169.802050336751,-0.868473334434615,-0.665040412608507,-4.99999925201232
