"","","","","par1","par2","par3"
"cv",20,1,130.687203492794,-0.683297840499497,-1.126302610909,-4.99999673409906
"cv",20,2,79.5124271880319,-0.866546630476955,-0.706978707560763,-4.99978194718571
"cv",20,3,84.4857072032739,-0.85067849247892,-0.698840233281252,-4.9827693466947
"cv",20,4,85.6044330505345,-0.852404647171653,-0.714938374258476,-4.99997692355088
"cv",40,1,135.479043658183,-0.840914273416492,-0.675102112180929,-4.99999985086432
"cv",40,2,167.419398259484,-0.800554572080971,-0.677130197128409,-4.99999966071022
"cv",40,3,132.65253415366,-0.84793125844769,-0.669966483827902,-4.99999994444521
"cv",40,4,145.276020765377,-0.821305482533641,-0.68736174040542,-4.99999999143439
