"","","","","par1","par2","par3"
"cv",20,1,89.4509607800453,-0.560901172288463,-0.70357553261457,-3.32785489793071
"cv",20,2,98.5179948697642,-0.890701808876715,-0.647140981501007,-4.99995161480622
"cv",20,3,84.2446166462267,-0.709927638464019,-0.630028270052445,-3.57857760131135
"cv",20,4,101.214731399341,-0.285038900055039,-0.909787572933939,-3.09968834522634
"cv",40,1,202.937782914936,0.132168139121386,-2.81867618444682,-1.66050192376824
"cv",40,2,191.351192169049,-0.740818958793424,-0.792415818310404,-2.15133056823586
"cv",40,3,184.788819290431,-0.800498519977397,-0.582157024358195,-1.34746205477966
"cv",40,4,190.158529114175,-1.5363829680926,4.60438052461124,3.66004705938145
