"","","","","par1","par2","par3"
"cv",20,1,90.2412286581281,0.130966289296913,-4.99999977842207,-2.21768033304121
"cv",20,2,80.1519369589617,0.095758815415995,-4.99999655445661,-2.35184313586249
"cv",20,3,79.9489966818814,0.127143525173086,-4.99983158169333,-2.23354000329123
"cv",20,4,88.9531434489852,0.212660918862933,-3.57242520169558,-2.26246331896734
"cv",40,1,179.468768634606,0.171534080930501,-4.99999977170826,-1.97528608756106
"cv",40,2,161.149632748366,0.159443821836045,-4.99928559406209,-1.95036985744072
"cv",40,3,219.775992980876,-0.82796591368246,-0.690897562721564,-4.99999999177747
"cv",40,4,182.521793065484,0.17514663914355,-4.99937194667443,-2.04602848600729
