"","","","","par1","par2","par3"
"cv",20,1,69.0366415622514,-0.809880615438458,-0.681573218115537,-4.99999979575864
"cv",20,2,84.8353304646981,-0.786177012411125,-0.684834433846011,-4.99998218242279
"cv",20,3,54.7367901426448,-0.829434377591665,-0.700081203650825,-4.99998883041198
"cv",20,4,44.2707563501466,-0.805281591357644,-0.680397858866925,-4.99971395337466
"cv",40,1,400.262902906071,-0.777921298642029,-0.990226833643321,-4.99999999485043
"cv",40,2,159.360541363199,-0.80614030840868,-0.674687912527222,-4.99987576841865
"cv",40,3,174.536143212339,-0.720745625460056,-0.666383065282492,-4.75619841919669
"cv",40,4,163.250543587688,-0.80853621220594,-0.67248155760931,-4.99999964147375
