"","","","","par1","par2","par3"
"cv",20,1,100.428195579816,-0.809781665153657,-0.674954786226101,-4.99921164070378
"cv",20,2,77.1361762479837,-0.839379155154976,-0.675696881648776,-4.99993238580238
"cv",20,3,230.258509299405,-0.83900583115881,-1.04594206020187,-4.98263291247868
"cv",20,4,82.0006002858564,-0.837939750531966,-0.6706709903377,-4.99999760810338
"cv",40,1,147.952647704329,-0.921037959202375,-0.662157030547189,-4.99994956252165
"cv",40,2,190.614949261888,-0.878074368578944,-0.682878820577809,-4.97027042892261
"cv",40,3,182.581465802144,0.199536760671643,-2.81561729974023,-1.96055555902655
"cv",40,4,173.167695387354,-0.887407715962853,-0.658570551785669,-4.99999987963846
