"","","","","par1","par2","par3"
"cv",20,1,96.8113942135125,0.334562652875116,-4.98566151041648,-1.71954312986759
"cv",20,2,93.5288519025609,-0.950292311817212,-0.890387384959337,-4.99999973156649
"cv",20,3,91.9000399911473,-0.970577896801123,-0.849855512064697,-4.99979789727626
"cv",20,4,97.620023604879,-0.971053601355428,1.93979376525815,-4.99921354485027
"cv",40,1,181.718532237103,-0.443555606651021,-0.828375608289487,-2.37149747429882
"cv",40,2,177.574459455548,-0.329520391617227,-0.257515580449476,-1.70431758307484
"cv",40,3,183.261366114584,-0.302539713829435,-0.36307641461726,-1.98103568573703
"cv",40,4,192.706489513445,-0.600404069021008,-0.545366640993125,-2.97393609809985
