"","","","","par1","par2","par3"
"cv",20,1,94.0166337141864,-0.690510940345088,-0.713605931813167,-4.83896782966928
"cv",20,2,72.5420124315938,-0.420597331343359,-0.769470976973228,-3.85490118918538
"cv",20,3,81.6200717063716,-0.48952968139406,-0.810496005656517,-4.01852386146248
"cv",20,4,57.4203977386239,-0.455560750079531,-0.765645759196652,-3.73719344092427
"cv",40,1,138.787258219761,-0.772004803092519,0.312637333347712,-4.8724752698973
"cv",40,2,149.692765511234,-0.742511696062143,-0.168664741408368,-4.74737669237727
"cv",40,3,147.111144310882,-0.793438553583839,0.184752426109448,-4.99998630161321
"cv",40,4,146.008051733632,-0.801479636078769,0.330488752390533,-4.99999957410293
