"","","","","par1","par2","par3"
"cv",20,1,60.9018354050735,-0.811874390802866,-0.818018592639924,-4.99995394217566
"cv",20,2,70.2137429028887,-0.836334804216196,-0.774322494225249,-4.99989785234159
"cv",20,3,77.2645927752757,-0.824499989133394,-0.784302148252496,-4.99999955403998
"cv",20,4,79.8237079502776,-0.823911756517485,-0.784297179484561,-4.99999996630994
"cv",40,1,150.763900474267,-0.794048203383451,-0.6843444487736,-4.84805728627789
"cv",40,2,122.420793303509,-0.850281410011101,-0.667289655782826,-4.99775985727977
"cv",40,3,155.145876408384,-0.852876796224777,-0.616186476600789,-4.99908989637285
"cv",40,4,198.702164111748,-0.815669445757808,-0.647841286904855,-4.98778238260847
