"","","","","par1","par2"
"cv",20,1,95.915810794448,4.99999978934827,4.99999982400878
"cv",20,2,96.4066215081251,0.732355118109406,-1.94920482722906
"cv",20,3,96.1274361976875,2.36996296410816,-4.99999995282867
"cv",20,4,95.8640766383177,3.13012743357364,-4.99999999955569
"cv",40,1,191.645712510642,3.30971593476831,-4.99999998767219
"cv",40,2,191.831621317549,4.99999972738827,4.99999994728586
"cv",40,3,192.653791150777,2.47771189187938,-4.99999997345412
"cv",40,4,193.059782923363,2.44846893628668,-4.99999998435483
