"","","","","par1","par2"
"cv",20,1,96.2218725336156,-1.41316017890349,-0.495668079462033
"cv",20,2,95.4806686582031,0.169525351811201,-0.680808672280772
"cv",20,3,96.6401473045751,-4.4473423762247,-0.809057277896826
"cv",20,4,97.2238975829501,-2.14812846574932,-1.27967093709953
"cv",40,1,189.404073587379,-2.27496191393584,-0.683972308317121
"cv",40,2,191.442506679508,-0.541388465420148,-0.230098843267148
"cv",40,3,195.175531933681,1.12489458246851,-1.02176340890703
"cv",40,4,190.836282255128,-3.02236964941303,-0.683713133275049
