"","","","","par1","par2"
"cv",20,1,95.0664356956924,0.703982833776762,-0.576583962631972
"cv",20,2,95.0173875007807,-3.98101351456717,-0.697865080486786
"cv",20,3,98.5564129545757,-2.2629052004422,-0.863965775695677
"cv",20,4,96.2748492060159,0.737451893744769,-0.888976631515971
"cv",40,1,187.276426004169,-0.405756143995034,-0.46995321611058
"cv",40,2,198.500481432836,0.00367882412180992,-1.13447379821339
"cv",40,3,189.208023762808,-0.884813270453263,-0.972219633806911
"cv",40,4,189.180089536426,-2.68422882877897,-0.749248274545555
