"","","","","par1","par2"
"cv",20,1,94.2536860187587,-1.16018116708371,-4.99999972813387
"cv",20,2,94.2536864417255,-1.1413497624165,-4.99999984523813
"cv",20,3,94.2787935926202,-1.11940308669051,-4.99999969006658
"cv",20,4,94.2805936837898,-1.16092974504265,-4.99999994008896
"cv",40,1,184.868554196838,-2.8673842068462,-1.2573892130085
"cv",40,2,185.137518500458,-2.99815802022885,-1.26819926235865
"cv",40,3,191.646818099472,-1.14633710845564,-4.99999998300644
"cv",40,4,184.854101896853,-2.99185161419035,-1.26000239349429
