"","","","","par1","par2"
"cv",20,1,95.9158108432587,4.9999999895872,4.99999993638195
"cv",20,2,95.9158107897419,4.99999996596797,4.99999987237842
"cv",20,3,104.111929015717,1.51931800866686,-4.99999999999918
"cv",20,4,95.9158108442263,4.99999994923634,4.99999995271664
"cv",40,1,191.831621592651,4.99999999732953,4.99999999611108
"cv",40,2,191.831623632561,4.99999998967171,4.99999998977046
"cv",40,3,191.831622900664,4.99999999987818,4.99999999727322
"cv",40,4,191.831621768622,4.99999999129493,4.99999998931057
