"","","","","par1","par2"
"cv",20,1,94.6324849074521,-3.03480686185433,-0.557953848698594
"cv",20,2,101.141638199034,-1.13016965400065,-4.99999994129742
"cv",20,3,94.8926306197009,1.58498620753591,-4.9999998813405
"cv",20,4,94.6217019326362,-3.03131873046966,-0.548907848515754
"cv",40,1,186.415009808056,-3.08130915521395,-0.498212966884348
"cv",40,2,209.678934962593,0.753282263730977,-4.99999981959342
"cv",40,3,187.781976538248,-3.13600004138262,-0.625811304233258
"cv",40,4,186.541288960242,-4.99999999431112,-0.490209353712238
