"","","","","par1","par2"
"cv",20,1,95.7471723935153,-4.77244773770682,-0.688030409307037
"cv",20,2,98.0116099821336,-1.40420004230251,-1.41911073348182
"cv",20,3,95.7345038643179,0.656296121985396,-0.89842193545216
"cv",20,4,97.4203531798866,-1.5398108743683,-0.975344828261698
"cv",40,1,188.821778144901,-1.98860801348463,-0.915275712551522
"cv",40,2,190.390628758958,-4.43966180104922,-0.952143830965361
"cv",40,3,195.335708597351,-4.22033140632625,-1.16571520602556
"cv",40,4,185.528971307762,-2.36025936009553,-0.998471379649389
