"","","","","par1","par2"
"cv",20,1,94.8804461229594,0.284397121637413,-0.82911600133121
"cv",20,2,96.8383348454512,-0.235655554856383,-0.964271000120789
"cv",20,3,97.4732328995213,-1.09623941614847,-0.806084504269777
"cv",20,4,96.9267908896738,-4.49617553698451,-0.609682406540414
"cv",40,1,191.873323541677,-3.05028065474485,-0.797637234329189
"cv",40,2,188.175078262872,-2.41018025054085,-0.752083623376301
"cv",40,3,188.307852659133,0.25064726711477,-0.766854672968079
"cv",40,4,191.567783670666,-2.83690105149276,-0.61569139576968
