"","","","","par1","par2"
"cv",20,1,97.1809896121931,0.885711537668109,-1.03511259739394
"cv",20,2,93.9049967725299,-2.22463637198699,-0.524986357578178
"cv",20,3,98.0211731792706,-2.25939113769854,-1.39076434638493
"cv",20,4,98.3906830817744,-4.2339926143616,-1.15908525250748
"cv",40,1,190.313534079654,-2.09478722288832,-1.28612788600475
"cv",40,2,192.323133867189,-3.15420414945362,-1.51816641321779
"cv",40,3,188.927855931757,-2.44050274650706,-1.06365549689854
"cv",40,4,190.975674719556,-1.4502418918319,-1.34677530018499
