"","","","","par1","par2"
"cv",20,1,96.3174061090564,-3.03323034651769,-0.596257966688546
"cv",20,2,94.9705417618109,-0.987068629175334,-0.208525573144393
"cv",20,3,101.309619669589,1.22269124622705,-4.9999999862263
"cv",20,4,94.9477868283512,-1.00054459619594,-0.212041822691437
"cv",40,1,184.540611569319,-1.02726955235306,-4.99999991974612
"cv",40,2,184.540610605408,-1.02326793708747,-4.99999952338768
"cv",40,3,184.550867184878,-1.02449505318336,-4.99999978755945
"cv",40,4,184.540622744331,-0.90584274315115,-4.99999979663859
