"","","","","par1","par2"
"cv",20,1,95.9158112985501,4.99999998130914,4.99999993965573
"cv",20,2,95.9158107777015,4.99999997123509,4.99999999317375
"cv",20,3,95.9158113002696,4.99999999246967,4.99999995498705
"cv",20,4,95.9158109662015,4.99999999891205,4.9999999964826
"cv",40,1,191.831624504843,4.99999999472685,4.9999999934877
"cv",40,2,191.831622286853,4.99999999565331,4.9999999993116
"cv",40,3,191.831622325393,4.99999999942521,4.99999999830323
"cv",40,4,191.831626214277,4.99999999767158,4.99999998803355
