"","","","","par1","par2"
"cv",20,1,97.2834887206822,1.62161502694642,-0.276528538949246
"cv",20,2,96.2669912387239,1.75062421683782,-0.925112586176968
"cv",20,3,94.6401984894652,3.14233566354974,-0.676031950203751
"cv",20,4,96.0813165174714,4.32353967200668,-0.846781367803183
"cv",40,1,192.50328933013,3.15066743478457,-0.353951308288164
"cv",40,2,189.817778956204,3.96082249576239,-0.290729619156323
"cv",40,3,191.754467864105,4.17118214405335,0.234559396732122
"cv",40,4,202.752812357434,-0.420539712515227,-0.853502972378142
