"","","","","par1","par2"
"cv",20,1,94.2536856525035,-1.09466541554355,-4.999999780264
"cv",20,2,94.2536877216155,-1.0383219950822,-4.99999941656441
"cv",20,3,94.2536857964457,-1.11099170461579,-4.99999989570779
"cv",20,4,94.2815946234701,-1.11118944131298,-4.99999988042923
"cv",40,1,185.426416452565,1.24995267367681,-4.99999999751064
"cv",40,2,185.406652988484,1.22573492689647,-4.9999998914552
"cv",40,3,186.36706612894,1.1891973329363,-4.99999999876597
"cv",40,4,190.462304767636,0.92455022437359,-4.99999999885951
