"","","","","par1","par2"
"cv",20,1,93.3676764638259,-1.49889608470882,-0.801643256984711
"cv",20,2,95.833757798184,1.55092683517013,-0.627434128374918
"cv",20,3,98.1186089182701,-4.6020456833891,-0.898570491306219
"cv",20,4,95.5861017980641,1.34494163529947,-0.855588251907355
"cv",40,1,190.835601355367,-0.722699755550819,-1.05802872436962
"cv",40,2,193.153636917367,-3.28624766422697,-1.07375920103023
"cv",40,3,185.902600278946,0.2067280987408,-0.938331687927235
"cv",40,4,189.814230727112,-2.02346625721061,-1.29795822697392
