"","","","","par1","par2"
"cv",20,1,95.9158108291219,4.99999996575272,4.99999991256734
"cv",20,2,99.6406725250379,1.78626674117246,-4.99999999137125
"cv",20,3,95.915810780604,4.99999994913104,4.99999999842459
"cv",20,4,95.9158108398398,4.99999980338685,4.99999987192652
"cv",40,1,191.831622741259,4.99999999108714,4.99999999708843
"cv",40,2,191.831623109967,4.99999996398586,4.99999990287183
"cv",40,3,191.831622055223,4.99999999833234,4.99999999889936
"cv",40,4,191.831621324543,4.99999999781812,4.99999999402106
