"","","","","par1","par2"
"cv",20,1,94.4716275711463,1.23092774272892,-4.99999999974229
"cv",20,2,94.4698043284275,1.22738357568329,-4.99999999999773
"cv",20,3,94.5670286814687,1.256183051543,-4.99999998650144
"cv",20,4,101.14163706326,-0.81672954930519,-4.99999995073669
"cv",40,1,203.077423704178,0.827188935153212,-4.99999999829562
"cv",40,2,186.685796967506,-1.06112741162693,-0.663203814875606
"cv",40,3,186.213890331225,-1.18183699397033,-0.615773784278045
"cv",40,4,192.762498334948,-3.08135377602103,-0.740712638555459
