"","","","","par1","par2"
"cv",20,1,95.9715559027893,-0.134622279656345,-0.395007501855149
"cv",20,2,96.7705476585713,2.26158704562485,-0.232749711161563
"cv",20,3,95.9122023543913,2.32164838257852,-0.213141173005922
"cv",20,4,100.291702154144,-4.0680285200874,-1.08745787933455
"cv",40,1,189.514322820044,0.412683603233116,-1.3305034951497
"cv",40,2,183.911236643343,-0.858196271583438,-1.08670117367163
"cv",40,3,187.830882422043,0.642944059545335,-1.04555980699758
"cv",40,4,187.806674769705,-1.62911229883233,-1.09974156838094
