"","","","","par1","par2"
"cv",20,1,94.642035610827,-1.69713432609746,-0.289059431224259
"cv",20,2,93.8722605395841,-0.358629956425728,-0.739884871865004
"cv",20,3,98.2625231568129,3.82503187051043,-1.04617334496774
"cv",20,4,99.0909411962675,0.387089716318141,-1.06095839215378
"cv",40,1,190.937728432373,-4.36356070260252,-0.697648219625693
"cv",40,2,187.868821173357,0.0125943941936509,-0.86029798637894
"cv",40,3,194.051121287201,-2.15337459600177,-1.29653038363335
"cv",40,4,192.1586915431,-0.676333691655954,-0.882554435726431
