"","","","","par1","par2"
"cv",20,1,94.2555931387985,-0.634891586023979,-4.99999983455978
"cv",20,2,94.26307568467,-1.15211845618223,-4.99999995824131
"cv",20,3,94.2536857470651,-1.15131941928503,-4.99999976228305
"cv",20,4,94.2536858500915,-1.15173257330858,-4.99999976328589
"cv",40,1,184.857651021222,1.03123273024177,-4.99999999540846
"cv",40,2,184.86955591919,1.02310511155806,-4.999999999199
"cv",40,3,184.826207321926,1.01116968194924,-4.99999999980996
"cv",40,4,191.646817610091,-1.09896922597447,-4.99999995833779
