"","","","","par1","par2"
"cv",20,1,95.0076143152446,-4.99999999999314,0.108996988841113
"cv",20,2,96.4797937640744,-4.99999999998264,-0.596032785100037
"cv",20,3,96.2704392660743,-3.07233878368111,-0.49439480170487
"cv",20,4,95.0019504053949,-4.99999999999265,0.109875841877356
"cv",40,1,192.131684989234,-3.09692825717784,-0.173246819419148
"cv",40,2,189.908184790729,-3.09982581554819,0.128356501111971
"cv",40,3,189.996439673194,-1.0820344521654,-0.00930496251278123
"cv",40,4,190.830098671368,-4.99999992069288,-0.0166292686909244
