"","","","","par1","par2"
"cv",20,1,94.2540682909044,-0.765040093343174,-4.99999973924127
"cv",20,2,94.253685798096,-1.13974950597364,-4.99999987835216
"cv",20,3,94.2536857865343,-1.13970287136519,-4.99999985372813
"cv",20,4,94.2536858422039,-1.13993979722971,-4.99999990968008
"cv",40,1,184.511120047899,-4.99999999920784,-4.99999999806528
"cv",40,2,184.564838121715,-0.949864433149829,-4.99999927729511
"cv",40,3,184.557162461671,-4.99999999982158,-4.99999999948573
"cv",40,4,184.557317093463,-4.99999999999487,-4.99999999606065
