"","","","","par1","par2"
"cv",20,1,95.4271168293928,4.74652304452179,-0.496344555121315
"cv",20,2,95.4329880917386,4.70984206969399,-0.388164402345241
"cv",20,3,98.6167829111977,4.51302067444813,-0.990191887158156
"cv",20,4,96.3220536936804,4.90733204720241,0.0750833218327263
"cv",40,1,191.923674035544,4.69394797266426,1.40988122233332
"cv",40,2,192.480581868022,4.97023098092325,0.498820396253149
"cv",40,3,194.022830227448,4.83350605504619,0.0968678269525671
"cv",40,4,192.643897669197,4.97052250423147,0.312429831487232
