"","","","","par1","par2"
"cv",20,1,94.2537048724555,-0.980207649303022,-4.99999979206606
"cv",20,2,94.5259784439619,-1.13887335594918,-4.9999999924628
"cv",20,3,94.2536859204327,-1.11821381897296,-4.99999992136086
"cv",20,4,94.2536857014949,-1.12044339454033,-4.99999998690224
"cv",40,1,187.266412304251,-0.979227614653218,-0.65113570600812
"cv",40,2,187.74221050559,-3.0585843660634,-0.629924593983552
"cv",40,3,188.040249978997,-1.10157278901986,-0.794662325008657
"cv",40,4,193.216882558649,-3.03843509804421,-0.979450817265001
