"","","","","par1","par2"
"cv",20,1,94.2536863659729,-1.20588444314939,-4.99999994401229
"cv",20,2,94.2536865648358,-1.19488590293248,-4.99999974614993
"cv",20,3,94.2536864177874,-1.2043630129868,-4.99999978971316
"cv",20,4,94.2621270802026,-1.15554411383031,-4.99999986820761
"cv",40,1,185.41464950426,-3.00783313686149,-0.95902063512996
"cv",40,2,198.740904457824,-1.15162857223411,-4.999999933864
"cv",40,3,185.28586505051,-3.06488476960726,-0.947507114442398
"cv",40,4,185.685328140512,-3.06757343999046,-0.93425315126319
