"","","","","par1","par2"
"cv",20,1,94.3472142964846,-1.17593480228658,-4.99999988038006
"cv",20,2,94.2536861530414,-1.16908067663434,-4.99999966561318
"cv",20,3,94.2722535395248,-1.14881598925554,-4.99999993055038
"cv",20,4,94.2536874209029,-1.12782699519128,-4.99999998445943
"cv",40,1,184.985705529666,0.950700027535814,-4.99999998993696
"cv",40,2,184.814847106198,0.932049399908312,-4.99959976423246
"cv",40,3,191.649594645192,-4.99999845073159,-3.22320370540683
"cv",40,4,185.31779471245,0.972502252444116,-4.99999994681439
