"","","","","par1","par2"
"cv",20,1,97.706781336471,2.12740569902196,-4.99999999944839
"cv",20,2,95.915810925624,4.99999994558872,4.99999971746787
"cv",20,3,95.9158109125419,4.99999997272846,4.99999998065233
"cv",20,4,95.915810802502,4.99999996842929,4.99999985900327
"cv",40,1,191.831622422999,4.99999999653704,4.99999999409057
"cv",40,2,191.831622000743,4.99999999906297,4.99999999375625
"cv",40,3,191.831623044396,4.99999999726857,4.99999999002277
"cv",40,4,191.831624091833,4.99999999607759,4.99999997976595
