"","","","","par1","par2"
"cv",20,1,94.585572832799,-2.99159769551925,-0.565736567816402
"cv",20,2,94.5738723240104,-2.99286462734441,-0.568239346714574
"cv",20,3,101.141637653626,-1.04516253718232,-4.99999955214952
"cv",20,4,94.5559616061711,-2.70082132306108,-0.572388549087117
"cv",40,1,184.717548641817,-1.11261194301682,-4.9999997984519
"cv",40,2,184.540612828865,-1.14171637591195,-4.99999942613153
"cv",40,3,184.540613105295,-1.14419473954708,-4.99999958236306
"cv",40,4,184.540612817802,-1.15195808933549,-4.99999998794799
