"","","","","par1","par2"
"cv",20,1,93.3610657462896,0.833226420285009,-1.04901117514577
"cv",20,2,95.4338277367816,0.75289755154401,-0.662046974982409
"cv",20,3,96.9731190118213,-0.226919036086041,-0.719149954369432
"cv",20,4,98.6039302425945,1.50316792171919,-1.07164432339663
"cv",40,1,190.990656548461,-0.300862189780077,-1.26226432186978
"cv",40,2,191.197025171038,0.68157706476232,-1.13654734504291
"cv",40,3,186.644549558427,-1.11170109604573,-0.848378182636875
"cv",40,4,191.537622212151,-1.51264794301233,-1.27502743093086
