"","","","","par1","par2"
"cv",20,1,96.3283639648362,3.38773344627173,0.107218221016228
"cv",20,2,98.4954641006601,4.8901520374105,-0.769769023182407
"cv",20,3,95.8970162318729,3.92086998760062,-0.420686500650389
"cv",20,4,99.6461933752574,2.83892815708433,-1.01591844501092
"cv",40,1,192.067272508656,4.65320497640729,-0.147151577285234
"cv",40,2,192.677671026209,4.44373093312606,-0.724681173565746
"cv",40,3,192.839772721763,4.86425149156511,0.469295029872827
"cv",40,4,193.703303841529,4.25613201786975,-0.446953567653454
