"","","","","par1","par2"
"cv",20,1,102.386691721634,-1.21187024747147,-0.844189161299435
"cv",20,2,96.3988483871452,4.19252120656893,-0.709418260087674
"cv",20,3,94.9805110508724,3.8525949642798,-1.0984556601786
"cv",20,4,97.6987194406418,4.64381212135777,-0.711429767339543
"cv",40,1,201.65498712981,-1.40456687268409,-1.29054221096405
"cv",40,2,188.144337045056,-1.03434488409871,-0.814713700557713
"cv",40,3,189.038863926688,-3.97401691528585,-0.630005283730661
"cv",40,4,187.531822713738,-0.24191707366949,-1.52194293332471
