"","","","","par1","par2"
"cv",20,1,95.2209058383223,-1.23712244540703,0.374667602996946
"cv",20,2,95.4393339809546,1.40723519027812,-3.47190721385992
"cv",20,3,115.025029597915,-1.06705600839351,-4.99999986914378
"cv",20,4,95.2040168342408,-1.28186686489127,0.413375699062723
"cv",40,1,194.339355390543,1.49538738935466,-4.99999999289815
"cv",40,2,188.631965321229,-0.574015962397347,-0.62084567835389
"cv",40,3,188.773649204338,-4.99999999526608,-0.172560201836966
"cv",40,4,191.560407825047,-1.04282473715749,-0.607962898618148
