"","","","","par1","par2"
"cv",20,1,95.1423470073515,-0.918976128104073,-0.665476146824683
"cv",20,2,96.1184083274924,0.0547280311584473,-0.602451743891913
"cv",20,3,98.5921104100922,-1.1941493802779,-0.946419317392056
"cv",20,4,96.7346757651557,-0.117158883952246,-0.589234597076308
"cv",40,1,191.342332983676,-2.17531072139694,-0.737087379676113
"cv",40,2,192.316337739001,-3.67289160192404,-0.945656067286291
"cv",40,3,188.298113217781,0.0694040853812696,-1.50214283599284
"cv",40,4,188.87490880421,-2.12505972360923,-0.818212767716425
