"","","","","par1","par2"
"cv",20,1,97.0757306250238,1.01707623855247,-1.14675359336623
"cv",20,2,96.3985346250513,1.36478584365628,-1.06095442926531
"cv",20,3,95.0224391707321,-0.886443934628222,-0.447726347812509
"cv",20,4,99.7470157166628,-1.90157551543861,-1.10316970755223
"cv",40,1,189.762848479986,-3.01057069833681,-0.82305143615956
"cv",40,2,186.551949509503,-0.25804597089217,-0.741327800887141
"cv",40,3,188.397413473648,-2.5969849989219,-0.805709371640056
"cv",40,4,189.137141455317,-1.54682718338092,-0.742103684982944
