"","","","","par1","par2"
"cv",20,1,94.2536859842214,-1.19406326259347,-4.99999995640906
"cv",20,2,94.2536864147331,-1.19568140269226,-4.99999998998945
"cv",20,3,94.2536862231556,-1.19495325284333,-4.99999992719813
"cv",20,4,94.2542725999109,-0.805436584208789,-4.9999997481881
"cv",40,1,184.540613302174,-1.16749436300248,-4.99999992135907
"cv",40,2,184.540613363588,-1.16696549911948,-4.99999993865194
"cv",40,3,184.540616102713,-1.12060071274081,-4.9999998753245
"cv",40,4,184.540613638817,-1.14946133214171,-4.99999999298724
