"","","","","par1","par2"
"cv",20,1,94.2605609319109,-4.99999999992128,-4.99999999754586
"cv",20,2,94.3280776144135,-4.9999999994349,-4.99999999779398
"cv",20,3,94.212826424073,-4.99999999930896,-4.99999999941604
"cv",20,4,94.3820574360406,-4.99999999915382,-4.99999999807472
"cv",40,1,187.800653076283,-3.01036204604801,-0.569117437866682
"cv",40,2,188.037248848315,-3.01801945398894,-0.614626849237918
"cv",40,3,192.146048286009,1.41622956138737,-4.99999984527637
"cv",40,4,188.518447841384,1.70037262457988,-4.99979406635705
