"","","","","par1","par2"
"cv",20,1,108.026584368129,-4.99999999959808,-4.99999999932054
"cv",20,2,95.0694726543181,-4.99990109171397,0.128957943465302
"cv",20,3,95.0270440726418,-4.99999999921484,0.160063644029853
"cv",20,4,95.3262875386062,1.85626105177806,-4.99999999819111
"cv",40,1,185.202993862129,-2.32703489057993,-1.00226938462312
"cv",40,2,188.05837659644,-2.98611077206308,-1.24770428702033
"cv",40,3,188.34643337656,-2.98624464404047,-1.24799832120508
"cv",40,4,185.182230737846,-3.00920508066205,-1.00314452092801
