"","","","","par1","par2"
"cv",20,1,94.2607409815432,-4.99999999869035,-4.99999999703504
"cv",20,2,94.2615476309997,-4.99999999940784,-4.99999999436915
"cv",20,3,94.2608288946551,-4.99999999640071,-4.99999999519215
"cv",20,4,94.2536639638747,-1.17441260215952,-4.9999999648243
"cv",40,1,187.164545194361,-0.760573867638581,-0.663067677854751
"cv",40,2,192.623484631917,1.29692161048019,-4.99999963467298
"cv",40,3,194.910171977522,-3.02646507279322,-0.793262701978059
"cv",40,4,188.111883327774,-0.907527201792975,-0.68328701107255
