"","","","","par1","par2"
"cv",20,1,93.6423503694417,-3.83756397618491,-0.436917498691543
"cv",20,2,99.7424709163497,-3.37679583196278,-1.11698500911323
"cv",20,3,100.447504181344,-3.1470681182225,-1.57899091870297
"cv",20,4,92.9723872218288,0.40529944274414,-0.949863943538657
"cv",40,1,191.636930751813,-2.01416901480407,-0.914262293604715
"cv",40,2,188.500662608087,0.146573365329379,-1.27245484077018
"cv",40,3,191.426141348602,0.256170521024615,-1.14984972057864
"cv",40,4,190.498448461844,-0.0137687720338743,-1.23545158061178
