"","","","","par1","par2"
"cv",20,1,94.781244802529,-4.53953297824725,-1.10427607153244
"cv",20,2,92.8991591053943,1.30773224943627,-0.926661385106681
"cv",20,3,99.1296771832944,1.27071687691651,-1.49013092907169
"cv",20,4,96.1539111802738,-1.25771998548209,-1.10590407114204
"cv",40,1,195.295354134292,-4.92993506161483,-1.23562785760007
"cv",40,2,189.750784830465,-1.37068133890328,-0.926354764843294
"cv",40,3,191.158964043235,-0.955896286791605,-1.25974990935787
"cv",40,4,192.735458571293,-4.2715426013667,-1.37281379555622
