"","","","","par1","par2"
"cv",20,1,94.3307398211355,-4.99999999957509,-4.99999999693538
"cv",20,2,94.2606624840043,-4.9999999996344,-4.99999999943953
"cv",20,3,94.5263763264786,-1.07461086637665,-4.99999870689723
"cv",20,4,94.2613332587911,-4.99999999950773,-4.99999999828447
"cv",40,1,184.540674612439,-0.697248017724215,-4.99999988759784
"cv",40,2,184.54061083408,-0.972774124231394,-4.99999969548875
"cv",40,3,184.540610471976,-0.971475430309529,-4.99999977311951
"cv",40,4,184.540610163214,-0.970336355391149,-4.99999969935543
