"","","","","par1","par2"
"cv",20,1,95.8353234498295,-0.535568990577334,-0.868164071657622
"cv",20,2,98.5724605646748,-2.60299325154945,-0.898608640373108
"cv",20,3,94.0849411793856,0.184649220956911,-0.730091177353166
"cv",20,4,98.0730513641575,-2.39178126316171,-1.16085835682818
"cv",40,1,193.01323175882,-3.09012628230107,-1.19595393510535
"cv",40,2,188.774033648179,-0.0893839140998778,-0.851183262247003
"cv",40,3,188.189120896552,0.58974413145594,-0.970428522449748
"cv",40,4,189.747486660524,-3.50593720817433,-0.852972737020032
