"","","","","par1","par2"
"cv",20,1,95.5376688803035,4.98607678818439,-0.666037343289065
"cv",20,2,97.353006616039,4.40875196643174,-0.347141302680211
"cv",20,3,96.5111596015028,4.91406876721397,-0.859658080037396
"cv",20,4,98.7045839360053,4.73595668796996,-0.93391160153752
"cv",40,1,193.548657073117,4.8584124675209,-0.401467411438899
"cv",40,2,192.589605098301,4.96397773816291,0.39252578179122
"cv",40,3,193.447358433734,4.84163186112188,0.00901179231708127
"cv",40,4,193.083596978501,4.85322636790716,-0.433044372464845
