"","","","","par1","par2"
"cv",20,1,98.1009799594288,-0.844764167905449,-1.16111559978549
"cv",20,2,103.480099002402,-1.544245944775,-1.58402480610819
"cv",20,3,98.2995295238298,-2.23525826066889,-1.22780959481564
"cv",20,4,97.2572593245312,-0.214615866265773,-1.22366451888335
"cv",40,1,190.593140048135,-0.71988601217102,-0.72428233189387
"cv",40,2,187.083472167385,-0.836480242330848,-0.769858070091458
"cv",40,3,186.18060543166,-1.75785835800841,-1.11999069881071
"cv",40,4,191.370110264585,-4.8936891273011,-1.07708196985332
