"","","","","par1","par2"
"cv",20,1,94.6315796480817,1.29017403801432,-4.99999996174105
"cv",20,2,94.5230340885389,1.2807994779476,-4.99997860620331
"cv",20,3,101.14163860748,-1.1309315468935,-4.99999981642783
"cv",20,4,94.6589451921774,1.29409405383938,-4.9999992649076
"cv",40,1,184.892315290578,-2.62406104847321,-1.23379336816621
"cv",40,2,184.98899832203,-2.92083770234449,-1.21838813535742
"cv",40,3,184.80571310748,-2.92225222459209,-1.24948491305273
"cv",40,4,191.646817365614,-1.04302299132338,-4.99999981999621
