"","","","","par1","par2"
"cv",20,1,97.6427634532207,4.61862802370708,-0.610666450641309
"cv",20,2,96.2770375246336,4.90665652745893,-0.387245331349378
"cv",20,3,97.3664234369126,4.77474171364416,-0.301689936162408
"cv",20,4,97.3649522109287,4.70294453517043,-0.54977132268374
"cv",40,1,194.255580729789,4.73801972773962,-0.362162602878344
"cv",40,2,194.092662697757,4.92509509794745,-0.238115815550616
"cv",40,3,190.171411075972,4.87032703529579,0.162023120067423
"cv",40,4,193.104053975029,4.82703340483863,-0.151676416783577
