"","","","","par1","par2"
"cv",20,1,95.3858555271626,2.07229222516468,-4.30233775241201
"cv",20,2,95.3743725207798,2.43155464049264,-4.99996666041493
"cv",20,3,95.4952907691953,2.3160481224916,-4.99999999865499
"cv",20,4,114.888368803477,-1.13104880105359,-4.9999999584865
"cv",40,1,186.45975191609,-2.72117623041674,-0.433850582017475
"cv",40,2,193.175007778994,-2.92697210966571,-0.945070340067698
"cv",40,3,190.037356828887,-2.93989989647943,-0.772248401541088
"cv",40,4,186.543110351956,-2.95984754956449,-0.431728709889087
