"","","","","par1","par2"
"cv",20,1,95.9158107850566,4.99999991858649,4.99999998994556
"cv",20,2,95.9158108726228,4.99999996987502,4.99999990509158
"cv",20,3,97.2745923164418,2.42939092431691,-4.99999997722063
"cv",20,4,95.9158109563065,4.99999999596866,4.99999998732027
"cv",40,1,191.831621460716,4.99999999909924,4.99999999230815
"cv",40,2,191.831621414977,4.99999998466224,4.99999998582176
"cv",40,3,191.831622428727,4.99999999910137,4.99999999934914
"cv",40,4,194.905738186185,3.06426651625459,-4.99999999248386
