"","","","","par1","par2"
"cv",20,1,96.85247945543,-0.279981082219975,-0.958977682792349
"cv",20,2,97.5533232054678,-3.0887953800987,-1.3278924745877
"cv",20,3,95.5419107272461,-1.96582866378382,-0.924873164532095
"cv",20,4,96.1225627539969,-1.16544234474077,-0.859320379576862
"cv",40,1,191.338131403749,-3.45402781697893,-0.834546701973163
"cv",40,2,191.249134035783,-3.32039566602736,-0.934475505583534
"cv",40,3,188.005188739918,0.0458109299961392,-1.17351948264312
"cv",40,4,182.915154164351,-3.849137520642,-1.26366064474874
