"","","","","par1","par2"
"cv",20,1,100.299502765223,-2.13186437289819,-1.20317657954203
"cv",20,2,94.9852735254115,-2.08409650812432,-0.681130269055414
"cv",20,3,96.2311421437417,0.424769474193454,-0.389800136507176
"cv",20,4,96.5720707351216,-3.02549478421401,-0.753421309182901
"cv",40,1,193.579979015499,-0.565790999680758,-1.22117781642721
"cv",40,2,187.445135195421,-0.471293991023438,-1.27605478081996
"cv",40,3,191.465444814602,0.979054254634178,-0.880406172993695
"cv",40,4,192.43986294018,-4.54250361215851,-1.23127837478808
