"","","","","par1","par2"
"cv",20,1,94.7259037795895,1.60839846608243,-4.99999999999752
"cv",20,2,94.8589295093725,1.61087660074426,-4.99999999558782
"cv",20,3,94.6617473714353,1.59921414937232,-4.99999999966341
"cv",20,4,115.034042369503,-1.10077589768,-4.99999981777296
"cv",40,1,192.023402415708,0.826875423587553,-4.99999999862331
"cv",40,2,185.551060474812,-1.06977961042019,-1.17347695621548
"cv",40,3,185.030424064052,-1.14542294018389,-1.14850587156129
"cv",40,4,188.375988615319,-3.05723804358366,-1.22119533130049
