"","","","","par1","par2","par3"
"cv",20,1,96.4220883943737,-4.99999670916884,-4.99999996898215,-0.690830867651776
"cv",20,2,98.0567430242294,-4.99992385150297,-4.65118091663366,-0.949428333571945
"cv",20,3,97.5718039578702,-4.99991001549888,-4.99999982715417,-0.878691420955189
"cv",20,4,135.31395255377,-1.74387435461802,-0.266811733816864,-3.97642310091765
"cv",40,1,188.918458110287,2.7509548947923,-2.19059823024429,-4.97970803724088
"cv",40,2,187.654037025281,1.15905947403393,3.09878015177273,-2.29143570323801
"cv",40,3,185.288598512129,2.6285237661648,-1.31827557471818,-4.42054006088313
"cv",40,4,187.550258479456,1.70796066808038,3.05292743695757,-3.32526355562375
