"","","","","par1","par2","par3"
"cv",20,1,95.2569592910086,0.822890216597913,3.63431183059481,-2.59795840518129
"cv",20,2,95.7883963613902,1.03781626126196,3.40407423786093,-2.50770163241644
"cv",20,3,97.9697256895745,0.338026463030306,4.05258021410716,-2.19842729620526
"cv",20,4,95.3054928842378,0.609902657310586,3.86823354647879,-2.54871323270279
"cv",40,1,195.794116166267,1.9865261653033,3.06086045318909,-3.73563923925381
"cv",40,2,190.282941886908,-4.99999957155481,-1.39802870651399,0.108604418460915
"cv",40,3,190.737888406758,-4.99998627022274,-2.46388310954777,-0.190452129829452
"cv",40,4,191.247082897936,0.168374742839172,-2.16932843577534,-0.457494439823899
