"","","","","par1","par2","par3"
"cv",20,1,94.7883930045479,1.86366825231511,3.07053198330597,-3.25292829729932
"cv",20,2,94.755197810734,0.599263713739342,3.75410295080043,-1.94163887741421
"cv",20,3,94.7774627063149,1.01005776011894,3.41777945906466,-2.49054647086353
"cv",20,4,107.85877002553,-3.15312868833791,-0.526856205138148,-4.00410927145271
"cv",40,1,184.139263695584,-1.6328074098799,-1.15109584989702,-3.87740658460595
"cv",40,2,184.139263695584,-1.18537936343719,-1.14760529691536,-4.43213489215295
"cv",40,3,184.139263695584,-1.1113237654761,-0.157365552149713,-4.30582376311387
"cv",40,4,184.139263695584,-1.23828822097477,-0.547194927710664,-3.70098705382629
