"","","","","par1","par2","par3"
"cv",20,1,94.0730124257147,-3.99978447968777,-0.102093550676245,-4.05690055567525
"cv",20,2,94.0730124257147,-0.656221480879364,-0.1194968447096,-3.81046660555373
"cv",20,3,94.0730124257147,0.463533551183433,-0.636084639436807,-4.44891275900124
"cv",20,4,94.0730124257147,-0.160652747372038,-0.511734554460966,-4.50379720580376
"cv",40,1,187.630071377779,1.31573408758577,2.97163061544395,-2.25422676248789
"cv",40,2,198.456942166886,1.46763302059923,-2.24543667379247,-4.16588393060886
"cv",40,3,185.247263501091,2.92119332981183,2.97903164545608,-4.96993615078846
"cv",40,4,185.208529425073,-4.99999775904943,2.99573860722612,-0.739970565385537
