"","","","","par1","par2","par3"
"cv",20,1,94.0730124257147,-0.480268493115738,1.91961214401228,-4.77357884644283
"cv",20,2,94.0730124257147,-4.59884841227904,-0.314748281270372,-4.6124096880784
"cv",20,3,94.0730124257147,0.00832492613356639,3.59944112598896,-4.75497587452538
"cv",20,4,94.0730124257147,-2.3024492427479,-0.739798139859103,-3.61955292714219
"cv",40,1,184.139263695584,0.431673660318875,2.89683970873776,-4.1558626519285
"cv",40,2,184.139263695584,-4.94405594278914,1.84057364820112,-4.61158506252671
"cv",40,3,184.139263695584,-1.0235543878345,3.58534443203269,-3.6622564752692
"cv",40,4,184.139263695584,-0.168320280499756,3.62483200672393,-3.86050841389878
