"","","","","par1","par2","par3"
"cv",20,1,96.1033303684742,1.14303070717799,-3.45724346742731,-0.913476173970962
"cv",20,2,97.2429434459894,0.851996829494444,-2.90796249907944,-1.19923747009343
"cv",20,3,95.545618055682,1.59984114704586,-3.9129637713811,-0.38170023702971
"cv",20,4,95.5903473909426,1.13899997056407,-3.09897641913751,-0.626367333790353
"cv",40,1,192.208150266631,0.799189067959592,-3.49546511884695,0.485599399694678
"cv",40,2,191.628307472046,-4.99999984833068,2.99573303633826,2.80686563256649
"cv",40,3,191.83162182387,1.26339164804762,3.78355894409125,-4.99744678513934
"cv",40,4,216.347763208896,1.5893842505714,3.14004675842937,-3.29127494743847
