"","","","","par1","par2","par3"
"cv",20,1,94.0730124257147,-2.29779954507045,1.74713423369377,-3.64898279660779
"cv",20,2,94.0730124257147,-4.17427087572461,0.651406863281628,-3.71012335669742
"cv",20,3,94.0730124257147,-2.5932973584113,4.15756761336551,-4.7506816578096
"cv",20,4,94.0730124257147,-0.521728491297155,0.890688088261958,-3.61119662227138
"cv",40,1,184.139263695584,-2.9739834629422,0.630153041919114,-4.4169919842272
"cv",40,2,184.139263695584,-1.73054922837764,-0.369611192551734,-4.4613945534101
"cv",40,3,184.139263695584,-3.05784270362318,4.03134458232671,-3.61312177712252
"cv",40,4,184.139263695584,-1.88502673526099,3.96426839284658,-4.37469851232872
