"","","","","par1","par2","par3"
"cv",20,1,94.3658618632767,2.89603225368594,-1.9417540468466,-4.96895227341304
"cv",20,2,94.6459363565356,0.150362427291598,-2.50746641646443,-1.2327869326389
"cv",20,3,100.970817373844,-3.29601675274262,2.66836379353775,-4.77724878464932
"cv",20,4,94.3870358128593,2.82278931209275,-1.93058623209136,-4.8103560353297
"cv",40,1,184.139263695584,-0.895326656356414,1.63259290935194,-4.4645484259631
"cv",40,2,184.139263695584,-3.02507989081138,3.5902454238385,-3.93463685445741
"cv",40,3,184.139263695584,-3.42478571394507,-0.553569291927718,-4.6952198577226
"cv",40,4,184.139263695584,-0.962823911784538,3.252699661742,-4.19067579624829
