"","","","","par1","par2","par3"
"cv",20,1,94.0730124257147,-1.15830038878127,3.68200709764781,-4.66335890405964
"cv",20,2,94.0730124257147,-2.84952117316029,1.43880037065046,-4.95655629704608
"cv",20,3,94.0730124257147,-2.61965248896664,0.0820278595226095,-4.92729074812081
"cv",20,4,94.0730124257147,-0.892699565601809,2.86278516084197,-3.81767968734638
"cv",40,1,184.139263695584,-2.21356566766308,-1.04746163393647,-4.53513429742907
"cv",40,2,184.139263695584,0.969273371658831,2.66763471066571,-4.88677297559673
"cv",40,3,184.139263695584,-1.12382520953078,1.76358598368172,-3.92397732849662
"cv",40,4,184.139263695584,-4.65571350435351,-1.00120053888432,-3.85678800380255
