"","","","","par1","par2","par3"
"cv",20,1,96.8241349924689,-4.99348908375196,-4.99999995059439,-0.683413965695065
"cv",20,2,99.2351372375992,1.04352396276318,-3.22516613315562,-0.965445246863262
"cv",20,3,95.3116670070581,2.04220901043817,-4.99725040329233,-1.03154127292342
"cv",20,4,96.4684491894812,-4.99005223903574,-4.99999998900156,-0.689534620854471
"cv",40,1,191.593226012278,-4.99947708068808,-4.99999998781756,0.696923614869809
"cv",40,2,192.250487557252,-4.86325477922599,-4.9999443802702,0.0844937944561125
"cv",40,3,204.417277453488,0.0866324041652768,4.71520502504369,-4.92058701841052
"cv",40,4,194.318174269136,-4.99999928008481,-3.94376677378379,-0.165967010828682
