"","","","","par1","par2","par3"
"cv",20,1,96.2217104373076,-4.99998327383198,2.99573962768457,-0.556404766925994
"cv",20,2,94.778892699163,1.12243813860642,3.25502377352922,-1.87972179789636
"cv",20,3,99.843427355198,2.80620141331491,-2.5618342587404,-4.99845703139817
"cv",20,4,94.7677082665874,1.264622821378,3.22263654122985,-2.28740614962447
"cv",40,1,184.139263695584,-0.514140178920723,1.75200813641591,-3.95762343664885
"cv",40,2,184.139263695584,-4.22067011249939,-1.00198545831153,-4.62490331494162
"cv",40,3,184.139263695584,-4.26059330640799,1.41963334550515,-3.86738463061973
"cv",40,4,184.139263695584,-4.61314233994524,4.93441925717091,-4.80289793427691
