"","","","","par1","par2","par3"
"cv",20,1,95.7922926730005,0.978825809344088,3.44764208803842,-2.55612428537592
"cv",20,2,96.2928601620482,-4.99999575770242,-2.32278779909191,-0.428030230122262
"cv",20,3,95.2066134070925,1.82867115186957,3.09894012074498,-3.34871943402609
"cv",20,4,96.6138062899058,3.13561288318926,-2.24547391396681,-4.99996402553004
"cv",40,1,188.081041304865,-4.99999921298161,2.99573421386608,-0.126101043824107
"cv",40,2,198.395553001552,2.95318061917019,2.9875522534685,-4.8663788082953
"cv",40,3,189.554815134985,-4.99999852854106,2.99573320280901,-0.285867578581968
"cv",40,4,188.208586379331,-4.99999997646203,2.99573266006346,-0.136234032347388
