"","","","","par1","par2","par3"
"cv",20,1,142.154049184278,-2.19682935119926,-0.625796754860603,-3.7255668277964
"cv",20,2,96.2414435845867,3.43937370020537,-3.94035240538689,-4.99939383754873
"cv",20,3,101.045430268485,2.27703237735906,-3.80459731853776,-3.36765769627439
"cv",20,4,95.1430637114836,3.70970165917515,-4.23682502219728,-4.99844904569038
"cv",40,1,213.06483515098,1.08324763821534,-2.31188774347587,-4.13120141516247
"cv",40,2,185.191318673022,-4.99999068731564,-2.41843950221277,-1.63567426168171
"cv",40,3,186.507990827211,-4.99998484985531,-2.49025902926725,-1.80479109035251
"cv",40,4,186.868471761161,-4.99999972764816,-2.49351872321111,-1.75885615538125
