"","","","","par1","par2","par3"
"cv",20,1,94.0730124257147,-3.9128967354197,2.71960898533691,-4.66737092434963
"cv",20,2,94.0730124257147,-3.51588950575729,4.69168939860538,-4.69012696787425
"cv",20,3,94.0730124257147,-2.95621336493423,3.05474032156421,-3.68839449402527
"cv",20,4,94.0730124257147,-4.95840087532997,1.02346077008715,-4.40740861872163
"cv",40,1,184.139263695584,-2.85882078663382,-0.617849946919562,-4.49495138681692
"cv",40,2,184.139263695584,-0.279424353786184,1.65407561063122,-3.8211165546652
"cv",40,3,184.139263695584,-4.99252612702549,1.26373427612847,-4.23282851395257
"cv",40,4,184.139263695584,-3.18781333577666,1.0857847178731,-4.40764159984167
