"","","","","par1","par2","par3"
"cv",20,1,94.0730124257147,-3.34642861764036,2.6273981939365,-3.5051634730527
"cv",20,2,94.0730124257147,-2.68747304691343,1.39505571932642,-4.81701986073717
"cv",20,3,94.0730124257147,-1.16825102817212,2.00659687475127,-4.59998587427252
"cv",20,4,94.0730124257147,-1.26150180826787,0.957264535152901,-4.2612243685984
"cv",40,1,185.481101941118,-1.00545240653926,-0.984774809591835,-0.728372259433476
"cv",40,2,212.540139746889,-1.30924690767139,-0.363916849154205,-3.68495746400114
"cv",40,3,186.051213140509,-0.601478700351563,-1.79259991277908,-0.890416596465816
"cv",40,4,185.586200321299,-0.834888122746432,-1.32593837790501,-0.780910504648012
