"","","","","par1","par2","par3"
"cv",20,1,96.0145559106632,1.01040504551125,-3.04583489146111,-2.15478017498099
"cv",20,2,96.1314902964105,2.87525162997116,-2.42969464149394,-4.99811600008251
"cv",20,3,95.6059610030319,0.580425549417813,-2.82158179111895,-1.64997676735015
"cv",20,4,94.687898734713,0.79342563150264,-3.01395969160577,-1.51070027231647
"cv",40,1,186.293705670467,-0.693434282838623,0.278253221293936,-0.388664332113069
"cv",40,2,186.407152602275,-0.273117937156391,-0.840027737961757,-0.495779574510951
"cv",40,3,196.345695690572,2.70261272046659,-1.88862191737044,-4.92416642479817
"cv",40,4,191.831335416641,-2.55828910242539,2.9966319178684,-0.754648586714586
