"","","","","par1","par2","par3"
"cv",20,1,102.390080751153,-4.9999996898074,-3.24156036369744,-1.47234954279779
"cv",20,2,95.7418223739938,-0.212516240731546,-2.38603648284117,0.277715641099529
"cv",20,3,96.3721396990381,0.0765299141487182,-4.0650816377126,-0.722313080620337
"cv",20,4,95.3214392942252,3.74719513752054,-3.50241622998216,-4.99841890870166
"cv",40,1,184.829368260182,-0.407720095740838,4.49349521193653,-1.38234153039095
"cv",40,2,187.758144712061,2.43706923252794,1.59562324654835,-4.47795721981295
"cv",40,3,188.054778038001,-4.99997566184831,2.99574278324477,-1.18310218856743
"cv",40,4,184.843136654039,2.74160430189958,2.98217187704664,-4.81709396949528
