"","","","","par1","par2","par3"
"cv",20,1,94.2862085587398,-4.99989484839672,-2.60462534566788,-2.08711841958403
"cv",20,2,94.2306117751844,-4.99999112151726,-2.59111761230808,-2.15421306615484
"cv",20,3,93.934094613995,-0.0900349532463193,-2.61756180941568,-2.04517569255424
"cv",20,4,96.8512123169924,-4.99951466984563,-2.44059120304307,-2.83524378237884
"cv",40,1,187.156035585191,2.98746660949192,-0.863556275578084,-4.99349343689462
"cv",40,2,187.644858099408,2.94867310136746,-1.65150574119706,-4.99653285991467
"cv",40,3,190.063339303611,2.84026636578654,-1.84823442342333,-4.99866450887919
"cv",40,4,187.418371689745,2.97423916126283,-1.50947997455304,-4.99294971390714
