"","","","","par1","par2","par3"
"cv",20,1,94.0730124257147,-1.89846090169496,1.67929281878051,-4.45197885576577
"cv",20,2,94.0730124257147,-1.60611589082741,-0.667684902438132,-4.99536494095269
"cv",20,3,94.0730124257147,-3.31517199831635,0.514109384477399,-4.15084329500513
"cv",20,4,94.0730124257147,0.285098434607846,0.0867734926611365,-4.79663182698793
"cv",40,1,184.139263695584,-0.452009725206433,4.17134460062346,-4.73650756443937
"cv",40,2,184.139263695584,0.325779115121071,2.15759463551007,-4.5764118951938
"cv",40,3,184.139263695584,-1.30758002840451,3.24075755751095,-4.81496366025747
"cv",40,4,184.139263695584,-0.110447575331519,4.05922763618474,-4.51189289993907
