"","","","","par1","par2","par3"
"cv",20,1,94.0730124257147,-4.55177777131147,-2.28377556041468,-4.99999813824346
"cv",20,2,94.0730131056049,-4.85061646382509,-2.28378270380377,-4.99999918685937
"cv",20,3,99.5611302095616,-4.97698369486487,-2.29990602836453,-4.99999903466248
"cv",20,4,100.970817373844,-2.20178127844505,4.08790543938853,-3.86947951771577
"cv",40,1,186.850114688682,3.19172886594774,-1.41802500430637,-4.98772448068384
"cv",40,2,190.416717548615,2.88774152036835,-2.24493061910147,-4.99415945425894
"cv",40,3,196.263581487214,1.6995469340785,2.54491960043759,-2.67778913110131
"cv",40,4,188.332306588065,3.04710108769316,-2.06069126639512,-4.99393619622312
