"","","","","par1","par2","par3"
"cv",20,1,65.227331388822,-0.256153137835536,-4.99999999124357,-1.81042353780762
"cv",20,2,103.013998323409,0.426490641852156,-4.99999988077236,-2.06268001601795
"cv",20,3,54.2059306979307,-0.617937508331295,-4.99999999746991,-1.75770879266599
"cv",20,4,97.0114148890751,3.58739440971512,-4.99997984043831,-4.99950749943391
"cv",40,1,140.49690664391,0.385215616155874,-4.9999999700881,-1.89325621711673
"cv",40,2,128.416856377751,0.651991664431883,-4.99999723665731,-1.86188384611593
"cv",40,3,217.949683670235,1.16674499229296,-4.99999996840966,-2.31339582622245
"cv",40,4,110.65334495801,0.543994055236152,-4.99999954814392,-1.9079960603961
