"","","","","par1","par2","par3"
"cv",20,1,93.4776728408002,-4.99990493215965,-4.99999998230986,-0.948410887394001
"cv",20,2,90.7728356873842,-4.99992950912293,-4.99999998252434,-0.919826088188317
"cv",20,3,93.4506887063004,-4.99997727052371,-4.99999998392636,-0.954355655265803
"cv",20,4,96.4516890948755,-4.99997076390985,-4.99999922510908,-1.14780206016091
"cv",40,1,192.22920383415,-4.99997881513532,-4.99999999583254,-0.224256157421259
"cv",40,2,190.836373900105,1.51028169561674,-3.8188113713984,-0.642238094717228
"cv",40,3,203.844293945186,0.456127532493765,4.09858822134419,-4.6460524308516
"cv",40,4,192.102003591741,-4.99998614682261,-4.99999953265842,-0.215616741295821
