"","","","","par1","par2","par3"
"cv",20,1,94.0730124257147,-2.77316664925985,2.17089592815413,-3.65876503761877
"cv",20,2,94.0730124257147,-2.34887616476044,4.95834275730638,-3.94278928721034
"cv",20,3,94.0730124257147,-2.08156905226651,3.74702944843683,-3.90146622671773
"cv",20,4,94.0730124257147,-4.60888073581001,-0.556147542416351,-4.74468373750644
"cv",40,1,184.139263695584,-3.55543661693117,1.80295753132363,-3.96468487605587
"cv",40,2,184.139263695584,0.200241597470306,0.214209848063144,-4.27790350511351
"cv",40,3,184.139263695584,-0.13133238237037,3.65850248567223,-3.94280678126961
"cv",40,4,184.139263695584,-2.84114778605927,0.362901726520643,-3.82379286773948
