"","","","","par1","par2"
"cv",20,1,68.7529837549468,-2.95851369879423,-1.68673039154045
"cv",20,2,57.9088644521344,-2.97009565407175,-1.63427124795562
"cv",20,3,69.961599780623,-2.92113564704858,-1.68505741258685
"cv",20,4,55.3870651136811,-2.97215567720041,-1.6251033621225
"cv",40,1,157.698262840113,-0.602844066485239,-1.67700132699803
"cv",40,2,130.971640919158,-0.630398715616499,-1.6292914142843
"cv",40,3,155.185799570795,-1.12179742740675,-1.68007021396261
"cv",40,4,102.480837602601,-0.62083236547779,-1.55365084584673
