"","","","","par1","par2"
"cv",20,1,74.8427086091637,0.0840867467014099,-2.00134113970274
"cv",20,2,71.4367785303325,-1.62651582321674,-1.93721275549701
"cv",20,3,85.8065382906327,-4.04894600663655,-2.10209300327732
"cv",20,4,60.0683611939555,1.49757994330256,-1.88494274085976
"cv",40,1,154.733013735196,-1.82851863292367,-2.15668472103614
"cv",40,2,140.439695442482,0.5167571730903,-1.98009021369916
"cv",40,3,125.007812022174,-2.86533391908762,-1.9113222757628
"cv",40,4,142.952202394936,-1.05406273730268,-2.20214187301855
