"","","","","par1","par2"
"cv",20,1,66.4689239081844,3.86806295274776,-1.86027281678281
"cv",20,2,73.2662706662078,2.16582369294581,-1.95464842584734
"cv",20,3,87.1673078597705,2.40061185775575,-1.98540921326092
"cv",20,4,76.954343743696,-2.65365102001209,-1.81580690709499
"cv",40,1,144.383652211516,0.167601772104742,-1.95119701953449
"cv",40,2,164.304888770164,-2.83168294238196,-2.04552818887041
"cv",40,3,137.572724970333,-1.80450690419837,-1.95984187632927
"cv",40,4,145.084256894058,-0.184697993044418,-2.01573650992819
