"","","","","par1","par2"
"cv",20,1,102.776444119597,4.47945755638625,-1.87934895042981
"cv",20,2,84.7794212228149,3.55913086561486,-1.83004075322122
"cv",20,3,70.8837526883716,2.73938344527732,-1.56404707941711
"cv",20,4,93.2079002994753,1.35428480590692,-1.83220570474746
"cv",40,1,202.682623779742,4.99135437571601,-1.86518095138205
"cv",40,2,177.508073382787,4.83589801231241,-1.89222029278341
"cv",40,3,162.962864684861,4.68593865641143,-1.65667306878315
"cv",40,4,222.764861111391,0.667135867189887,-1.78918857106912
