"","","","","par1","par2","par3"
"cv",20,1,69.5806599120671,-4.99994738354927,-3.6272935298598,-2.63476416776718
"cv",20,2,9.60671218886431,1.30520216113198,-3.71719067628872,-2.42598680925076
"cv",20,3,1.07892847175075,1.31031652303921,-3.72900570785445,-2.44330109634848
"cv",20,4,28.5000243846357,1.47640372214245,-3.91721082405237,-2.49053724990079
"cv",40,1,28.5682913386955,1.74369890459291,-3.93537504704702,-2.72193281128145
"cv",40,2,85.775516172817,2.48196549536915,-4.99944330208983,-3.3498897443192
"cv",40,3,20.805706922021,1.59735770064942,-3.70281692302362,-2.61313563372078
"cv",40,4,20.6958090097375,1.36228189201094,-3.5494502127411,-2.53945076998851
