"","","","","par1","par2"
"cv",20,1,68.4026325563542,-0.978424421768218,-1.79118403296113
"cv",20,2,50.7899772603622,-1.02630704864078,-1.70601797350021
"cv",20,3,45.8086799038411,-0.980778279906325,-1.69239086097784
"cv",20,4,74.1116236742685,-2.58879581566535,-1.79518862703369
"cv",40,1,96.2638218974462,-1.19978629217768,-1.7762753509247
"cv",40,2,123.1217823763,-0.981728442126775,-1.83570887872961
"cv",40,3,109.196072477967,-1.05833694077239,-1.80185929184599
"cv",40,4,122.06283943478,-2.95764258457869,-1.78227236787599
