"","","","","par1","par2","par3"
"cv",20,1,38.9266562716273,2.1660008792742,-3.5084822598332,-2.08411178781381
"cv",20,2,88.5679905681262,3.09445644245793,-4.99999998471871,-2.47076204045431
"cv",20,3,36.4036826887098,3.57756720992679,-4.99998905554354,-1.99217019592988
"cv",20,4,42.9560723422439,1.99146062253276,-3.87752302680321,-2.15149480585952
"cv",40,1,82.2937546625204,3.00392525432255,-4.99999998475387,-2.56594537611955
"cv",40,2,64.4807070306259,2.46359201303676,-4.48552003249117,-2.56121018616929
"cv",40,3,62.2693903122129,2.98129951065439,-4.99999943914751,-2.56130227864993
"cv",40,4,66.7085001987665,2.96273250630069,-4.99999994172013,-2.56163956473273
