"","","","","par1","par2","par3"
"cv",20,1,74.7019042580024,-4.99999885744945,2.99573505578961,-1.42068044583914
"cv",20,2,80.9654940882144,-4.99999803740828,2.99573581393976,-1.45718416915132
"cv",20,3,67.390616191922,-4.99999939465359,2.99573718868409,-1.36580325397099
"cv",20,4,84.2005451218741,-4.99999779159213,2.99573316514412,-1.47790953885744
"cv",40,1,153.616170840024,-4.99999635112431,2.99573352818438,-1.42270451336337
"cv",40,2,162.630273896036,-4.99999941283599,2.99573406533735,-1.45570336492339
"cv",40,3,156.529371737972,-4.99999928201153,2.99573242367295,-1.43329290422608
"cv",40,4,142.977001462832,-4.99999533269489,2.99573467492924,-1.38483422454157
