"","","","","par1","par2","par3"
"cv",20,1,88.8621032305028,-4.99999941631105,2.99573370492293,-1.43709570644017
"cv",20,2,70.4488504061824,-4.99999957222127,2.99573564845329,-1.2892441577691
"cv",20,3,77.3578360895531,-4.99999770105648,2.99573432998918,-1.35922317989796
"cv",20,4,82.5335556974313,-4.99999982591787,2.99573293318928,-1.39274075926981
"cv",40,1,132.202667734464,-4.99999971368806,-1.11010426394848,-1.45956291714396
"cv",40,2,154.462936367892,-4.99999983582581,-1.19609529779203,-1.52232196380847
"cv",40,3,141.197204966082,-4.99999970829024,-1.94657504553836,-1.48775895754884
"cv",40,4,158.884917069776,-4.99999948489476,-1.87966360790164,-1.54093324821727
