"","","","","par1","par2"
"cv",20,1,56.4682769588208,0.355404524091,-2.10131624889083
"cv",20,2,67.7888766315671,-2.23322899962529,-1.99747976530077
"cv",20,3,74.3572681313682,-2.19288612237906,-1.98836166782971
"cv",20,4,68.2300226437234,-3.04103955193481,-2.07964976068616
"cv",40,1,142.581640618126,-2.8889683978951,-2.09269674244808
"cv",40,2,104.997411341955,-3.27630344567033,-2.05236383467337
"cv",40,3,141.100388192322,-1.11449399456497,-2.09737566522225
"cv",40,4,153.464272059794,-4.28163139011234,-2.18470457491274
