"","","","","par1","par2","par3"
"cv",20,1,26.3173979768888,1.51272843480862,-3.53277870860866,-2.14645437552368
"cv",20,2,109.295355134021,2.55084998674128,-4.96071590153244,-2.7775011933738
"cv",20,3,34.1005151708113,1.50012623396875,-3.74558229798673,-2.20663823320655
"cv",20,4,46.3575822348497,1.52543112122561,-3.6958447331648,-2.21662200258029
"cv",40,1,25.3333860582144,2.12071528227099,-4.21554282686608,-2.79531817245489
"cv",40,2,88.4860859665466,2.22765678432832,-4.46306070054703,-3.01433719810278
"cv",40,3,71.1729022639387,1.80010224962263,-3.92531981175761,-2.69267967121713
"cv",40,4,18.4153446151016,2.27211334358519,-4.51325546046019,-2.92406622212404
