"","","","","par1","par2"
"cv",20,1,44.5443107085688,0.228318848641645,-1.71781091487702
"cv",20,2,57.5262927303978,-0.301132865817676,-1.78506949494896
"cv",20,3,57.5990583364422,-0.22783966008672,-1.80708732822074
"cv",20,4,75.0781498105154,0.0448917982473461,-1.85731683143332
"cv",40,1,119.341779749498,4.99999999999618,-1.92784630739831
"cv",40,2,119.725766843578,4.99999999999929,-1.93775506868212
"cv",40,3,78.4761887821314,4.99999999999007,-1.81813911427473
"cv",40,4,106.09165461704,0.379969964108025,-1.84986665038719
