"","","","","par1","par2"
"cv",20,1,76.3242047166429,-2.99318554852329,-1.39975801024915
"cv",20,2,82.3411361516678,-2.96533607888007,-1.43583614117758
"cv",20,3,68.8946728432445,-2.97451399379196,-1.33596289999899
"cv",20,4,85.7071764450542,-2.98762663783175,-1.45123711981536
"cv",40,1,155.780743181207,-2.757028005143,-1.46443137197399
"cv",40,2,164.477372813496,-2.9774795601737,-1.50638860594377
"cv",40,3,159.31173299056,-2.98563984578112,-1.46741259331127
"cv",40,4,144.96372533383,-2.98912455805177,-1.42625285472597
