"","","","","par1","par2"
"cv",20,1,76.1542446766335,-2.09490763796173,-1.64027051092066
"cv",20,2,94.9584094454371,-2.64676354022324,-1.84904584574002
"cv",20,3,84.713977996037,-1.86038597229164,-1.76901859438602
"cv",20,4,78.0665357904436,-0.271300505354011,-1.73552478906727
"cv",40,1,161.381636787301,-0.52608242880157,-1.88050935606175
"cv",40,2,165.327703967049,-0.842672479338944,-1.86766413890357
"cv",40,3,167.609122992258,0.530893173769743,-1.96210207585062
"cv",40,4,146.167638379275,0.472658272442704,-1.80802223170883
