"","","","","par1","par2"
"cv",20,1,80.0460332052224,-0.821122936550499,-1.95611573496097
"cv",20,2,88.2799990467208,0.384920575755213,-1.90546345214006
"cv",20,3,70.4438730900996,-2.0948836032611,-1.90366113045779
"cv",20,4,72.987502576658,-3.24688299845874,-2.07540710824833
"cv",40,1,135.33009468919,-3.26521498446197,-1.83378433253068
"cv",40,2,141.321719929409,-0.601271587917983,-1.88415120213669
"cv",40,3,152.14867524988,0.781848946412504,-2.18949985060319
"cv",40,4,157.328165351401,1.06553387888912,-2.0585972227159
