"","","","","par1","par2"
"cv",20,1,77.3624861201248,-4.2775655066067,-1.81563558230553
"cv",20,2,82.2503424967233,1.04914370219655,-1.93328245540674
"cv",20,3,71.8419305183704,-2.57944914721686,-2.05771600325746
"cv",20,4,80.4037450214264,-0.0139982223409909,-1.84746954601255
"cv",40,1,134.085415128756,-4.62475268868729,-2.18555394203375
"cv",40,2,133.853532370549,-3.39445238190422,-2.04606501044531
"cv",40,3,118.069004705393,-3.57739215358201,-2.0992925070427
"cv",40,4,145.012338329478,-0.00321082041671339,-2.18331925087391
