"","","","","par1","par2","par3"
"cv",20,1,50.7998278608375,-4.99999922601553,2.99573713872307,-1.6513207906317
"cv",20,2,61.24776307193,-4.99999998080794,2.9957341077618,-1.71282035750839
"cv",20,3,74.4936568929926,-4.99999997022585,2.99573299180673,-1.75704410558866
"cv",20,4,55.7667545657153,-4.99999917526203,2.9957335222501,-1.68097646289752
"cv",40,1,130.158899044623,-0.909170048294968,0.391293502415145,-1.68339727749721
"cv",40,2,90.2093411859712,-2.82757974335382,2.99612979353631,-1.59716916286626
"cv",40,3,128.560779386416,-2.36421492522183,3.01428022271938,-1.68839755706487
"cv",40,4,141.825211704621,-4.99999983874226,2.99573623552833,-1.71076624954749
