"","","","","par1","par2"
"cv",20,1,52.656941440398,0.644619070136362,-1.63959604602864
"cv",20,2,89.1126091863184,4.99999999999225,-1.84517830179436
"cv",20,3,48.2247747029117,0.930419410100358,-1.66025130927576
"cv",20,4,60.6538863962524,4.99999999999936,-1.69525368323166
"cv",40,1,87.8950061095776,4.999999999991,-1.89167785917832
"cv",40,2,131.971010051731,4.99999999999716,-2.02019939307545
"cv",40,3,115.157270590168,4.99999999999691,-1.96506470030705
"cv",40,4,64.107908962133,4.99999999999346,-1.87019596200854
