"","","","","par1","par2"
"cv",20,1,62.4306645548392,-4.9987098083135,-2.04118676211339
"cv",20,2,62.2094363524726,0.078798571215783,-1.91495061834066
"cv",20,3,69.240270639066,-4.84681133362769,-2.2098253325899
"cv",20,4,80.3153274568108,1.78659343577747,-2.16538169496562
"cv",40,1,134.815202429415,-0.894394695398248,-2.06709598438078
"cv",40,2,120.251692953383,-4.89171050430209,-1.95185516725184
"cv",40,3,144.059152326461,-3.14468788879141,-1.97658497170938
"cv",40,4,136.433403501389,-0.451237010722875,-2.11922939052964
