"","","","","par1","par2"
"cv",20,1,66.2363570904626,1.45452372086316,-2.31390913494422
"cv",20,2,55.4070314229578,1.78464583224782,-2.30640846477076
"cv",20,3,62.508635462598,-0.635965085475326,-2.10666649534757
"cv",20,4,59.9411774947587,-4.06146854340729,-2.08456199413398
"cv",40,1,155.449855283528,1.38921199121445,-2.241578167174
"cv",40,2,125.413337495497,0.0680405917640028,-2.17635287639499
"cv",40,3,131.997818618411,-4.42890590552241,-2.05014786921442
"cv",40,4,111.616668888392,-1.87136930986819,-2.12253842084969
