"","","","","par1","par2"
"cv",20,1,62.667133806696,-0.615653906802176,-1.80750998595693
"cv",20,2,79.9344988453478,-1.46232472024098,-1.91511461672493
"cv",20,3,104.807898723895,-0.939279068880427,-2.00317076050876
"cv",20,4,76.4240816610182,-0.345449880245923,-1.75392106848379
"cv",40,1,171.011162900399,-3.32457765526814,-1.76436613692905
"cv",40,2,160.475996164753,-1.33351905641857,-1.60022984336586
"cv",40,3,184.817668665936,-1.39242215047014,-1.70223652081104
"cv",40,4,173.739366173339,-0.240862451843946,-1.65887383757383
