"","","","","par1","par2"
"cv",20,1,36.1301429872834,-2.94565710211491,-1.74679454218914
"cv",20,2,76.6511991500425,-2.93314162415422,-1.94920930207046
"cv",20,3,49.988297452541,-2.94357900651636,-1.85290263835959
"cv",20,4,56.406328007005,-2.95162160652502,-1.84042095197814
"cv",40,1,117.980957843703,-2.91099819238804,-1.90012042723475
"cv",40,2,75.3597495580485,-2.95370746034736,-1.8304241711188
"cv",40,3,101.126734627759,-2.94885999196569,-1.87287305405734
"cv",40,4,89.7667538510064,-2.92340158798708,-1.84599055074112
