"","","","","par1","par2"
"cv",20,1,86.4851406157049,2.54784611922678,-1.91105527216712
"cv",20,2,70.9180503453893,2.34728892699535,-1.90478421459692
"cv",20,3,74.5791503172639,3.25743730078933,-1.68220346259672
"cv",20,4,78.6507434419206,2.58552584834794,-2.00542186442848
"cv",40,1,167.0401646537,2.39669655069408,-1.81805884359506
"cv",40,2,165.130624664208,2.44404487465727,-1.7149130189222
"cv",40,3,157.826930872456,2.60048422103358,-1.75187793066031
"cv",40,4,161.062806813478,3.57731604768656,-1.77353930534038
