"","","","","par1","par2"
"cv",20,1,101.256121684406,-1.0462912575698,-1.77491341066143
"cv",20,2,79.8977872363346,-2.96123885440076,-1.66056463373819
"cv",20,3,45.3677733049255,-0.97213141280275,-1.51329249269096
"cv",20,4,56.710010939309,-1.01635522289898,-1.60274788454501
"cv",40,1,146.473312509542,-3.03001648429944,-1.47692243779593
"cv",40,2,148.264156825304,-3.02958583824136,-1.46905835419571
"cv",40,3,173.259133105164,-3.01513578465943,-1.54346945685288
"cv",40,4,142.370211490503,-2.94715693400818,-1.4503811740215
