"","","","","par1","par2","par3"
"cv",20,1,44.481931918458,1.34008603802305,-2.3176987305752,-1.71166458660017
"cv",20,2,73.495828175158,0.529262714179585,-2.31769872999449,-1.80471879345204
"cv",20,3,50.2406155693188,1.44877125148705,-2.28278246529602,-1.73742295691092
"cv",20,4,70.6836506631519,1.31080434994228,-2.2827824702574,-1.83488076736279
"cv",40,1,113.742592494344,0.615744635770713,-2.79241972476179,-2.10625982150144
"cv",40,2,43.848264053878,-1.01415490597282,-2.47370886609624,-1.902993902343
"cv",40,3,128.9242914572,-4.99999969606708,-2.45104732509054,-2.03202675494476
"cv",40,4,95.7323456898945,-0.155842224699298,-2.47205375761881,-1.99399060874753
