"","","","","par1","par2"
"cv",20,1,69.1365949303805,-2.65630787054524,-1.63647250386305
"cv",20,2,82.4002998334478,-2.94921328533207,-1.67175843676897
"cv",20,3,56.0674977210371,-2.94953008715606,-1.52714576903067
"cv",20,4,69.9729765984829,-2.95383922840064,-1.61523692007222
"cv",40,1,142.341215900653,-2.56643273951549,-1.56700667294257
"cv",40,2,120.91550917972,-2.87704163791439,-1.52925621163045
"cv",40,3,133.259128409518,-2.87815898388487,-1.54701312321872
"cv",40,4,169.569196619688,-2.84858433102429,-1.63986331174063
