"","","","","par1","par2"
"cv",20,1,60.2560637234427,-0.61204270650849,-1.52501750348176
"cv",20,2,83.8285033009146,-0.602847112054209,-1.64499964953556
"cv",20,3,81.6642629181011,-0.564652964853216,-1.60928543851719
"cv",20,4,72.0536549753178,-2.934970644881,-1.54689293534924
"cv",40,1,148.281091762525,-2.96655685289208,-1.57198797903194
"cv",40,2,123.489637868611,-2.98412986664694,-1.49801197468351
"cv",40,3,150.179756277265,-2.96397474914835,-1.54902063788784
"cv",40,4,153.92958703502,-2.9722135512695,-1.56746433732895
