"","","","","par1","par2"
"cv",20,1,64.5163464792944,-0.564582493231098,-1.53030011355629
"cv",20,2,82.9231373724116,-0.292958301002417,-1.61244467242626
"cv",20,3,87.9705217338591,-0.331854520289614,-1.6381139030572
"cv",20,4,58.84211137489,-0.497991270471647,-1.46679161290216
"cv",40,1,115.672450502668,4.99999999997914,-1.70753905182492
"cv",40,2,129.472991094114,4.99999999997737,-1.72246193846297
"cv",40,3,130.506533195531,4.99999999997365,-1.7291261505669
"cv",40,4,110.832926781222,4.99999999959916,-1.67994040113451
