"","","","","par1","par2"
"cv",20,1,56.331822342347,-3.32500866072295,-2.12691030169032
"cv",20,2,55.4808673395969,-4.6334441138926,-2.02393630987388
"cv",20,3,72.1310602549229,-3.14917189259599,-2.14488670663418
"cv",20,4,72.3139079145805,0.934187910165638,-2.21152787537964
"cv",40,1,136.049053898099,-3.25199370178938,-2.22523735531634
"cv",40,2,133.038417498076,0.255394040755279,-2.22291822999223
"cv",40,3,115.486175280833,-1.47542079063384,-2.239546491434
"cv",40,4,120.728715449502,-1.92367570474744,-2.09904043278436
