"","","","","par1","par2"
"cv",20,1,56.8744778554505,-2.91481151890796,-1.69226406178414
"cv",20,2,54.5401035772297,-2.66610700559008,-1.70865804329696
"cv",20,3,58.3606028167029,-2.89287588823394,-1.70891395155489
"cv",20,4,72.2955718095614,-2.88149406712727,-1.78274451334749
"cv",40,1,138.926775412188,-2.91876043163275,-1.7236312376116
"cv",40,2,101.99965055516,-2.92785180125085,-1.67302476555408
"cv",40,3,126.964071950297,-2.91052928117825,-1.73359037394606
"cv",40,4,122.779992449932,-2.68497230526495,-1.71161231719284
