"","","","","par1","par2","par3"
"cv",20,1,67.4137096317191,-4.99999979656176,2.9957338423079,-1.70689069988806
"cv",20,2,59.0751891383377,-4.99999839290007,2.99573456272374,-1.67201058810195
"cv",20,3,68.8388681500388,-4.99999817836275,2.99573415022481,-1.70872322747255
"cv",20,4,48.6370997190091,-4.99999963433674,2.99574001066931,-1.62156973316292
"cv",40,1,123.573859743741,-4.99999852216723,2.99573349449107,-1.59421715290058
"cv",40,2,148.451771115561,-4.99999943931592,2.99573268817255,-1.65192567069315
"cv",40,3,128.515259382156,-4.99999700684836,2.99573620278166,-1.60822395369153
"cv",40,4,120.629703544275,-4.99999728547335,2.99573337484896,-1.59044279775629
