"","","","","par1","par2"
"cv",20,1,70.0979989494686,1.7283872335812,-1.96896096210399
"cv",20,2,77.221150774254,0.843967346805691,-1.94127159991044
"cv",20,3,53.8775980915164,-4.68820039437027,-1.92284455576338
"cv",20,4,85.3202582611136,-1.73984738184532,-2.0650522001592
"cv",40,1,121.327327658051,-4.99718658621099,-2.18182371680239
"cv",40,2,167.580054769022,-3.76144599366856,-2.1750215486742
"cv",40,3,113.479493168809,-4.78213750597963,-2.07492875251275
"cv",40,4,112.577761480351,-1.5229844582333,-2.00417929999569
