"","","","","par1","par2"
"cv",20,1,77.5313616838744,3.13487198524443,-1.80875599911765
"cv",20,2,83.0426930357785,4.89911647023162,-1.66496194002492
"cv",20,3,98.6342251109246,3.89354897224362,-1.89496935593176
"cv",20,4,68.8707876263166,4.14914986753961,-1.660557852849
"cv",40,1,143.244391564575,4.72814270410866,-1.9607799044877
"cv",40,2,146.948338194289,4.74417607647042,-1.87024773543904
"cv",40,3,152.738430102189,4.67035474517845,-1.95855861130598
"cv",40,4,144.789640820029,4.97050942588536,-1.95972021971196
