"","","","","par1","par2"
"cv",20,1,49.2235346686328,-2.90776906177251,-1.79952933729202
"cv",20,2,50.6879376830718,-2.93381799983331,-1.79022684064359
"cv",20,3,53.7060717118915,-2.91275668852167,-1.82331225673684
"cv",20,4,58.1993693865999,-2.91624048243518,-1.82660553040582
"cv",40,1,93.9042616273446,-2.86521850763851,-1.74380046296659
"cv",40,2,123.82284909442,-2.8345788171725,-1.80622296886999
"cv",40,3,124.830505451896,-2.87638018777653,-1.80644157126472
"cv",40,4,129.513429051621,-2.86082352195121,-1.82565553975192
