"","","","","par1","par2"
"cv",20,1,48.3525352473325,-1.01237531491601,-1.74587897070372
"cv",20,2,61.9508137014627,-0.585899458864804,-1.80581634232002
"cv",20,3,50.7523986263104,-0.601310571084985,-1.75295877474112
"cv",20,4,70.2790966878163,-0.610650682112916,-1.85191575759718
"cv",40,1,107.197310599625,1.41464852211292,-1.82894970649542
"cv",40,2,84.16371677507,-0.118538376525655,-1.80521929723254
"cv",40,3,137.092469124483,0.974311477382985,-1.90304055874372
"cv",40,4,118.304997306768,0.295416091850972,-1.89580188020517
