"","","","","par1","par2"
"cv",20,1,89.9874911972399,-0.505130286029086,-1.85390320484856
"cv",20,2,85.1433552961867,3.6375232175558,-1.79339515116305
"cv",20,3,74.9684228953591,4.97988115140408,-1.66193147484823
"cv",20,4,96.6403964446528,3.03824726394922,-1.95562117826194
"cv",40,1,146.221060982685,0.4076257082398,-2.02981893032845
"cv",40,2,161.047991475668,-2.38291267903779,-2.02996474911016
"cv",40,3,170.511886942182,-0.50401398368153,-2.06962622617632
"cv",40,4,132.849052839075,-2.32930385437194,-1.92966169377081
