"","","","","par1","par2"
"cv",20,1,77.8631985214177,-2.68930750810714,-2.00106612773985
"cv",20,2,64.9474557689287,-4.79754530824721,-1.92570125642863
"cv",20,3,74.9280021287572,-0.0479432284078092,-1.82908701595844
"cv",20,4,68.6410740290038,1.59193530351971,-2.02709637708485
"cv",40,1,142.408828223821,-2.73081862374588,-1.98723315372849
"cv",40,2,159.894573183951,0.677005334402669,-2.01979390955302
"cv",40,3,136.803691030778,-0.792693738667417,-1.83749309895786
"cv",40,4,138.919302674842,0.837656175548849,-2.02272104574691
