"","","","","par1","par2","par3"
"cv",20,1,68.5912395064103,-4.99999936520104,-1.77004537963324,-1.29621406901244
"cv",20,2,81.0142507493569,-4.99999990736985,-1.55786185187037,-1.41305784518137
"cv",20,3,97.4824211520981,-4.9999996777935,2.99573821049195,-1.4941430164211
"cv",20,4,75.5751844916209,-4.9999992331362,-1.67307436959636,-1.37692884374449
"cv",40,1,134.789285249144,-0.641285331528563,4.9917447959429,-1.54325977190579
"cv",40,2,128.164632072357,-4.99999989235527,-1.56105646177009,-1.51451441369575
"cv",40,3,128.128973696843,-0.420074671305714,4.37155794968908,-1.52439639037592
"cv",40,4,181.548689631196,-0.358192103443612,-0.893045757031241,-1.63953780440762
