"","","","","par1","par2"
"cv",20,1,67.1444007564603,-2.44566555682689,-1.78278909992288
"cv",20,2,78.9118988983149,-0.535400476494059,-1.84195086948973
"cv",20,3,80.6591135506426,-2.67210347758699,-1.92621551263721
"cv",20,4,76.2155596467439,1.22073865568445,-1.69071820673051
"cv",40,1,173.011939095245,-4.1814500419423,-2.0618939148402
"cv",40,2,146.988694159894,0.586965430779296,-1.86206000876699
"cv",40,3,151.566597915284,1.87402867628346,-2.01120879217644
"cv",40,4,135.005945403251,-3.63998832284813,-1.96535260849117
