"","","","","par1","par2"
"cv",20,1,48.0560454848635,-1.42159991827245,-2.06268766010121
"cv",20,2,90.0269071385107,-4.0625720564276,-2.32498374293389
"cv",20,3,63.1726277644152,-1.29231809052889,-2.06889253783373
"cv",20,4,69.3327386028922,-0.780336329260216,-2.28185567671333
"cv",40,1,141.424360533052,1.39723348297002,-2.22513003023064
"cv",40,2,90.2954577117612,0.569480427827275,-2.24584677949116
"cv",40,3,102.888647449565,-1.59574770950336,-2.28269502111815
"cv",40,4,118.421186704499,-0.897894883907726,-2.24552912425538
