"","","","","par1","par2"
"cv",20,1,68.0471429248265,-2.67855546256877,-1.36352834698972
"cv",20,2,81.9873525488291,-2.9908430830543,-1.46153828999238
"cv",20,3,93.2037358052076,-2.97939213834976,-1.52387684504504
"cv",20,4,76.5269522927455,-2.99464626655175,-1.4353434360274
"cv",40,1,136.364596360375,-0.990886441988508,-1.55534943284002
"cv",40,2,130.600559424611,-1.19327545833746,-1.53404242628141
"cv",40,3,131.095779346297,-1.16131117072403,-1.53288689522084
"cv",40,4,183.206088438739,-2.99657170768765,-1.64693503007904
