"","","","","par1","par2"
"cv",20,1,66.7044826771207,-2.68239951835609,-2.06173544345423
"cv",20,2,57.3045550900478,0.240434707687615,-2.07476489746114
"cv",20,3,64.7989422958548,-0.768152946330826,-2.14777184492354
"cv",20,4,68.6388701964885,-4.81315448993667,-2.20038247917078
"cv",40,1,161.156634266731,-1.66161932863157,-2.26015475427272
"cv",40,2,85.3532812046863,0.758787280309745,-2.12893433936674
"cv",40,3,109.038955481575,-0.0943776222903092,-2.22119390896654
"cv",40,4,124.284417944226,0.921348137500274,-2.25131704761279
