"","","","","par1","par2","par3"
"cv",20,1,48.599402073195,0.0556801449169845,-1.17425721269084,-1.65338427934976
"cv",20,2,55.1250775011038,-0.348806165310682,-1.98242486001996,-1.6960702492032
"cv",20,3,56.7942254270326,-4.99999977389101,-2.01144937016218,-1.69708398000677
"cv",20,4,80.7131433207497,-0.3239793281952,-1.93804499602779,-1.80248363261606
"cv",40,1,89.6270049767646,-0.659918704371197,3.03492294364838,-1.57569953809652
"cv",40,2,142.622330332109,-1.18261346013141,4.98613628175353,-1.6987057536627
"cv",40,3,132.93281433258,-1.23913875860042,4.99518231378197,-1.67693907557472
"cv",40,4,134.704233589853,-4.99999647368514,2.99573377317507,-1.6727667109398
