"","","","","par1","par2"
"cv",20,1,73.3059879132424,-3.00086566873104,-1.59564056485855
"cv",20,2,73.5036896768039,-2.98780531791913,-1.59752083214408
"cv",20,3,67.1029050625946,-3.00785785321318,-1.53956632019382
"cv",20,4,74.3590054890239,-2.93596262537951,-1.60783397977174
"cv",40,1,119.148474769251,-0.217132533466949,-1.73247076846321
"cv",40,2,122.076152167242,-0.0883948355023234,-1.72945153095969
"cv",40,3,122.571213384903,-0.294451205778733,-1.74635386430633
"cv",40,4,136.090099239639,-0.136853591900962,-1.74462091644455
