"","","","","par1","par2"
"cv",20,1,59.3810792606255,-0.172980252118271,-2.29262176498628
"cv",20,2,42.993691413165,-1.99913186429124,-2.03670696912199
"cv",20,3,62.9957542331449,0.348971665796552,-2.38842800935261
"cv",20,4,55.5800680259343,-4.1831214701196,-2.47195108532274
"cv",40,1,108.32855033057,-0.248296645550104,-2.22261093132954
"cv",40,2,125.876810051247,-0.417794066745452,-2.20809992852638
"cv",40,3,139.378452938879,-3.32640053915903,-2.28316216470242
"cv",40,4,125.175700762338,-0.701977955517503,-2.08377881761982
