"","","","","par1","par2","par3"
"cv",20,1,65.0097544076065,-4.99999855536902,2.99573822564694,-1.25797315931817
"cv",20,2,97.3831106230436,-4.99999840896404,2.99573361202553,-1.50240715747797
"cv",20,3,79.6804257577057,-4.99999835258228,2.99573381394818,-1.39395361084681
"cv",20,4,78.2357990605458,-4.9999939140674,2.99573356568129,-1.37953724676662
"cv",40,1,149.437045472987,-4.99999933561518,2.99573700996275,-1.45768515469368
"cv",40,2,148.731688879398,-4.999999085541,2.99573535977634,-1.46016995839098
"cv",40,3,153.959853679333,-4.99999994484612,2.99573554129985,-1.47680931022199
"cv",40,4,147.558308416599,-4.99999492218026,2.99574089669326,-1.44917034257745
