"","","","","par1","par2"
"cv",20,1,61.4141823942792,-1.60021319903925,-2.16289056477165
"cv",20,2,66.2888123057223,-1.22361900892106,-2.14597610894889
"cv",20,3,61.2598185010018,-0.313540456482722,-2.11914838387702
"cv",20,4,74.5116866779331,0.830593416199514,-2.18844584852086
"cv",40,1,148.447009179845,-1.50698865492817,-2.07793067182169
"cv",40,2,162.648848339641,-1.72930373777775,-2.23923746584148
"cv",40,3,124.599978190972,0.641987673006952,-2.05526842766955
"cv",40,4,117.53499149526,-4.47572104989405,-2.18998885364054
