"","","","","par1","par2"
"cv",20,1,68.2134268474482,0.384992766156646,-1.83005913638917
"cv",20,2,64.7924624814183,0.817521533618225,-1.78121551139372
"cv",20,3,46.8814932885831,0.539360451787801,-1.7022164147203
"cv",20,4,52.8953629579706,0.145554656184942,-1.74560240068549
"cv",40,1,63.2126815558534,4.99999999998423,-1.92278338120586
"cv",40,2,125.625493726461,4.99999999997848,-2.07348406637105
"cv",40,3,66.702995852023,4.99999999999645,-1.93085990000416
"cv",40,4,90.1079880307369,4.99999999999621,-1.97097172720945
