"","","","","par1","par2","par3"
"cv",20,1,42.2815752099141,-4.99999949722848,2.995733871767,-1.68025513304326
"cv",20,2,64.9365649086424,-4.99999913267389,2.99573483997974,-1.76631428708116
"cv",20,3,70.6069256492894,-4.99999640327284,2.99573434666212,-1.78573302283332
"cv",20,4,46.8700103254094,-4.99999941121094,2.99573353235856,-1.70334273976067
"cv",40,1,109.257683965105,-4.99999318306653,2.99573251479798,-1.50503749751674
"cv",40,2,140.128383033678,-4.99999958568251,2.99574331974201,-1.58340919735882
"cv",40,3,159.623378726441,-4.99999845412955,2.99574186462013,-1.62590045757568
"cv",40,4,136.480070432059,-4.99999892620774,2.99573705587929,-1.57518025226949
