"","","","","par1","par2"
"cv",20,1,61.9329872461626,-4.09823036036314,-1.94879695696576
"cv",20,2,71.2342562718517,-2.92193355026347,-2.02546444177785
"cv",20,3,63.4675299412947,-1.58872904048323,-2.0209383378985
"cv",20,4,77.6150311664036,-1.95064540424836,-2.03797209870746
"cv",40,1,109.017625702411,-2.97292187404563,-1.96822482740342
"cv",40,2,155.745374043946,-2.11736220787576,-2.10345718148038
"cv",40,3,155.249058644305,-0.222641346848979,-1.97745773772606
"cv",40,4,154.73249769722,-2.16955478586149,-2.07240161001416
