"","","","","par1","par2"
"cv",20,1,67.4595896898534,-2.57790061617524,-1.73945076887266
"cv",20,2,64.5168785745208,-2.57432179050507,-1.73540331962033
"cv",20,3,60.6445222491534,-2.37978607746587,-1.73788371419094
"cv",20,4,49.6763676880653,-2.58838722835173,-1.67246115394328
"cv",40,1,102.580648517271,-2.64197058855873,-1.77902452072633
"cv",40,2,94.7310971899433,-2.84481479073238,-1.77971836998506
"cv",40,3,131.594992835171,-2.81592694788241,-1.84141319724011
"cv",40,4,117.657242538723,-2.82070505263985,-1.7953257443187
