"","","","","par1","par2","par3"
"cv",20,1,63.1436699271217,0.121888698221957,-2.49364556679167,-2.01774025056341
"cv",20,2,53.983265356737,0.696581082155778,-2.46104447894431,-1.93731905257637
"cv",20,3,54.2099033427963,0.660128962565458,-1.94810086705179,-1.80877207645334
"cv",20,4,52.2580129545743,-4.99995594990783,-2.40603712755401,-1.90117714581796
"cv",40,1,127.741866452892,1.17314667128082,-3.21675291147931,-2.30723510506877
"cv",40,2,33.5718880668613,1.10794166165513,-3.06014346180467,-2.14282651723831
"cv",40,3,39.8845845178973,1.0737449457947,-3.08909665330606,-2.15547451848482
"cv",40,4,97.2739532091352,1.23443854746337,-3.06277958344976,-2.23773817597493
