"","","","","par1","par2"
"cv",20,1,107.356678849154,-0.434224884105995,-1.75547400566899
"cv",20,2,71.0294954640725,-0.334906858748275,-1.56177519722823
"cv",20,3,58.7802500995861,-0.303485967462553,-1.50444990061801
"cv",20,4,82.5025857838537,-2.99863155339248,-1.50193018272327
"cv",40,1,201.789366684997,1.19091978300713,-1.64496473219742
"cv",40,2,174.120902634581,4.99999999987772,-1.56734871970907
"cv",40,3,139.281386505641,4.99999999998855,-1.46180467030098
"cv",40,4,186.319910366743,-0.737126070106143,-1.43779334742242
