"","","","","par1","par2"
"cv",20,1,68.8561257121955,-4.68936903746204,-1.48372090093741
"cv",20,2,93.111149518759,-4.99999999999977,-1.76045163514567
"cv",20,3,92.409582843981,-4.99999999999985,-1.76739848748857
"cv",20,4,83.8159922604994,-4.99999999999997,-1.7189055860997
"cv",40,1,193.037354700547,-4.3283783989,-0.556193208452128
"cv",40,2,189.333666049077,-2.89307811883827,0.535405943293398
"cv",40,3,190.000507159991,-2.77385539254135,0.869399173271272
"cv",40,4,214.07525369172,-3.09967913948414,-1.3528985146126
