"","","","","par1","par2"
"cv",20,1,97.4599546206723,-3.80663391863912,-1.43411079580631
"cv",20,2,102.272757393177,-4.02979354116122,-1.65833833183525
"cv",20,3,91.6410977589471,-4.99999999996419,-0.17512351874533
"cv",20,4,94.2503546322153,-3.06602075555371,-1.22440248592363
"cv",40,1,185.207880485092,-4.83044244710198,-1.27618998247531
"cv",40,2,171.150830551413,-4.99999999999882,-1.19702376884599
"cv",40,3,302.521179166624,-4.83018877273775,-2.05142072386999
"cv",40,4,177.587294158023,-2.83969560317924,-0.334599010246892
