"","","","","par1","par2"
"cv",20,1,96.9286190982728,-4.99999999999985,-0.50570827302135
"cv",20,2,96.606030654176,-4.99999999999982,-0.34889721890757
"cv",20,3,95.9047058982404,-4.99999999917455,4.99999999993082
"cv",20,4,96.536297287904,-4.9999999999997,-0.420780691933698
"cv",40,1,191.838146309058,-4.99999998682351,4.99999999916196
"cv",40,2,191.839568390652,2.28780946421971,4.99999999991525
"cv",40,3,191.834473089605,2.2878094687394,4.99999999994437
"cv",40,4,192.046378438211,-4.99999999998824,2.64618218018113
