"","","","","par1","par2"
"cv",20,1,83.8336764928888,-3.32210773882313,-1.28511260508399
"cv",20,2,80.7432462925943,-4.99999999999973,-1.13344691686144
"cv",20,3,106.218653998467,-3.46314440716302,-1.69616501638286
"cv",20,4,98.6483600571765,-3.73587136417464,-1.58472227276289
"cv",40,1,197.322784458795,-3.46543864934431,-0.453164078922532
"cv",40,2,195.16442856241,-3.6630042484319,-0.214299790376746
"cv",40,3,191.831074138901,2.40672620779607,4.99999999991066
"cv",40,4,191.833802743555,2.40672621041439,4.99999999996689
