"","","","","par1","par2"
"cv",20,1,73.5851030204189,-4.23197853591508,-1.09999235843659
"cv",20,2,79.012683847212,-4.29788509523942,-1.37621827089057
"cv",20,3,88.9090761133497,-4.99999999999925,-1.48624819269236
"cv",20,4,131.804520608713,-4.99999999999996,-1.97142281842632
"cv",40,1,188.564928176592,-4.99999999999951,-1.30905422099681
"cv",40,2,192.656132367545,-4.99999999999972,-1.30750801265157
"cv",40,3,193.41828278047,-4.99999999999997,-1.64687249430468
"cv",40,4,175.018957060494,-4.31507026437169,-0.950974231434055
