"","","","","par1","par2"
"cv",20,1,93.3497687819833,-2.69888162277922,-1.21032281151028
"cv",20,2,96.5491104151138,-2.62592172173486,-1.39272162610531
"cv",20,3,91.1195111939992,-2.776689219222,-1.05764273124448
"cv",20,4,95.1748615287935,-3.03403318955188,-1.3498531759303
"cv",40,1,191.137037000384,-4.99999999999901,-1.34465611071141
"cv",40,2,186.322718571419,-4.99999999999986,-0.947422369938631
"cv",40,3,190.098683369013,-4.99999999999926,-1.15379540204144
"cv",40,4,192.956657987799,-4.99999999999984,-1.33548106473963
