"","","","","par1","par2"
"cv",20,1,96.3733144331963,-3.31569051208671,-1.32948785465897
"cv",20,2,95.256110939218,-3.31569051208674,-1.30540120215748
"cv",20,3,91.8372029824046,-4.99999999999745,-1.19127751598692
"cv",20,4,93.1563433921609,-3.31569051208657,-1.26775177576023
"cv",40,1,192.720820632442,-3.40112789829822,-1.31385946816071
"cv",40,2,185.623291621428,-3.00819349398659,-1.11071944840342
"cv",40,3,184.663178787007,-4.99573434162258,-1.43480629069475
"cv",40,4,188.088053808193,-2.83450475701207,-1.40691779162933
