"","","","","par1","par2"
"cv",20,1,95.917914895271,2.37513495863283,4.99999999998281
"cv",20,2,95.9187110783659,2.37513495980057,4.99999999999105
"cv",20,3,95.9195979259943,2.41275274691036,4.9999999999734
"cv",20,4,95.9170921336986,2.37513496004085,4.99999999999745
"cv",40,1,191.829760487455,-1.68450142054471,4.99999743325353
"cv",40,2,191.825169634763,-4.95897534434442,4.9999999997327
"cv",40,3,195.743167201963,-1.68073551179563,-0.694642291876041
"cv",40,4,191.875605510552,-4.4102663018382,0.496071917785414
