"","","","","par1","par2"
"cv",20,1,95.9150148700734,2.35556877928905,4.99999999995735
"cv",20,2,95.9182883106239,2.52139928472173,4.9999999999608
"cv",20,3,98.1733468376326,-4.94552376931032,-0.348617406874549
"cv",20,4,96.3645161468167,-4.99229959437653,0.360496247573586
"cv",40,1,217.964251375379,-2.57952817436968,-1.6608350302383
"cv",40,2,190.344731306248,-2.57964520398126,-0.147003014922833
"cv",40,3,192.210069690997,-2.57964520398132,-0.634841851975194
"cv",40,4,191.827976443056,2.40714863982469,4.99999999957442
