"","","","","par1","par2"
"cv",20,1,99.7112908714099,-3.73598938310431,-0.894903658623509
"cv",20,2,94.6321132439411,-2.63395954632949,-0.132990168711125
"cv",20,3,93.9870456740079,-3.73598938310428,-0.0676895721591796
"cv",20,4,96.6401779242151,-3.73598938310435,-0.658423106795061
"cv",40,1,201.785738213562,-3.88026205742613,-1.31755690903115
"cv",40,2,181.011631163009,-3.79450210278617,-0.958319077034071
"cv",40,3,176.021121449163,-4.96869849591562,-0.798800311255994
"cv",40,4,190.713268166098,-3.8400294660048,-1.15394322822587
