"","","","","par1","par2"
"cv",20,1,95.9200364816126,1.03471745731638,4.99999999994944
"cv",20,2,95.9177432042208,1.17369822673785,4.99999999999749
"cv",20,3,95.922552598589,1.88940101937306,4.99999999999136
"cv",20,4,95.9208005253527,0.545033236376478,4.99999999199934
"cv",40,1,191.831310397745,1.01628369549551,4.99999999996935
"cv",40,2,191.85486395706,-0.281331203752101,4.99999999938785
"cv",40,3,191.834596436976,1.43859796465012,4.99999999979866
"cv",40,4,191.834262161893,2.3787665787509,4.99999999998658
