"","","","","par1","par2"
"cv",20,1,93.9626369349699,-1.12668637911503,-1.68218600434613
"cv",20,2,97.8480467874363,1.48618789135496,-3.3705824528014
"cv",20,3,93.9411299341149,2.30458309565679,-1.47984903970385
"cv",20,4,105.659343776926,-2.59032454295545,-1.60139341474103
"cv",40,1,185.318172305901,-0.850009813286906,-3.55556522381116
"cv",40,2,192.342854740176,-0.886843072246159,-3.55086873763691
"cv",40,3,173.692990438179,-0.793734533171458,-3.51181238902524
"cv",40,4,183.280354336176,-0.878479485179034,-3.4302384247593
