"","","","","par1","par2"
"cv",20,1,95.9128806075973,-4.99999999744659,4.99999999975545
"cv",20,2,95.9175038737021,2.31607231469,4.99999999999717
"cv",20,3,95.9185866860832,2.31607231588173,4.99999999844975
"cv",20,4,101.596727537466,-4.99999999999946,-0.398398334513956
"cv",40,1,191.799771183364,-4.99999999752788,4.99999999966581
"cv",40,2,191.194814342398,-2.13441771149398,-0.212580537116187
"cv",40,3,198.52698972335,-2.134417711494,-0.932190952589616
"cv",40,4,197.970356617703,-4.99999999999765,-0.667640499503815
