"","","","","par1","par2"
"cv",20,1,96.0659106045282,-3.27807182207983,0.674233321073255
"cv",20,2,95.8979945350998,-3.27807182208109,1.11333090419188
"cv",20,3,96.0162716348212,-3.2780718221743,0.720615853143679
"cv",20,4,95.9102093519051,-3.87261401051008,4.99999999667132
"cv",40,1,202.299514683628,-4.45781955173973,-1.26144119035845
"cv",40,2,184.876531605868,-4.98333337845645,-0.188580780542863
"cv",40,3,191.649437154257,-4.45781960646925,-0.926595149176881
"cv",40,4,186.230327808057,-4.45781955174123,-0.761033501547271
