"","","","","par1","par2"
"cv",20,1,95.8771340392086,-4.99999999999981,-0.355460211672336
"cv",20,2,95.8036439302981,-4.9999999999987,-0.35769189783492
"cv",20,3,99.3231837293781,-4.99999999999778,-1.02546864302531
"cv",20,4,95.920033626518,-0.615202976539242,4.9999999895093
"cv",40,1,203.984363354452,-2.88344623943285,-0.823770019459031
"cv",40,2,191.762324054698,3.21110890207936,0.584372759599911
"cv",40,3,192.417561286147,2.89821983009955,-0.717069930839016
"cv",40,4,191.641435595957,-0.00394982775770771,-0.440149762466185
