"","","","","par1","par2"
"cv",20,1,95.9347429985101,-4.99999999996664,4.99999999963496
"cv",20,2,95.9197954316897,2.29183411723657,4.99999999997861
"cv",20,3,95.9230372288937,-4.99999999912522,4.99999999995877
"cv",20,4,95.9316523144211,-4.99999999911103,4.99999999986134
"cv",40,1,203.543585973952,-4.99216735275293,-1.16570506048728
"cv",40,2,191.814281566224,-4.57338596744272,-0.663943548527145
"cv",40,3,190.57263024486,-4.99216736517774,-0.444023643449208
"cv",40,4,191.792000902094,-4.99999999992297,4.99999999998142
