"","","","","par1","par2"
"cv",20,1,96.4411282043268,-3.19081219649504,-0.746677981485815
"cv",20,2,95.4273340686641,-4.99571054779662,-0.25351020420634
"cv",20,3,95.7818078457864,-4.99571054779775,-0.408386873111586
"cv",20,4,95.3718748444077,-4.99999999999996,-0.314183165345812
"cv",40,1,201.475821214317,-4.99384681571711,-1.29211574072413
"cv",40,2,191.309712589697,-4.9938468318001,-0.640107722449383
"cv",40,3,191.791352970619,-4.99999998979518,4.99999999968631
"cv",40,4,193.959405513087,-4.99999999999987,-0.840942807896017
