"","","","","par1","par2"
"cv",20,1,61.5079800834761,-0.386113566426515,-2.17174676625531
"cv",20,2,60.1160385931112,-0.442423532684315,-2.14875477617905
"cv",20,3,62.4017573596184,-0.324400135073467,-2.16923012273822
"cv",20,4,62.5306477351419,-0.336506464910485,-2.16485564389557
"cv",40,1,138.421748789212,-0.475312055060895,-2.16154029266498
"cv",40,2,139.523659876389,-0.46321726093112,-2.12038581873937
"cv",40,3,120.846435400619,-0.518603131100889,-2.05420571736005
"cv",40,4,122.253838021248,-0.381712001882863,-2.07021506084366
