"","","","","par1","par2"
"cv",20,1,81.0396818753478,-0.700922567756991,-2.05925075574977
"cv",20,2,85.5672298486847,-0.629044723331915,-1.96450987578695
"cv",20,3,70.4166202405734,-2.55152430297363,-1.84106457047721
"cv",20,4,71.7115216151673,-0.860771730626667,-1.92379697888311
"cv",40,1,134.751764455522,-0.983289684283913,-1.81306026737075
"cv",40,2,140.412186510893,-1.03872887915401,-1.9018500983671
"cv",40,3,141.389896702543,-0.705693506034287,-1.99990843468485
"cv",40,4,156.239515226529,-2.45246750135206,-1.98977045877413
