"","","","","par1","par2"
"cv",20,1,77.8216370690451,-2.24591961722921,-2.06727456896234
"cv",20,2,55.9881849536568,-0.870914791433262,-1.91882030854014
"cv",20,3,66.6833086604583,-0.993130267524748,-2.20407816412618
"cv",20,4,72.5682574613482,-0.644447898177891,-1.96855025702529
"cv",40,1,131.587121093504,-0.709298828334729,-2.0040600679121
"cv",40,2,145.827365130132,-0.609016642994106,-2.14081715836182
"cv",40,3,150.089754052134,-0.609725854833532,-2.08932410836455
"cv",40,4,148.148709347982,-0.776334809912695,-2.04729201982177
