"","","","","par1","par2","par3"
"cv",20,1,49.9936407873124,-0.273770359952765,-0.827723442348691,-1.97465781577546
"cv",20,2,57.0997578332599,-0.425645305813312,-0.712318504975432,-1.91982214417718
"cv",20,3,75.5636180689092,-0.312872526115843,-0.817635218694992,-2.06933508006154
"cv",20,4,52.545749630631,-0.403073058250865,-0.909176567488074,-1.93546923189284
"cv",40,1,125.412620617455,-0.417905335155043,-0.590492129727684,-2.01020743514031
"cv",40,2,88.8261803154593,-0.315245038847087,-0.593987174180128,-1.99870132563047
"cv",40,3,119.991777843856,-0.437655804133979,-0.517109133943901,-1.99249319163284
"cv",40,4,142.649632947221,-0.303592026846519,-0.548598463139538,-2.12368877732413
