"","","","","par1","par2"
"cv",20,1,71.3628486279635,-0.26081016471991,-2.12383508035052
"cv",20,2,59.1707795187692,-0.203566638933605,-2.05916689629311
"cv",20,3,55.1796173099885,-0.203662587646993,-2.00169424128127
"cv",20,4,80.3528227297319,-0.247636849627483,-2.18791397642286
"cv",40,1,100.67021726648,-0.422462393927287,-2.18732905546142
"cv",40,2,127.129752958005,-0.408744691707544,-2.25977563191203
"cv",40,3,117.262674245678,-0.345413348034564,-2.22937583855128
"cv",40,4,131.301841551029,-0.40665145657356,-2.28511647982482
