"","","","","par1","par2"
"cv",20,1,73.3397927521494,2.45548561253982,-2.14981702052951
"cv",20,2,94.8368999336998,2.61607934539169,-2.42215147160596
"cv",20,3,75.0125807753262,2.54126500106702,-2.20368815912359
"cv",20,4,79.069896082484,2.53941489055516,-2.2277646690756
"cv",40,1,160.693197679863,2.63766051779012,-2.07849271850994
"cv",40,2,160.947651725624,2.9008806866947,-2.00455565792361
"cv",40,3,174.956712987764,4.99999999998883,-1.94444146302177
"cv",40,4,178.670535091318,2.97062401898083,-2.18708246908626
