"","","","","par1","par2"
"cv",20,1,82.5915210545024,0.753778389890093,-1.76900749906016
"cv",20,2,62.9690013638545,0.811417197091959,-1.72609612487082
"cv",20,3,77.5421820776024,0.798315349556905,-1.72866935719899
"cv",20,4,76.9742883090757,0.700985633720626,-1.78999060811688
"cv",40,1,178.628447564702,4.99999999999092,-1.79823860988305
"cv",40,2,166.657922260605,3.474444225002,-1.83556427175411
"cv",40,3,164.235884180322,3.53454587301177,-2.00856397134659
"cv",40,4,173.339709820662,4.99999999993985,-1.80413453751775
