"","","","","par1","par2"
"cv",20,1,54.1282482090531,1.14405630482149,-1.84031071419428
"cv",20,2,78.6013144960898,3.62626783328782,-1.96465421682272
"cv",20,3,67.8167895159811,3.20264908080586,-1.86959744712203
"cv",20,4,99.2886226384766,1.1037746317615,-2.13837783660492
"cv",40,1,140.91325074009,4.99999999981913,-1.96093353493247
"cv",40,2,152.335065097122,4.99999999987149,-1.92767263518707
"cv",40,3,178.906016231889,4.23980672592628,-2.02249353419584
"cv",40,4,159.826141592545,2.70315116552632,-1.97223717702026
