"","","","","par1","par2","par3"
"cv",20,1,46.0773287417526,4.67870558571351,4.40851126393491,-2.04844067820777
"cv",20,2,76.5615631984249,-0.0975100293670217,-1.09640978986277,-2.07145155360815
"cv",20,3,64.7681842010269,2.76089170052162,-4.99998816786221,-2.08266850801402
"cv",20,4,69.0253302907786,-0.226369595630139,-1.03217836928627,-2.08743949232701
"cv",40,1,96.1864694691799,-0.127777026395173,-1.09438983391814,-2.29579152247823
"cv",40,2,35.4889084027085,-0.195945786379459,-1.02645112264727,-2.19582293250572
"cv",40,3,120.856236423998,-0.0488042276151888,-1.01180163760359,-2.29017671521126
"cv",40,4,85.8511926418921,-0.230858502982336,-1.06160850659908,-2.24954973047688
