"","","","","par1","par2"
"cv",20,1,77.4815263711993,0.206362343300016,-1.66013054664042
"cv",20,2,85.6400924113195,0.592194556211841,-1.7801332368316
"cv",20,3,80.734139853758,0.211265143539055,-1.7338207424457
"cv",20,4,96.0150900028142,0.231552428483167,-1.84206377521744
"cv",40,1,168.834949942765,0.167112055072711,-1.86494817487263
"cv",40,2,175.265029669045,0.278135578000552,-1.91718936693367
"cv",40,3,170.363586402661,0.194073870642113,-1.86890565651266
"cv",40,4,168.887427499521,0.188531767252508,-1.85402294888717
