"","","","","par1","par2"
"cv",20,1,76.0713717464281,-2.00164932040336,-1.92996002141789
"cv",20,2,83.2089490082997,-1.95774314438596,-1.99019832618675
"cv",20,3,79.5726011306607,0.182689950990361,-1.90629046322581
"cv",20,4,72.2616749524949,-1.78798400201882,-1.9587189541706
"cv",40,1,186.828241224342,1.36897020934278,-1.13975174208412
"cv",40,2,172.09890118434,0.518859640628069,-1.40308888595516
"cv",40,3,207.428357800831,0.367638146548388,-1.75580997798211
"cv",40,4,194.614626150879,-1.79895244283754,-1.72361533835765
