"","","","","par1","par2"
"cv",20,1,77.0396465522814,0.442499823173429,-1.94764826536861
"cv",20,2,77.9185282327321,0.308756236164533,-1.87265715093288
"cv",20,3,82.2746653714137,0.391689281272062,-1.9196120057069
"cv",20,4,73.5013758089771,0.326798679325945,-1.86958524154496
"cv",40,1,172.29059554066,1.00452072680827,-2.15649734075196
"cv",40,2,171.443308890501,1.09081567752698,-2.23410548467008
"cv",40,3,169.876588658991,0.549513271537249,-2.14857450387809
"cv",40,4,156.666356555025,1.10960795001066,-2.12901750023256
