"","","","","par1","par2","par3"
"cv",20,1,21.9698151222448,-0.209489498317037,-0.717079271954331,-2.13574995358463
"cv",20,2,64.02947895367,-0.273151981195755,-0.669263206937484,-2.29509621126306
"cv",20,3,43.3188478656534,-0.208039063899044,-0.680747058676609,-2.23957074539714
"cv",20,4,47.3843287872862,-0.159584153159101,-0.693292261648167,-2.2603977609561
"cv",40,1,104.895605395805,-0.42713273290292,-0.583241274888986,-2.15783201445921
"cv",40,2,69.1016540673131,-0.389812550187401,-0.64744421652065,-2.13653367977739
"cv",40,3,88.7049073274769,-0.381916667199684,-0.640527508105122,-2.15216484093664
"cv",40,4,95.5262153749198,-0.326947404501261,-0.632221018889496,-2.2389167149097
