"","","","","par1","par2","par3"
"cv",20,1,48.882151874917,-0.476603271801141,-2.26198596116402,-2.22396327165387
"cv",20,2,44.5020561668861,-0.300157624058522,-1.89251321533503,-2.12556542493577
"cv",20,3,64.8633761961709,-0.355269564384149,-2.26110942941029,-2.18842883374955
"cv",20,4,2.73484758322682,-0.36743974559984,-2.12174374707915,-2.07581061616082
"cv",40,1,94.6333451403878,-0.0770667139177335,-1.66378948444398,-2.37152912629896
"cv",40,2,85.4322249281169,0.0837889354919961,-2.31193540011407,-2.20015279545461
"cv",40,3,50.0165089137589,0.144291832211236,-1.79404575174542,-2.12511989833558
"cv",40,4,59.5190146184876,-0.382411885031452,-1.73369879573444,-2.16203239802115
