"","","","","par1","par2","par3"
"cv",20,1,51.1491494648913,0.534727215447389,-1.7583175005947,-1.95424805469173
"cv",20,2,63.1161829120973,0.131478756318481,-2.33501111684634,-1.98535194135245
"cv",20,3,66.8629915783025,0.0789134557649126,-2.44126859997406,-2.06532212294799
"cv",20,4,63.0416077267626,1.72077167198446,-4.99999970097774,-1.9447562541905
"cv",40,1,61.2287484997127,0.207832377581688,-2.23748311818079,-2.22876511552106
"cv",40,2,114.152661638296,0.517897906960473,-2.88019931898653,-2.26046506608364
"cv",40,3,64.3917699854172,0.204769357508385,-1.43445245850968,-2.18874007282644
"cv",40,4,65.8846307452294,0.332296165868736,-2.6691076288582,-2.24211273205061
