"","","","","par1","par2"
"cv",20,1,61.3353757503782,4.29319083184042,-2.33105826139691
"cv",20,2,41.163479077835,3.35342000841512,-2.23697382475264
"cv",20,3,49.7034494325751,4.29332882739861,-2.34083297413431
"cv",20,4,59.3045606180378,4.40286127983986,-2.36820011547369
"cv",40,1,146.931034973922,4.91870896225857,-2.12009258752818
"cv",40,2,153.031819755184,4.99999989316298,-2.1199478939352
"cv",40,3,155.589343731137,4.99999996679365,-2.15562276884078
"cv",40,4,135.013416727974,4.99999999854434,-2.12057596231774
