"","","","","par1","par2"
"cv",20,1,57.2223825451682,-0.713995880777911,-1.96950944341582
"cv",20,2,69.5660673560777,-0.546848765549921,-1.87422836299981
"cv",20,3,82.0238544453707,-0.904821669426963,-1.89014569061263
"cv",20,4,78.3061207755482,-0.87110510975671,-1.98681997936999
"cv",40,1,145.341579547304,-0.555357599775974,-2.00562457283803
"cv",40,2,161.337562433811,-0.786439362113213,-2.08994609619836
"cv",40,3,134.088412479452,-0.813761077513959,-1.97776692029782
"cv",40,4,144.718678407068,-0.640543636048468,-1.94847915364238
