"","","","","par1","par2"
"cv",20,1,66.2970909377428,-0.0105746959258154,-1.73224355596409
"cv",20,2,74.6464150624174,-0.0034964491166237,-1.76397249786334
"cv",20,3,99.4355035995591,0.206571165144724,-2.00573161952626
"cv",20,4,88.2206574720096,0.394860409589992,-1.89076315329419
"cv",40,1,150.166607681117,-0.267051776360222,-2.05769224011486
"cv",40,2,197.029280151586,-0.35590192344183,-2.23366620566162
"cv",40,3,141.291188971531,-0.421251154461972,-2.01138720545598
"cv",40,4,163.883441522734,-0.0263453801821148,-2.1665781997425
