"","","","","par1","par2"
"cv",20,1,53.5130315447013,-0.138763385461921,-2.09893731084451
"cv",20,2,74.5409016765071,-0.183251724993368,-2.18531432281348
"cv",20,3,60.1943024863208,-0.163389518197889,-2.13380218957311
"cv",20,4,63.8604362110205,-0.114429149174417,-2.12279546743094
"cv",40,1,141.75613683801,-0.332115749210915,-2.11651731919879
"cv",40,2,144.828250823761,-0.282901173026121,-2.16459877123625
"cv",40,3,159.59171635383,-0.273569769457725,-2.18156985047028
"cv",40,4,130.509927842227,-0.147133389973829,-2.08937220891684
