"","","","","par1","par2"
"cv",20,1,81.8992594412991,-0.798173070316616,-1.90516100146696
"cv",20,2,98.1089597321105,-0.720577422475979,-1.85817828629994
"cv",20,3,72.2020876949347,-0.537450296447992,-1.57719786604588
"cv",20,4,74.4447987293924,-3.88189475592465,-1.8055429615095
"cv",40,1,154.212252964064,-0.657944604893189,-1.97042906296985
"cv",40,2,128.292529229199,-0.784325461731847,-2.0524294483712
"cv",40,3,176.49748389334,-0.833544214757497,-1.98135112553328
"cv",40,4,138.245463944128,-0.637443987955392,-1.99988426371526
