"","","","","par1","par2"
"cv",20,1,56.9952478574097,-0.635689137517397,-2.02698231740131
"cv",20,2,67.548373155939,-0.968466750313663,-2.01127735144102
"cv",20,3,77.0018207318594,-1.41072992144322,-2.09863790842172
"cv",20,4,69.192975384497,-4.41237618452439,-2.12295280430411
"cv",40,1,144.179542052922,-1.02430748984293,-2.15489601686957
"cv",40,2,113.022026621271,-0.593862413429322,-2.14089899512512
"cv",40,3,140.911472689416,-1.63395853740715,-2.11251760600135
"cv",40,4,149.548248151672,-0.765543259805928,-2.07659888382201
