"","","","","par1","par2"
"cv",20,1,80.8578780208236,-1.06105068598851,-2.15787954517314
"cv",20,2,65.0627131281395,-0.6824817281604,-2.04232916319826
"cv",20,3,81.3562275764677,-0.56467451776996,-2.25627389859037
"cv",20,4,64.626352153372,-0.636278724185926,-2.08087633548765
"cv",40,1,135.096238995786,-0.761430419626761,-2.07929695869298
"cv",40,2,164.109235502456,-0.621016830540414,-2.29851942426622
"cv",40,3,139.071452563392,-0.484792881988157,-2.19586223696416
"cv",40,4,133.364881264458,-0.657751404281462,-2.05450063052089
