"","","","","par1","par2","par3"
"cv",20,1,60.2323824402681,-0.402432270560098,-0.452846464274468,-1.90555297466821
"cv",20,2,59.598140222299,-0.370107024637885,-0.326199402443802,-1.89859857885253
"cv",20,3,40.9454013569801,-0.193924420970811,-0.474308149563908,-1.98562404925831
"cv",20,4,82.0632906658624,-0.328741371690273,-0.495218337804747,-2.05258001286961
"cv",40,1,100.934706798411,-1.7726576572972,4.99999999743384,-1.67958418853408
"cv",40,2,171.591683453179,-0.623914078610059,-0.439632599765014,-1.98360913559722
"cv",40,3,104.44540478075,-2.43855280687783,4.9999999993848,-1.68611804773351
"cv",40,4,96.4465524015443,-4.36194942798465,4.99999999964356,-1.66817111804723
