"","","","","par1","par2"
"cv",20,1,68.4089404154519,-0.380372575429629,-1.90419327115703
"cv",20,2,82.227173392787,-0.380360686437004,-2.00031679364829
"cv",20,3,73.8058607792144,-0.469360127906241,-1.8853728015649
"cv",20,4,76.1567214920733,-0.371557548725429,-1.92516828120382
"cv",40,1,143.198500455823,-0.441747815944515,-2.12753420770562
"cv",40,2,144.403294280534,-0.376337318718369,-2.19519761879239
"cv",40,3,121.716622031019,-0.403025486843581,-2.12418667662482
"cv",40,4,149.99488982051,-0.390697349040005,-2.16658920997162
