"","","","","par1","par2","par3"
"cv",20,1,44.2907691480103,-0.435048205829264,-0.763052174504726,-1.98375978406478
"cv",20,2,69.8683702976502,-0.376306059968659,-0.903758486420571,-2.13954973887259
"cv",20,3,49.4613166115589,-0.556963777030944,-0.453133415583021,-1.91769841473942
"cv",20,4,38.9865197425558,-0.40058236495865,-0.609348374256647,-1.96235154683946
"cv",40,1,138.539279357939,-0.5049548769907,-0.786448619857265,-1.97660885982348
"cv",40,2,88.8701664038645,-0.497991752256863,-0.69793069161611,-1.86003297105866
"cv",40,3,119.435665790138,-0.432970741826756,-0.740692424432181,-1.96342277881045
"cv",40,4,134.402517995285,-0.460832805522111,-0.825430628794985,-1.9374473894691
