"","","","","par1","par2","par3"
"cv",20,1,64.0288529057887,-0.252045828771036,-0.76388886358906,-2.01774316142211
"cv",20,2,74.0456059885035,-0.387380506725261,-0.650020505478366,-1.94341155324522
"cv",20,3,42.1769088953193,-0.216446059282388,-0.832765111863756,-1.894727576491
"cv",20,4,56.3697693343696,-0.19292242615171,-0.689044327585373,-2.01699961223981
"cv",40,1,112.80210662265,-0.441281258333261,-0.613896888840328,-1.99168074572059
"cv",40,2,109.081472866464,-0.463599298107855,-0.531994829206746,-1.94151662570513
"cv",40,3,98.788571960225,-0.316258525259384,-0.70495590289165,-2.02083677142655
"cv",40,4,128.590357127682,-0.370548300667999,-0.677786149842184,-2.09702730837492
