"","","","","par1","par2"
"cv",20,1,89.9432523011693,1.55040381898968,-1.8086961721146
"cv",20,2,86.0488324167731,4.87905692602559,-1.71389179443824
"cv",20,3,88.5896185289636,4.83380432155663,-1.74016303116207
"cv",20,4,79.7797043040022,4.99999999998186,-1.63579104571018
"cv",40,1,163.738522873618,4.55673600946727,-1.87847081891021
"cv",40,2,141.177433871937,4.11965768853532,-1.71501936074016
"cv",40,3,139.623596246833,4.76348077047718,-1.78607302778623
"cv",40,4,182.103800600655,4.7634807717105,-1.80521882458888
