"","","","","par1","par2"
"cv",20,1,57.8785770192843,-0.226246823702315,-2.08144086426364
"cv",20,2,78.6307334273681,-0.156516931671291,-2.18543411865922
"cv",20,3,70.4453261834203,-0.295433533349435,-2.155600980662
"cv",20,4,41.2670301216586,-0.177600927601526,-2.06097863242169
"cv",40,1,90.9548302024878,-0.534013772739743,-2.33339054275296
"cv",40,2,113.62846053942,-0.477573155462148,-2.39508026501469
"cv",40,3,111.910064673038,-0.541919491402905,-2.41349454727812
"cv",40,4,118.000105890697,-0.525678828425652,-2.40913968499424
