"","","","","par1","par2"
"cv",20,1,62.3533802588682,-0.557004169464573,-2.03151507624222
"cv",20,2,55.0067475276077,-0.793890761179225,-2.0194313095491
"cv",20,3,72.0483094825496,-3.60987133687505,-1.87869837678333
"cv",20,4,87.8626964087621,-4.9905600783122,-2.26770634885157
"cv",40,1,153.264851666298,-0.799304350874032,-2.11062628414864
"cv",40,2,110.673972341715,-0.840991456655303,-2.1188837374783
"cv",40,3,144.327204679032,-1.18621188440401,-2.08918973413454
"cv",40,4,138.802586849598,-0.699043051455293,-1.96175108080048
