"","","","","par1","par2"
"cv",20,1,95.9600783734796,0.250626742282017,-1.7903988196612
"cv",20,2,87.4878854244188,0.304183473823969,-1.89923738487225
"cv",20,3,87.074389344704,0.236786850352531,-1.77065747315624
"cv",20,4,82.0290577855276,3.07454066099272,-1.94868695738151
"cv",40,1,199.330959001304,-0.127180743664133,-1.86942256594152
"cv",40,2,190.349858362424,-0.214429456707142,-1.86842619612036
"cv",40,3,177.495878223158,-0.23098404630407,-1.84246779701841
"cv",40,4,105.965013478407,0.447587844229088,-1.66698836838854
