"","","","","par1","par2"
"cv",20,1,29.0676633069825,1.5232750361292,-2.04445011686574
"cv",20,2,67.4184961074519,1.45225229052222,-2.19794259831434
"cv",20,3,34.327194600767,1.40138158534503,-2.15379771355604
"cv",20,4,47.1098690360507,1.49658462629185,-2.19009035355443
"cv",40,1,43.3066545195442,0.508493869194956,-2.05450883763797
"cv",40,2,91.9713477440381,0.83996008803783,-2.15594810539399
"cv",40,3,102.255868768654,0.839959683477168,-2.23702532402644
"cv",40,4,33.077200657029,0.869203640878254,-2.05851607323792
