"","","","","par1","par2"
"cv",20,1,83.6730269161058,1.10366962501103,-1.69659165340907
"cv",20,2,81.7986973933316,1.92832200816466,-1.72713818499821
"cv",20,3,79.118333179862,1.97754825832003,-1.74559107187882
"cv",20,4,78.7008596326981,1.97148298554967,-1.72131725296901
"cv",40,1,158.135065673393,0.888389568636396,-1.65943970870734
"cv",40,2,157.818445423014,0.808890573109552,-1.64764880803238
"cv",40,3,162.755560510964,0.910349631863049,-1.72221476295137
"cv",40,4,171.700498234565,0.877304906675778,-1.67212439433037
