"","","","","par1","par2"
"cv",20,1,36.7121694467594,1.91757735732333,-1.94693035128815
"cv",20,2,111.323625962433,1.83319882197796,-2.2154358148934
"cv",20,3,43.4603886068335,1.82930936672907,-1.98636672176164
"cv",20,4,57.4686070400767,1.82505256242448,-1.98708944609442
"cv",40,1,82.2648659220997,2.54425273441237,-2.26177776443502
"cv",40,2,148.918169367563,2.64794581115926,-2.69484406055785
"cv",40,3,84.0258287483596,2.68982940960285,-2.55631844259125
"cv",40,4,34.4645849122505,2.68478177189818,-2.2368261818649
