"","","","","par1","par2"
"cv",20,1,107.039544614546,-0.730430696131173,-2.060216244708
"cv",20,2,74.8828351108979,-0.589525726195733,-1.85150702869192
"cv",20,3,62.5580909429023,-0.437935223921626,-1.75021246348488
"cv",20,4,74.1600434381189,-0.53351687405994,-1.83776423729706
"cv",40,1,187.121339249359,-1.78070656251486,-1.88307720985739
"cv",40,2,166.291309705861,-0.957652536389873,-1.73675133189679
"cv",40,3,150.789273532472,-1.78814201929904,-1.58077049827289
"cv",40,4,191.009045677316,-0.754650414108007,-1.82416282762451
