"","","","","par1","par2"
"cv",20,1,59.0219237819472,-0.61452606724992,-2.08639518106432
"cv",20,2,67.3155783212483,-0.615501939440537,-1.90930659270644
"cv",20,3,82.0982806932561,-4.74518739979789,-1.85666341819844
"cv",20,4,79.3456278737552,-0.663130597166275,-2.11224849678189
"cv",40,1,144.903765526888,-0.634868100144601,-1.99060437053567
"cv",40,2,99.5737315989614,-0.755010896302599,-2.04920772095323
"cv",40,3,160.774226932415,-0.659387553030764,-2.14914826944569
"cv",40,4,151.215363866698,-0.623439450714833,-2.17931087080085
