"","","","","par1","par2"
"cv",20,1,84.1231912836124,0.241965568640838,-2.01555569094645
"cv",20,2,79.4597324403337,0.362193051323473,-1.92076121415327
"cv",20,3,67.5587098411538,0.23772473137343,-1.85335905520445
"cv",20,4,79.8111966491795,0.21445364919268,-2.00893794359108
"cv",40,1,142.128244897491,1.32051334212935,-2.13918397075235
"cv",40,2,203.571726782266,1.43806886464562,-2.66532613386436
"cv",40,3,149.841382167529,1.41759058352464,-2.27777125151841
"cv",40,4,215.522213767661,0.483522550034821,-2.26892358821491
