"","","","","par1","par2","par3"
"cv",20,1,35.1561073797528,-0.339203399651963,-0.724057659129198,-2.04798445178003
"cv",20,2,47.1501232250008,-0.29424438423417,-0.641946554467433,-2.10225179835189
"cv",20,3,75.7542112236129,-0.15306350393388,-0.787385407047367,-2.35932115870581
"cv",20,4,30.1300012691506,-0.212366040318108,-0.616204760330634,-2.06518031156466
"cv",40,1,81.2735024744479,-0.231215010734243,-0.681583871044505,-2.29702488722256
"cv",40,2,81.1654821877299,-0.273808112749638,-0.650156270220387,-2.24290528410252
"cv",40,3,105.552635300297,-0.290529628046158,-0.71383108241509,-2.27229713014073
"cv",40,4,85.6687569110672,-0.306389520721372,-0.725711061575939,-2.23539500948751
