"","","","","par1","par2"
"cv",20,1,61.1783688566701,-0.189750902612225,-2.38885839067427
"cv",20,2,33.2744990512336,-0.187619717463074,-2.25864936938412
"cv",20,3,52.9306090943026,-0.126069613054347,-2.34400439267799
"cv",20,4,50.1674589209029,-0.170421271573029,-2.33291556632226
"cv",40,1,108.819632692071,-0.399041422384064,-2.23861902863414
"cv",40,2,127.17589694944,-0.476463187136222,-2.36738560306477
"cv",40,3,120.93291627665,-0.453052701912546,-2.27883561601308
"cv",40,4,124.68232899171,-0.457578063474279,-2.32804888837604
