"","","","","par1","par2","par3"
"cv",20,1,67.8235338897522,-0.371968537199116,-1.67504251951441,-2.22532796894255
"cv",20,2,67.1195489291596,-0.550246198500248,-1.83980867822499,-2.12882260025975
"cv",20,3,43.9635764338704,-0.31641867791001,-1.49928889885903,-1.96390063230127
"cv",20,4,37.8887206033149,-0.150450650805925,-1.91982060197415,-2.00345765642761
"cv",40,1,35.3327870601292,0.0136491570239753,-2.81634546152285,-2.04000574349535
"cv",40,2,132.807158212993,-0.541773075326748,-2.23261578472459,-2.35463063186446
"cv",40,3,48.3749758390333,1.32578482258238,-4.99999977826502,-2.23195783960567
"cv",40,4,115.299804725918,0.0542348468372684,-1.54125243947092,-2.31005672703267
