"","","","","par1","par2","par3"
"cv",20,1,63.5158658795644,-0.351251396771635,-0.678446129460876,-2.08754300015395
"cv",20,2,43.4008681766884,-0.28871411593615,-0.674279924197425,-1.98744259326934
"cv",20,3,40.8818330501852,-0.311112461467645,-0.702655202632507,-2.00485031881645
"cv",20,4,62.9360244223168,-0.350728109921766,-0.599846550697536,-2.05521632438294
"cv",40,1,87.463547829295,-0.53148889723086,-0.624514261683331,-1.91578506361287
"cv",40,2,118.57144968255,-0.483743450463512,-0.863046877671974,-2.05711996063026
"cv",40,3,106.970053264768,-0.452022507377963,-0.792686827322025,-2.00794630783641
"cv",40,4,115.782468886119,-0.540552245946716,-0.776483654223982,-1.97085118319876
