"","","","","par1","par2"
"cv",20,1,57.905439291365,-0.225220561049962,-2.02881313611393
"cv",20,2,66.0680359204605,-0.335856985973543,-2.09152197469523
"cv",20,3,79.3653652805558,-0.268498772360501,-2.14817505884131
"cv",20,4,63.4845361151322,-0.328470948027286,-2.06345833500795
"cv",40,1,139.467346323285,-0.378235151715312,-2.12931874190654
"cv",40,2,103.836377146189,-0.297673487950621,-2.05475214069109
"cv",40,3,137.850354657941,-0.378516652821728,-2.12266895091909
"cv",40,4,158.670054841549,-0.308631530494961,-2.22693417237097
