"","","","","par1","par2"
"cv",20,1,84.1992932222789,0.525245671086928,-1.9346730113522
"cv",20,2,78.2927512193627,0.531061173624865,-1.87833524908574
"cv",20,3,80.3596087411682,0.551722954990062,-1.99329165498762
"cv",20,4,74.3359848147587,0.585032160187702,-2.04949405950588
"cv",40,1,175.906327268499,3.70171267977602,-2.56819004410379
"cv",40,2,148.293743945747,4.99999999999152,-2.38562188921064
"cv",40,3,168.838219618633,3.54631533530835,-2.65189199475598
"cv",40,4,151.979190710369,4.95135920585345,-2.49408135290191
