"","","","","par1","par2"
"cv",20,1,53.835550382894,-0.574158180535978,-2.16892142799522
"cv",20,2,65.6202851019824,-2.06906293526209,-2.14817189309261
"cv",20,3,79.0688857500617,-1.0538408683111,-2.10441730826585
"cv",20,4,56.6806794417589,-2.71452734912357,-2.02884254155196
"cv",40,1,138.170821481545,-0.540165267728092,-1.94019247397143
"cv",40,2,159.036526038678,-0.728096517406725,-2.17382779699104
"cv",40,3,165.562634512198,-0.714171870281585,-1.92643630939755
"cv",40,4,156.081164298912,-0.68845382969737,-2.10493757891143
