"","","","","par1","par2"
"cv",20,1,70.2478897461069,3.1622847187033,-1.91207390523685
"cv",20,2,78.3448259388362,2.15435953535081,-2.09420908965073
"cv",20,3,75.3586149908024,4.99999999999937,-2.05302928356227
"cv",20,4,99.2083130860304,3.32073060162165,-2.07715493103629
"cv",40,1,154.702146316354,4.99999999404674,-2.09408763794855
"cv",40,2,147.151237433441,4.9999999997864,-2.09430571530346
"cv",40,3,178.53833973929,4.99999999994327,-2.22093314074242
"cv",40,4,161.003269103055,3.27436049067051,-2.23465780823804
