"","","","","par1","par2"
"cv",20,1,85.4866617455608,-0.121182216744685,-1.66062446035609
"cv",20,2,79.5498134118104,0.0520887317097141,-1.61318152444881
"cv",20,3,94.5019914468498,-0.10840140858598,-1.77283531820423
"cv",20,4,84.4844113874272,-0.0553776518373281,-1.68858736274373
"cv",40,1,147.727415942117,-0.288888616445596,-1.84852428810744
"cv",40,2,156.391368529117,-0.230244866599202,-1.9764151154327
"cv",40,3,174.259306835068,-0.254525201706873,-1.98418589526206
"cv",40,4,163.649791831384,-0.200049301887085,-1.92757881363672
