"","","","","par1","par2"
"cv",20,1,67.2004454556464,2.96704382909988,-2.19102808340658
"cv",20,2,85.0031346937984,2.90480196579675,-2.37062284584225
"cv",20,3,71.8111671788536,3.09443634245366,-2.35526891603789
"cv",20,4,77.4158165018506,3.1084298263021,-2.28937527885721
"cv",40,1,165.558083592986,4.26349457101168,-2.36505862034193
"cv",40,2,162.799018076368,4.9999999998896,-2.41017490827519
"cv",40,3,138.063108767299,4.16034375667354,-2.34080951010379
"cv",40,4,153.613099940575,4.99942386363764,-2.27273014202298
