"","","","","par1","par2","par3"
"cv",20,1,38.9793102709568,-0.261848756868343,-0.812783408642924,-2.08200852081023
"cv",20,2,52.3913049722507,-0.256913865666518,-0.820678378589271,-2.1461951707874
"cv",20,3,48.4436246498529,-0.263491462025339,-0.800742676514891,-2.09028999352399
"cv",20,4,75.6150373184004,-0.254366406384344,-0.696958375757932,-2.21547828697492
"cv",40,1,91.4575195116293,-0.315491235257844,-0.672178314802815,-1.97634313193817
"cv",40,2,132.016850556899,-0.454828829634431,-0.610294047903366,-2.01170151323618
"cv",40,3,125.473678139529,-0.341584152992496,-0.555431833785158,-2.0297619678764
"cv",40,4,134.643541002883,-0.367743848824545,-0.669071842557515,-2.11901929034537
