"","","","","par1","par2"
"cv",20,1,57.5450719585893,0.341632073803892,-2.10941841368408
"cv",20,2,66.3559763344788,0.313515032897813,-2.13260584759299
"cv",20,3,49.5406594230683,0.312600472086694,-2.10042148448821
"cv",20,4,66.7186286011684,0.341634302686579,-2.16689025478267
"cv",40,1,112.135628178975,0.20301136021815,-2.23830640389584
"cv",40,2,147.788112214699,0.0968473244152196,-2.23257508436584
"cv",40,3,134.128779531744,0.219812730466809,-2.33513968468507
"cv",40,4,144.25099071742,0.0956316183423236,-2.22185582274948
