"","","","","par1","par2"
"cv",20,1,65.0583153551729,2.20694257911971,-1.93775571113386
"cv",20,2,74.0758117530931,0.887104145293894,-1.85097743079403
"cv",20,3,92.3439079723516,1.03534981557722,-1.99018360471021
"cv",20,4,54.3335402388142,0.918517764885971,-1.76919083089783
"cv",40,1,81.5571290441504,1.29897248501133,-2.11857571533225
"cv",40,2,91.3385715718591,1.0620624610169,-2.10317465317228
"cv",40,3,97.5317576790108,0.758607114592847,-2.10795885416488
"cv",40,4,94.2771685400188,1.05491388812242,-2.22614490587681
