"","","","","par1","par2"
"cv",20,1,53.0527995881808,-0.604420190683379,-1.8955360713576
"cv",20,2,80.2732692674109,-0.675787234540481,-2.15242213124111
"cv",20,3,63.1436298826026,-3.24945390722792,-2.00887878736753
"cv",20,4,64.7882482779331,-0.793990268073976,-2.08675743790422
"cv",40,1,161.023141637541,-2.43171185781468,-2.04277024423907
"cv",40,2,150.156790462431,-0.610624650561884,-1.92588350461866
"cv",40,3,157.370364234757,-0.613289850496239,-1.85561376269968
"cv",40,4,141.165253778514,-0.578630818071107,-2.08643451217274
