"","","","","par1","par2"
"cv",20,1,95.3820593469682,-4.69909681853121,0.601067635561263
"cv",20,2,102.665418833082,-3.54434531622426,-1.32757416188566
"cv",20,3,96.7453905864088,2.26308473933726,-1.2004180690758
"cv",20,4,128.091030748383,2.17953523753414,-1.52907283038923
"cv",40,1,122.416050014695,2.0139372956743,-1.81343512862065
"cv",40,2,80.1475808080199,2.0046503169023,-1.77316042675543
"cv",40,3,454.542530698326,2.01563609299973,-2.76808217403974
"cv",40,4,76.5547901323699,2.10623908181535,-1.73729572290799
