"","","","","par1","par2"
"cv",20,1,89.8669679885953,-0.212363646172895,-1.90939697040448
"cv",20,2,96.0434371623833,1.13244549852806,-1.95583141154885
"cv",20,3,80.090343170207,-0.163835343676968,-1.75821776662497
"cv",20,4,86.1348107861536,-0.0946365830292317,-1.86890823432048
"cv",40,1,132.891226375594,-0.14637491383353,-2.01640163429826
"cv",40,2,149.681155209711,-0.15470369792169,-2.02696544586229
"cv",40,3,152.492947671496,-0.149193158184432,-2.12721479312384
"cv",40,4,161.128005088909,-0.191624097698398,-2.09636234234682
