"","","","","par1","par2"
"cv",20,1,98.1086660456751,0.00643654779503342,-1.93818715174721
"cv",20,2,66.9165399014291,-0.0199460672527791,-1.69997410300298
"cv",20,3,77.1936466996409,0.0114467684819806,-1.79352904524859
"cv",20,4,80.750591054304,-0.0320944304806504,-1.78932589129782
"cv",40,1,158.793831209486,-0.1890042199273,-2.05879941207165
"cv",40,2,139.399738306687,-0.177871448981865,-2.01058641710075
"cv",40,3,137.918322984238,-0.162729715667152,-2.00246267345788
"cv",40,4,171.706126504976,-0.165399867472633,-2.1331036556591
