"","","","","par1","par2"
"cv",20,1,64.2669737155475,-0.818605762897806,-1.8905613874375
"cv",20,2,72.4860151271087,-0.543411613071879,-1.91449378784282
"cv",20,3,98.0220238169803,-2.5288916649969,-1.94706110224197
"cv",20,4,101.866092375726,2.23742097978653,-2.12191274017501
"cv",40,1,198.114555522605,2.34251218149044,-2.11653869344577
"cv",40,2,45.8364955086441,2.36507167425578,-1.88525769337212
"cv",40,3,54.0026144153205,2.33848106805845,-1.98736228610435
"cv",40,4,210.622401297765,2.42830341332092,-2.05730798127859
