"","","","","par1","par2"
"cv",20,1,82.0370334360092,1.51847292493989,-2.03778518426264
"cv",20,2,94.417091259586,1.93184677398704,-1.93206244742163
"cv",20,3,88.1385794313157,1.189838372229,-2.01680672805842
"cv",20,4,80.9619931223633,1.13864545713872,-2.0614230231127
"cv",40,1,164.64135372774,0.551135933210034,-1.72789251693541
"cv",40,2,159.857398038632,0.524359300924365,-1.69482794890072
"cv",40,3,177.112916328191,0.553413023056486,-1.75995816827955
"cv",40,4,170.843371625684,0.692353578394656,-1.80377827476765
