"","","","","par1","par2"
"cv",20,1,95.8134170658775,-0.66282965373027,-1.96593800664756
"cv",20,2,83.6926788728294,-0.589605121095201,-1.8541907907479
"cv",20,3,54.5106798105477,-1.00521643593907,-1.6568750914817
"cv",20,4,65.4442210013443,-2.4983666928895,-1.81581778055474
"cv",40,1,144.771015355814,-0.583534861690954,-1.93557806135688
"cv",40,2,146.483114207648,-0.569305491235551,-1.82430696871331
"cv",40,3,173.476305081828,-0.646931189562717,-1.90550873165694
"cv",40,4,152.378762169154,-0.581591687629672,-1.72970258062323
