"","","","","par1","par2"
"cv",20,1,76.2078570479954,-2.00278326873605,-1.64854273242591
"cv",20,2,100.797630874531,0.749860289000563,-1.83926088309495
"cv",20,3,85.9677288775263,1.36323607230366,-1.72053659287524
"cv",20,4,87.0208379441808,0.738468159400166,-1.73017201964147
"cv",40,1,170.774286274919,1.1000881493917,-1.85054615217839
"cv",40,2,173.108822832649,1.15155745513387,-1.89380412854565
"cv",40,3,189.507702458799,1.11696238739657,-2.03087063618766
"cv",40,4,166.651964661567,0.999207580829905,-1.73394833838156
