"","","","","par1","par2","par3"
"cv",20,1,38.1500652174569,0.602504871654779,-1.29894553549138,-2.02401104918623
"cv",20,2,46.7675078438832,0.244437198569716,-1.33629858110856,-1.99716413782438
"cv",20,3,46.6619454699355,0.210979740429393,-1.30177236568173,-2.06204793990723
"cv",20,4,56.3971520316067,0.0824247784881388,-1.2112991904397,-2.10591845610453
"cv",40,1,118.463650160341,0.0172473713040849,-1.75110327340743,-2.10479619416002
"cv",40,2,107.815198769796,-0.509214148314217,-1.16209629988171,-2.10165926431443
"cv",40,3,64.1099840615642,-0.351392243321812,-1.25938737405296,-2.06742698840124
"cv",40,4,62.9754746116687,-0.475570271055315,-1.17421769450917,-2.03845420167856
