"","","","","par1","par2"
"cv",20,1,57.9099971547337,-2.1528873757575,-2.0289770177872
"cv",20,2,60.3699764626432,-2.96857048242095,-2.13276327831317
"cv",20,3,71.5218329145502,-3.89201421514571,-2.09721971393554
"cv",20,4,66.3242605002134,-1.68184651514069,-2.1088691519119
"cv",40,1,103.807533852754,-2.062553194278,-1.88956554153777
"cv",40,2,147.252882049096,-1.25549564831862,-1.99724446472804
"cv",40,3,135.759257439742,-1.89256427086581,-2.03827998059638
"cv",40,4,141.308627293356,-3.02932235090611,-2.16342992371351
