"","","","","par1","par2"
"cv",20,1,90.9428308789044,-2.22152163620244,-1.62310938444208
"cv",20,2,74.5692828368467,-0.840169344227344,-1.6504087815212
"cv",20,3,77.1750337800814,-0.569051789862485,-1.79189266378795
"cv",20,4,100.091403168301,-3.43317395160436,-1.84891564055294
"cv",40,1,176.424044113767,-0.401214609999757,-1.77943803154885
"cv",40,2,181.232344892997,-0.153273927566003,-1.85125650492608
"cv",40,3,176.401387310442,-0.501685542184419,-1.82116913963698
"cv",40,4,168.28899918277,-0.321441431615874,-1.71160557385848
