"","","","","par1","par2","par3"
"cv",20,1,70.9139291934067,0.306677025493578,-0.674069243188609,-1.74730212710949
"cv",20,2,71.8932097312793,0.276677252781642,-0.660333297448644,-1.8334908529099
"cv",20,3,74.9614732307253,0.105907395462287,-0.90866787973514,-1.8317426426429
"cv",20,4,93.5442329471429,-0.080219925763368,-0.667523511749978,-1.82207481596488
"cv",40,1,160.688522589167,-0.176680958846428,-0.512847227207699,-1.76676565619205
"cv",40,2,148.979518295955,-0.168107476327598,-0.635001535190951,-1.73174237606148
"cv",40,3,152.035613114557,-0.225003709482481,-0.590141745904857,-1.76644735907786
"cv",40,4,151.763522716645,-0.204256157440908,-0.645940850853753,-1.77818195216481
