"","","","","par1","par2","par3"
"cv",20,1,29.5169673427006,-0.27542876997192,-0.65161356892427,-1.99134511010906
"cv",20,2,78.4742638743469,-0.291330601286571,-0.740795251780886,-2.1920072843214
"cv",20,3,49.1380432631768,-0.235795965548756,-0.67771500332572,-2.09493654274467
"cv",20,4,64.6017697947926,-0.395461482980655,-0.572490116880759,-2.05952830310382
"cv",40,1,132.094056934518,-0.354507168531672,-0.625021359438424,-2.22899450222162
"cv",40,2,62.0394986195899,-0.295937293137422,-0.629106036351365,-2.11666911711564
"cv",40,3,90.0427664378186,-0.352479094587802,-0.564750669466605,-2.10802897628743
"cv",40,4,97.9953732555648,-0.31235172763721,-0.557786165254296,-2.13597845008158
