"","","","","par1","par2"
"cv",20,1,63.3142841762228,2.67148397953043,-1.87109975595961
"cv",20,2,70.366997503428,2.67148397954239,-1.9213662001356
"cv",20,3,79.9095753402686,2.80714085877339,-1.98584202975016
"cv",20,4,89.996778857946,2.61057175696399,-2.01437385484679
"cv",40,1,171.399401613718,3.13510153958874,-2.03354705401067
"cv",40,2,171.139021871301,2.62190368930008,-2.00532500818873
"cv",40,3,175.58691058293,3.13510142521436,-2.08164306590829
"cv",40,4,162.183064858307,3.13187029308968,-2.1521004123301
