"","","","","par1","par2"
"cv",20,1,95.4727847701073,1.20005399515025,-1.7571119820815
"cv",20,2,94.6953440041449,1.65977743130819,-1.71487516608123
"cv",20,3,74.3892524561652,1.76201469230865,-1.56903133551896
"cv",20,4,79.3887893327495,1.64975951125904,-1.68028121172686
"cv",40,1,174.996614413456,0.910516308767686,-1.83453525750195
"cv",40,2,173.165411193288,0.933300126665125,-1.72485407831406
"cv",40,3,173.077992940255,1.07619239541592,-1.83186132701874
"cv",40,4,174.607404372239,0.828452497322756,-1.78382751795258
