"","","","","par1","par2"
"cv",20,1,67.4928849037335,-0.0679043902321897,-1.87467683960424
"cv",20,2,66.0079991809855,-0.246825947424945,-1.87943324206267
"cv",20,3,79.2754741692403,-0.272096344424581,-1.97658989745587
"cv",20,4,93.053567500832,-0.279375007925358,-2.07569912792475
"cv",40,1,157.306934260528,-0.385295978514989,-1.74228411428684
"cv",40,2,150.880297547994,-0.488599258839183,-1.68985094528812
"cv",40,3,188.3341585612,-0.443143229019762,-1.93469072215848
"cv",40,4,186.566133406456,-0.371938442202136,-1.87319849971227
