"","","","","par1","par2","par3"
"cv",20,1,51.6793188013103,-0.0936977031822608,-0.868208744823892,-1.84540225094565
"cv",20,2,77.6361813567863,-0.183532348500682,-0.871805693211108,-1.97348453658381
"cv",20,3,76.0179185834246,-0.0516443724486121,-0.887594923614774,-1.97967977632885
"cv",20,4,56.0412350718681,-0.177849529453439,-0.736763193848383,-1.85723730517183
"cv",40,1,138.285412297484,-0.0403576645934283,-0.574446502207096,-1.92125914180093
"cv",40,2,109.141157011607,-0.133608666753826,-0.610505474586374,-1.82011798986755
"cv",40,3,147.378892208269,-0.0856651663855943,-0.596695998072679,-1.96212510347475
"cv",40,4,145.917922706176,-0.0340446669418793,-0.485441510948194,-1.95021749762496
