"","","","","par1","par2"
"cv",20,1,77.4191623718904,4.9999999999718,-2.05955548186891
"cv",20,2,74.4170877111247,3.92656361883095,-2.13585862798001
"cv",20,3,71.166949823216,4.06780255101496,-1.98373081691723
"cv",20,4,74.3157548154464,4.08589690729227,-2.00437887538694
"cv",40,1,181.004892420814,4.0761970477872,-2.09768514820042
"cv",40,2,172.606512485102,4.99999757500578,-2.01826892380679
"cv",40,3,145.749413253515,2.85542515624812,-2.14774299445865
"cv",40,4,170.750357235367,2.95434015777518,-2.22379824171345
