"","","","","par1","par2","par3"
"cv",20,1,46.4366494103135,-0.440075731781199,-0.676570531495383,-2.07843790311571
"cv",20,2,46.917197278922,-0.494481158034127,-0.811921979797935,-2.06344793252125
"cv",20,3,51.355888576338,-0.439166031422547,-0.719697740579661,-2.10617074236778
"cv",20,4,52.2323366075472,-0.527673958169871,-0.632621760377478,-2.05236419962019
"cv",40,1,91.3319615021897,-0.738560687472806,0.532968379701424,-1.65234912148879
"cv",40,2,122.498468403142,-0.704736057996768,0.357509623495438,-1.71159802619573
"cv",40,3,123.826520451238,-0.786288772046122,0.401710620431904,-1.71959925080344
"cv",40,4,132.513925737427,-4.44357132518847,4.99999999893753,-1.73014981984306
