"","","","","par1","par2"
"cv",20,1,94.0730124257147,-3.98870894033253,-4.51055993796822
"cv",20,2,94.0730124257147,-2.53560530325293,-4.6318053496844
"cv",20,3,94.0730124257147,-2.89710963168579,-4.96633641727044
"cv",20,4,94.0730124257147,-3.05511475475523,-3.94552743516691
"cv",40,1,184.139263695584,-2.52911523281499,-4.33946500751959
"cv",40,2,184.139263695584,-3.62459473822518,-4.62257400463777
"cv",40,3,184.139263695584,-4.73221328322087,-3.66561462947642
"cv",40,4,184.139263695584,-4.01177562515487,-3.90642595934511
