"","","","","par1","par2"
"cv",20,1,95.9406414531033,3.58621290072186,4.99999999988374
"cv",20,2,95.9244318153277,3.58946600685409,4.99999999993293
"cv",20,3,95.9336358605099,3.58968431070512,4.99999999998625
"cv",20,4,95.9312173084502,3.60855536151772,4.99999999953795
"cv",40,1,191.838332947327,3.69743666913072,4.99999999997442
"cv",40,2,191.863820659114,3.69467258972324,4.99999999996673
"cv",40,3,191.848722858699,3.75640492569575,4.99999999996425
"cv",40,4,191.851234990139,3.65767080826472,4.99999999988805
