"","","","","par1","par2"
"cv",20,1,95.9229168149882,3.66479500172012,4.99999999993523
"cv",20,2,95.9159376412424,3.61089051369522,4.99999999924395
"cv",20,3,95.9328855106286,3.58064345323065,4.99999999965901
"cv",20,4,95.919333347443,3.549244668529,4.99999999990328
"cv",40,1,191.859900621354,3.66271812206707,4.99999999958558
"cv",40,2,191.828323970371,3.56852242437808,4.99999999887427
"cv",40,3,191.835578418517,3.48157837845784,4.9999999998334
"cv",40,4,191.857850760305,3.54900052100195,4.99999999917911
