"","","","","par1","par2"
"cv",20,1,94.0730124257147,-2.63978981670268,-4.28498843215748
"cv",20,2,94.0730124257147,-3.54274553655837,-3.88394771958447
"cv",20,3,94.0730124257147,-2.16778129632396,-4.49459959129278
"cv",20,4,94.0730124257147,-4.45587632631246,-4.16521734592376
"cv",40,1,184.139263695584,-3.81350282253977,-3.66211115028727
"cv",40,2,184.139263695584,-3.05096874729151,-3.98493041208035
"cv",40,3,184.139263695584,-3.88617626704797,-3.93645981878078
"cv",40,4,184.139263695584,-2.63169036855282,-4.26134494675815
