"","","","","par1","par2"
"cv",20,1,33.3383817119878,0.661729287890832,-2.03019511926286
"cv",20,2,66.3905667560257,0.695266629567452,-2.22986016072184
"cv",20,3,60.0043305866371,0.690124100823261,-2.15630049145602
"cv",20,4,62.5338044236914,0.619771596184053,-2.0122627586718
"cv",40,1,75.6928164826115,0.447318891619887,-2.33183650389188
"cv",40,2,179.391106223143,0.504008667229806,-2.75827195725726
"cv",40,3,70.3257948407735,0.439190297032077,-2.26193704670943
"cv",40,4,39.2152770208053,0.447318891321027,-2.26543401386098
