"","","","","par1","par2"
"cv",20,1,95.9292762793639,3.5324238038816,4.99999999990926
"cv",20,2,95.9268403434731,3.55865977827671,4.99999999995801
"cv",20,3,95.9275111476492,3.61782364679173,4.99999999975952
"cv",20,4,95.9265261846797,3.58855729727012,4.9999999999882
"cv",40,1,191.848329179775,3.78332983960891,4.99999999990073
"cv",40,2,191.854854593603,3.80850944580138,4.99999999985156
"cv",40,3,191.84397077799,3.79661223918479,4.99999999908694
"cv",40,4,191.839791611349,3.81488767196751,4.99999999897549
