"","","","","par1","par2"
"cv",20,1,94.7908504874149,-1.76914711211864,0.00547015452125661
"cv",20,2,94.7908505149269,-1.77610945893416,0.00547019455005111
"cv",20,3,96.2292961436722,-1.79113288126461,-0.556046691844284
"cv",20,4,96.2701128227315,-1.80356632379771,-0.56077833662187
"cv",40,1,187.3628508592,-1.76527283222285,-0.597055353031876
"cv",40,2,187.665023272643,-1.79880011264549,-0.607644631977502
"cv",40,3,189.753742659111,-1.76544382134984,-0.761923833736073
"cv",40,4,187.500929693592,-1.76541942217361,-0.602361781818126
