"","","","","par1","par2"
"cv",20,1,87.762532594557,0.325407882070224,-1.3642944762964
"cv",20,2,88.7573154844853,0.325407847796412,-1.3263320699551
"cv",20,3,89.7658461253776,0.301053802312479,-1.3893602156632
"cv",20,4,83.1719881518717,0.305121614713908,-1.23514857543181
"cv",40,1,199.796395358284,0.36551538340544,-1.35676633349103
"cv",40,2,202.298728376545,3.1303732951131,-1.62163960395084
"cv",40,3,178.462765788202,0.15338782064896,-1.00518921348709
"cv",40,4,189.491081321708,0.135208942256526,-1.2527924702588
