"","","","","par1","par2"
"cv",20,1,88.4246038271372,0.700055246955547,-1.59033039284819
"cv",20,2,76.1218562794203,0.703800275011048,-1.51729393352589
"cv",20,3,87.052823999972,0.720972338668804,-1.64260304623526
"cv",20,4,72.1439762840402,0.700008823581834,-1.46779304422238
"cv",40,1,167.844685415702,0.560271090720695,-1.14966967400484
"cv",40,2,168.527298402246,0.524940235956357,-1.12405904383694
"cv",40,3,174.273306125421,0.5542110819146,-1.19389135040538
"cv",40,4,186.940832281939,0.567348031469542,-1.27970445207733
