"","","","","par1","par2"
"cv",20,1,95.5160655055822,-1.65741413390265,1.34088054606794
"cv",20,2,101.28997467233,3.12434062732229,-1.90287175254881
"cv",20,3,121.605501068099,-3.21303993010813,-3.6024627893929
"cv",20,4,94.5192791431828,3.41919859720456,-0.957556227738737
"cv",40,1,190.45021346571,-1.65806159676066,-0.0153924830622823
"cv",40,2,188.842063479448,-1.66114543841996,0.297246487196601
"cv",40,3,189.709256471263,-1.66047610288139,0.107068533653801
"cv",40,4,193.847077787014,-1.7746811355985,-0.31304940480429
