"","","","","par1","par2"
"cv",20,1,84.5844288210737,0.55393249815193,-1.91313662739778
"cv",20,2,63.0951604544224,0.571904334135211,-1.73457318510007
"cv",20,3,71.7179049601806,0.570771157960852,-1.70681017429181
"cv",20,4,77.2136894456119,0.658571487051125,-1.7769879290861
"cv",40,1,179.901340614948,0.666355935247496,-1.19421119396405
"cv",40,2,177.768987459,2.74034546868284,-1.67086750030389
"cv",40,3,197.952448220301,0.582437405320509,-1.42371555823378
"cv",40,4,176.187922072378,0.696032858427777,-1.19934477829252
