"","","","","par1","par2"
"cv",20,1,94.0730124257147,-3.83947203609572,-4.43470354074399
"cv",20,2,94.0730124257147,-2.66610816508951,-4.63557538719596
"cv",20,3,94.0730124257147,-3.13010204338491,-3.89392362890203
"cv",20,4,94.0730124257147,-4.53313661051971,-4.24676994092721
"cv",40,1,184.139263695584,-3.0964060779342,-4.52138555877645
"cv",40,2,184.139263695584,-3.01770059592328,-4.55558274520844
"cv",40,3,184.139263695584,-4.64327482070293,-3.57186116955164
"cv",40,4,184.139263695584,-2.28191824418094,-4.92356345747651
