"","","","","par1","par2"
"cv",20,1,94.5703562820693,0.695524918124341,-1.58252848210436
"cv",20,2,85.8733050185868,0.576470647328394,-1.29701477215555
"cv",20,3,83.5585795438525,0.513767556832264,-1.3533701925717
"cv",20,4,90.3980665853411,0.57647064797049,-1.36991196013112
"cv",40,1,176.683489114942,0.359113849013916,-1.00876295549355
"cv",40,2,180.665616360598,0.306287646945322,-1.13094803583885
"cv",40,3,183.472875322764,0.560071874930545,-1.10505709398285
"cv",40,4,194.211390883016,0.387980507065223,-1.19843074706015
