"","","","","par1","par2"
"cv",20,1,77.351100285836,0.668399298293205,-1.69180398554191
"cv",20,2,64.4343693521055,0.60133954411295,-1.65372227994562
"cv",20,3,92.3787267069483,0.620657421639541,-2.00967311387923
"cv",20,4,74.3567734656348,0.681869883253351,-1.80390020551606
"cv",40,1,198.840169299238,3.07806518181633,-1.85076501336709
"cv",40,2,175.270731222894,0.427713117759849,-1.24980013958354
"cv",40,3,168.771010317969,0.424354736208891,-1.09766429557286
"cv",40,4,187.083217120694,0.434549570727001,-1.37989573053716
