"","","","","par1","par2"
"cv",20,1,75.6396626085645,0.607283859737084,-1.70108614443134
"cv",20,2,73.0726948702261,0.528807881841545,-1.67637759950218
"cv",20,3,82.4455430398295,0.578938401041835,-1.59115779009375
"cv",20,4,75.1108563320423,0.523935872912595,-1.58163528137926
"cv",40,1,179.402790753962,0.327627869511419,-1.00685368700532
"cv",40,2,189.20979512798,0.412089071718672,-1.13872899363772
"cv",40,3,180.445946387454,0.606778053378957,-1.01841301926762
"cv",40,4,174.06157528935,0.54467506914202,-0.952099705874143
