"","","","","par1","par2"
"cv",20,1,95.8365131155003,-1.80562083955885,-0.0215951421349503
"cv",20,2,95.78652504064,-1.76624697462276,-0.00678189320449481
"cv",20,3,95.1527558207276,-1.75880097372664,0.565354231825312
"cv",20,4,95.848763865263,-1.79220429663659,-0.0250349297813263
"cv",40,1,188.082395015074,-1.76822777544894,-0.137603778586183
"cv",40,2,193.485721385008,-1.76555504477586,-0.586163862071214
"cv",40,3,189.550480130998,-1.65805895287602,-0.297294708072072
"cv",40,4,188.224062499855,-1.65366236267343,-0.149701428006326
