"","","","","par1","par2"
"cv",20,1,74.2538708492832,0.950656376608261,-1.6692691446255
"cv",20,2,78.5303947252467,0.46614088287089,-1.56082875478752
"cv",20,3,83.5382540477684,0.872491668641454,-1.83624670279157
"cv",20,4,95.1154272141646,0.571955539005898,-1.73313686926867
"cv",40,1,176.051014185652,0.411432829094914,-1.10433648992771
"cv",40,2,190.192472390084,0.58637203551567,-1.25331789580714
"cv",40,3,191.587945492404,0.325261714468221,-1.28728214578943
"cv",40,4,180.38884833021,0.316947799213865,-1.06727552286938
