"","","","","par1","par2"
"cv",20,1,94.0730124257147,-3.83536268047708,-3.97251745736662
"cv",20,2,94.0730124257147,-2.22408207649702,-4.75008025295279
"cv",20,3,94.0730124257147,-3.814829987038,-4.20411808207415
"cv",20,4,94.0730124257147,-2.48832599749829,-3.67709370296067
"cv",40,1,185.557345741808,-3.78011261927964,-0.602835656080967
"cv",40,2,212.540139746889,-2.8593057983327,-3.98117671760187
"cv",40,3,185.557345745775,-1.65281059053231,-0.602835654499801
"cv",40,4,185.55734568791,-1.65245876188697,-0.602835677723273
