"","","","","par1","par2"
"cv",20,1,99.1295549758616,3.87561138970753,-0.607691456648357
"cv",20,2,95.904315444277,-1.75201308320647,4.99999999999852
"cv",20,3,95.904315444277,-2.69726750618654,4.9999999999998
"cv",20,4,135.31395255377,-4.38225901446869,-4.11571986663122
"cv",40,1,187.435598621881,-1.93369263331801,-0.941748055636647
"cv",40,2,187.682231020276,-1.78960859779886,-0.946760945908021
"cv",40,3,185.191644966552,-1.79076322993654,-0.759113087251311
"cv",40,4,187.579959737909,-1.79422387742304,-0.944837650705081
