"","","","","par1","par2"
"cv",20,1,95.9202511481617,4.25221201009301,4.99999999992974
"cv",20,2,95.9156603469461,4.24681741776454,4.99999999961905
"cv",20,3,95.9169129777927,4.21610299043786,4.9999999999199
"cv",20,4,95.9239540815536,4.78759668624514,4.99999999972777
"cv",40,1,191.833049077419,4.22118424298139,4.99999999745287
"cv",40,2,191.830549166353,4.21976341184461,4.9999999974911
"cv",40,3,191.831231125195,4.27078395516908,4.99999999371726
"cv",40,4,198.455308668709,2.1337329719378,-0.137394541376198
