"","","","","par1","par2"
"cv",20,1,103.961495592725,3.22328461201828,-1.56788605982473
"cv",20,2,94.4132935714154,-1.79447114806443,-0.567888798389064
"cv",20,3,100.970817373844,-2.88776102586298,-4.02793966021925
"cv",20,4,94.4132935644131,-1.79263083201185,-0.567888810352713
"cv",40,1,186.279077929318,-1.77768137445388,-0.334355674797074
"cv",40,2,189.3290923178,-3.22279005695207,-0.611632375369372
"cv",40,3,187.525228731969,-1.77754970814171,-0.468479274187304
"cv",40,4,191.872778655723,-1.79249913696853,-0.768736518703026
