"","","","","par1","par2"
"cv",20,1,55.1700567916268,-0.00482190845518876,-1.88068610284578
"cv",20,2,95.3200365902732,-0.077227462138986,-2.0639441244243
"cv",20,3,51.2938438168843,0.0953894945449946,-1.88703661337908
"cv",20,4,61.2674992681384,0.0154343333526999,-1.92289272451082
"cv",40,1,134.971679316576,-0.0579854919630921,-1.74420137961363
"cv",40,2,119.521894295282,-0.0264615602638357,-1.66732097806554
"cv",40,3,178.571607156862,-0.0218921034131384,-1.92051921112394
"cv",40,4,104.705016583831,-0.021888790981245,-1.70428763562669
