"","","","","par1","par2"
"cv",20,1,75.4375424026527,0.430718104858867,-0.857892690349566
"cv",20,2,87.3026474653847,0.48485847608855,-1.19310093110264
"cv",20,3,92.2177075397535,0.483644364992411,-1.21020378920718
"cv",20,4,96.952913222511,0.484858476088314,-1.28569647938791
"cv",40,1,191.608179767882,1.03175135256468,-0.945662540288786
"cv",40,2,183.27188981048,0.607599410583078,-0.663184342926605
"cv",40,3,184.835383577761,0.555634995012695,-0.791010990942839
"cv",40,4,183.682254595617,0.955576185851583,-0.784345816742689
