"","","","","par1","par2"
"cv",20,1,94.0730124257147,-2.75250351433554,-3.50734884373394
"cv",20,2,94.0730124257147,-4.3885477711024,-4.84500978382479
"cv",20,3,94.0730124257147,-2.22098577754448,-3.96870454034041
"cv",20,4,94.0730124257147,-3.05981032455813,-4.13173082790825
"cv",40,1,187.610868599866,-1.79275478018276,-0.940529699218528
"cv",40,2,185.205061254209,-1.79124752967528,-0.752966899875101
"cv",40,3,185.205061489889,-1.79259027762613,-0.752966792244772
"cv",40,4,191.606377333228,-3.86454050690276,-1.19250867370894
