"","","","","par1","par2"
"cv",20,1,81.3919336634396,0.634864741039082,-1.68981493661873
"cv",20,2,88.9896635858305,0.614558659075023,-1.71534489779402
"cv",20,3,71.8664425284029,0.909736857430879,-1.57029598427815
"cv",20,4,70.1927015409554,0.622326970728856,-1.52174923760478
"cv",40,1,179.876449519315,0.526201853047413,-0.979075071864282
"cv",40,2,190.69024391671,3.0527298002031,-1.36378088463048
"cv",40,3,189.302705553263,0.540384827827381,-1.09823917231212
"cv",40,4,177.953875505944,0.563091128076264,-0.947933705572174
