"","","","","par1","par2"
"cv",20,1,103.58134134583,0.169461870535796,-1.98041499466988
"cv",20,2,81.7730674959064,0.307871203564573,-1.91067979629781
"cv",20,3,34.6811221295892,0.159623776302648,-1.59376448225667
"cv",20,4,60.8858170142908,0.340521049534201,-1.79271602959792
"cv",40,1,202.619589486792,-0.0654836784069994,-1.77519904757882
"cv",40,2,218.94915557134,-0.0815007367763287,-1.81821110837284
"cv",40,3,120.475272334543,0.0703093895871384,-1.51587177324786
"cv",40,4,95.0408411926036,0.22353785570497,-1.38115206843894
