"","","","","par1","par2"
"cv",20,1,62.7551188912236,0.350424612158646,-1.92805815001321
"cv",20,2,65.9763047268166,0.350463486492488,-2.01655943565382
"cv",20,3,47.0743459688492,0.406344863275824,-1.91235303689044
"cv",20,4,43.5971297436784,0.350463486482844,-1.8257533202414
"cv",40,1,31.8520389017565,0.197645297035641,-2.2546615375591
"cv",40,2,106.572838541527,0.130862338278547,-2.47065107560522
"cv",40,3,50.2001797580258,0.184302879288678,-2.29110589805228
"cv",40,4,84.3828530201484,0.566528621147771,-2.60607950720502
