"","","","","par1","par2"
"cv",20,1,82.9443632011041,0.39701884650831,-1.29829987207882
"cv",20,2,97.5828761672088,0.549059778005831,-1.54076448696397
"cv",20,3,90.080595893791,0.560150406706449,-1.41437678318171
"cv",20,4,87.3686324319483,0.780107118629126,-1.43274627654921
"cv",40,1,182.277505615647,0.531844790441559,-1.13854835622562
"cv",40,2,183.272832017588,0.363342634855954,-1.25004656808256
"cv",40,3,187.551533167045,0.363342634855979,-1.21484750549168
"cv",40,4,176.770934842673,0.363342634856095,-1.08578084331374
