"","","","","par1","par2"
"cv",20,1,99.3333453624549,3.7162841050503,-0.943586372831187
"cv",20,2,95.1736278346679,-1.65351592326325,0.601427219702088
"cv",20,3,95.1736277763394,-1.65034962389031,0.601427117988742
"cv",20,4,114.73696650227,-4.2654772219714,-3.63798976727621
"cv",40,1,184.478500961776,-1.79217285240277,-1.19317238225307
"cv",40,2,184.478501003018,-1.79261795408217,-1.19317234463234
"cv",40,3,184.478501071893,-1.79556223352058,-1.19317228180388
"cv",40,4,191.257740005882,-4.24396389373961,-4.0931300525142
