"","","","","par1","par2"
"cv",20,1,95.7921954731442,-1.77006007479452,1.43790196973091
"cv",20,2,97.943604246842,-1.76144068169776,-0.0247263318585085
"cv",20,3,95.9043154442766,-3.28685821814026,4.9999999999643
"cv",20,4,95.794390963075,-1.76537312461151,1.42202460356967
"cv",40,1,195.167082293544,-1.69648184413488,0.442571358267278
"cv",40,2,191.800990690947,-1.79296382638843,4.99999999999559
"cv",40,3,192.102599715397,-1.75729453513256,1.20945622391008
"cv",40,4,191.785032268518,-1.64602566500325,4.25243855691983
