"","","","","par1","par2"
"cv",20,1,94.0730124257147,-2.16767774146814,-4.06286781718069
"cv",20,2,94.0730124257147,-4.49728782528793,-3.80927539317252
"cv",20,3,94.0730124257147,-4.20138724671047,-4.00642355903983
"cv",20,4,94.0730124257147,-2.96881350982236,-3.66729896668981
"cv",40,1,184.139263695584,-2.47615918284282,-3.55121356610646
"cv",40,2,184.139263695584,-3.99074459261869,-4.17182282541748
"cv",40,3,184.139263695584,-2.47206118583966,-4.41210002457493
"cv",40,4,184.139263695584,-4.49914250978559,-4.2082699335963
