"","","","","par1","par2"
"cv",20,1,77.577500684239,0.370181753153958,-1.46690546066659
"cv",20,2,85.0754121394647,0.413098196406028,-1.53487771652639
"cv",20,3,76.8111703879366,0.43715091071306,-1.42633795122726
"cv",20,4,83.1307600891919,0.592214781881058,-1.40585256338203
"cv",40,1,177.414359846715,0.312362660492434,-1.08276366469515
"cv",40,2,201.006859685093,3.00025610635196,-1.51799330412476
"cv",40,3,184.532342084143,0.358941560404884,-1.10663709780824
"cv",40,4,185.326884282942,0.345631223484821,-1.15513441164525
