"","","","","par1","par2"
"cv",20,1,74.6338787483134,0.448299936894537,-1.67301432901875
"cv",20,2,83.2813390009662,0.483604796099511,-1.69446602874783
"cv",20,3,96.8989503205004,0.34402525732218,-1.8603517198935
"cv",20,4,72.4329995842675,0.462282518836865,-1.7103348699
"cv",40,1,172.672430002424,0.197011010336845,-1.25265180068594
"cv",40,2,188.100398410115,0.257289504021396,-1.48435139294311
"cv",40,3,178.454638620687,0.227713135316543,-1.29661289162466
"cv",40,4,180.219067138392,0.222762918625261,-1.30337507109966
