"","","","","par1","par2"
"cv",20,1,82.3437505881703,0.555107091392569,-1.65000235773626
"cv",20,2,76.1182650399659,0.444685275189935,-1.4889999933233
"cv",20,3,75.4770659764444,0.405883366559932,-1.54542230154869
"cv",20,4,72.6685435167104,0.552563751981205,-1.5025842061896
"cv",40,1,169.247947654578,0.528835044329961,-1.33222380100067
"cv",40,2,173.829374171557,0.524559186885107,-1.34928243409166
"cv",40,3,178.686057093741,0.537628327245771,-1.38224447966726
"cv",40,4,158.175124688856,0.523851065746768,-1.26140372435451
