"","","","","par1","par2"
"cv",20,1,88.5667669246308,0.433868737048137,-1.53982699026256
"cv",20,2,79.1443502497705,0.433868737048146,-1.42484491477378
"cv",20,3,81.0919058481312,0.433868737048165,-1.50138893243681
"cv",20,4,71.7492869153325,0.527211650687505,-1.36095264499659
"cv",40,1,177.642526648729,0.373881628992943,-1.20532377254344
"cv",40,2,176.781737239243,0.373917143937324,-1.1423147657233
"cv",40,3,188.350437313825,3.2983526673195,-1.53403640361239
"cv",40,4,175.984691227182,3.29835276009188,-1.45307878723274
