"","","","","par1","par2"
"cv",20,1,95.9303311024028,3.63346656255618,4.99999999996092
"cv",20,2,95.9346016501118,3.84834020433685,4.99999999997361
"cv",20,3,95.9862404589861,3.49135983721417,4.99999999968514
"cv",20,4,95.9262176812498,3.66236994412467,4.99999999988453
"cv",40,1,191.856058405882,3.36488364480787,4.99999999985265
"cv",40,2,191.837596572567,3.41923879894698,4.99999999999172
"cv",40,3,191.860419313155,3.36522583185355,4.99999999991021
"cv",40,4,191.875816671628,3.55652332770229,4.99999999902504
