"","","","","par1","par2"
"cv",20,1,40.881973260067,0.471771991630902,-1.98895248578477
"cv",20,2,60.4291896826859,0.301496484755105,-2.09867295311794
"cv",20,3,66.1434399003527,0.250932868485024,-2.15558653462819
"cv",20,4,54.1510673984992,0.28179296984262,-2.06037577199722
"cv",40,1,44.480458516071,0.475425934846299,-2.43192841033109
"cv",40,2,158.931483479408,0.718291915927237,-2.97096957657777
"cv",40,3,31.8571655332734,0.560244947438025,-2.3468692179654
"cv",40,4,64.1040543584634,0.493740017737561,-2.51099901138293
