"","","","","par1","par2"
"cv",20,1,95.9182791860382,3.85819833098376,4.99999999994988
"cv",20,2,97.1804088539026,-1.79356600644645,1.33297694706278
"cv",20,3,95.9181630633966,3.73117326686738,4.99999999985907
"cv",20,4,95.9166897483433,3.78734518736716,4.9999999996792
"cv",40,1,191.841695227026,-1.67883742070509,4.99999999999458
"cv",40,2,191.843319447028,4.00661871523049,4.99999999974664
"cv",40,3,191.848257683183,-1.69644135755202,4.99999999998324
"cv",40,4,191.855746697327,-1.64501686018094,4.99999999998515
