"","","","","par1","par2"
"cv",20,1,78.1119478382666,0.299481886874939,-1.52980966946146
"cv",20,2,81.2783392429887,0.299481987890427,-1.70458794926887
"cv",20,3,77.177233232878,0.212571506164896,-1.42556142578781
"cv",20,4,93.0296375241491,0.299481886874476,-1.69657866533602
"cv",40,1,174.291347197908,0.37586085078055,-1.22375628604215
"cv",40,2,183.987571218861,0.465675223190605,-1.48641750681293
"cv",40,3,172.619008646248,0.447120917188751,-1.39160261978497
"cv",40,4,167.882029261494,0.429219095271962,-1.31977044745147
