"","","","","par1","par2"
"cv",20,1,88.5449483275715,0.46172889255435,-1.96793833732584
"cv",20,2,80.3559746703352,0.253229495665809,-1.73114737649693
"cv",20,3,90.4419849804354,0.253229495662449,-1.7976176451267
"cv",20,4,38.7084168926445,0.367189392602983,-1.4640180860212
"cv",40,1,166.268731207473,0.310102641814546,-1.01860184472194
"cv",40,2,184.706423503474,0.3046777882883,-1.20114933713735
"cv",40,3,173.412279297653,0.358765280217481,-1.16052201094812
"cv",40,4,194.913135906443,0.385435785481101,-1.44370400787283
