"","","","","par1","par2"
"cv",20,1,95.1410023586669,-1.7950217024145,0.545312988689825
"cv",20,2,97.8975167837836,-3.41605113528488,-0.558852973020055
"cv",20,3,95.8651047498485,-3.30751387377728,-0.0393898683258139
"cv",20,4,95.141002374644,-1.79333210566861,0.545313015804756
"cv",40,1,186.287280066423,-1.6572359212448,-0.331468539207052
"cv",40,2,186.287279992511,-1.65731460756548,-0.331468565216191
"cv",40,3,191.861866192906,-1.7655745285178,-0.766513802758162
"cv",40,4,191.840201923019,-1.65699034500777,-0.766255458158733
