"","","","","par1","par2"
"cv",20,1,90.4689390487713,0.435943419573015,-2.14517351878757
"cv",20,2,90.9119874618791,0.434858903648854,-2.15281956565718
"cv",20,3,84.6318589986519,0.396157834956778,-2.11599593937014
"cv",20,4,87.4811072706978,0.369673275511657,-2.15047087536078
"cv",40,1,173.089379713333,0.251371414426803,-2.11969604738982
"cv",40,2,174.060987039323,0.246801171064224,-2.16012041401976
"cv",40,3,165.541313099937,0.23938462522141,-2.05735860263448
"cv",40,4,167.415691377797,0.19090229145963,-2.1055133262628
