"","","","","par1","par2"
"cv",20,1,91.3284001667444,-0.189226575853793,-2.39374298891651
"cv",20,2,95.7786517653633,-0.0103239690844549,-2.35650948577616
"cv",20,3,87.6581906726915,-0.186546348282433,-2.22971212853096
"cv",20,4,90.5141889323703,-0.114502517950606,-2.28066440236087
"cv",40,1,194.756030097399,1.04783378178462,-0.628910525904368
"cv",40,2,184.669378662225,-0.193011602032325,-1.41006837138324
"cv",40,3,199.664471136687,-0.22105864193648,-1.88019598823491
"cv",40,4,186.127653632606,-0.117369430924056,-1.41520724932869
