"","","","","par1","par2"
"cv",20,1,94.7434828895845,-1.0188145779247,-1.07795751409349
"cv",20,2,94.3089162660953,-0.772430129587849,-1.02566838244489
"cv",20,3,98.3701607290233,-0.766865544465631,-1.55942271027347
"cv",20,4,93.7502895322666,-0.616239774774651,-1.50676713852945
"cv",40,1,188.339383982508,-0.704671922436964,-0.875251427756456
"cv",40,2,191.466110308806,-0.653690187861778,-1.11937394116691
"cv",40,3,188.273352428605,-0.652280969786183,-1.23593564680009
"cv",40,4,184.80664213557,-0.698304116164222,-1.35072629288932
