"","","","","par1","par2"
"cv",20,1,110.37791772021,-0.180535680362152,-2.66659023558763
"cv",20,2,88.9105151165967,2.34204928194726,-0.920040947000771
"cv",20,3,96.8365825108127,2.41458587408207,-1.2211752591359
"cv",20,4,92.3262252813112,2.29667388941927,-1.07227205985497
"cv",40,1,189.707109449573,-0.381798765069113,-2.40479623915866
"cv",40,2,173.888050404699,-0.415412418536478,-2.14112719118203
"cv",40,3,177.40669102348,-0.387960270611645,-2.17234744636835
"cv",40,4,179.060902742223,-0.368503860511621,-2.23729015241168
