"","","","","par1","par2"
"cv",20,1,98.1425223882437,2.35085642365041,-0.569816325375201
"cv",20,2,118.659063198056,-0.073116066086069,-2.44926549237396
"cv",20,3,93.1171728761356,0.7278026041115,-0.887637895123081
"cv",20,4,99.3899762837687,0.653520198208978,-1.43568362441717
"cv",40,1,192.516216629645,4.99999999993816,0.695620459006964
"cv",40,2,191.831782871428,4.99999999975078,4.99999999840167
"cv",40,3,197.645993342092,2.17972609928413,0.295308863871749
"cv",40,4,191.830373999036,4.99999999883194,4.99999999987238
