"","","","","par1","par2"
"cv",20,1,92.0977767759327,-0.221858224781338,-2.4716483907385
"cv",20,2,85.612182406181,-0.273632162655624,-2.3287954667587
"cv",20,3,90.8780263202367,-0.168037370044268,-2.43897041983861
"cv",20,4,87.0352672331729,-0.255491969921523,-2.3119021622317
"cv",40,1,175.860840113044,-0.369151405965041,-2.295535261253
"cv",40,2,174.649846141759,-0.378717332159368,-2.25311191147906
"cv",40,3,195.84849175497,-0.238666810222138,-2.41196411188738
"cv",40,4,172.60057320047,-0.382896442683472,-2.19555006282012
