"","","","","par1","par2"
"cv",20,1,95.9129315638332,4.70340300593383,4.99301959605372
"cv",20,2,97.8798664474797,2.24364253353497,-0.731991744775885
"cv",20,3,96.4571701228659,2.20738865060468,-0.79081806005682
"cv",20,4,129.476819254325,2.11707441956026,-1.48611126021992
"cv",40,1,120.253613772814,2.03473563884891,-1.83393505345993
"cv",40,2,82.1170906900403,1.97418178651551,-1.78729026413404
"cv",40,3,308.095454730485,2.01377674811076,-2.12175944356235
"cv",40,4,96.0312495335044,2.13954911999913,-1.73703612682711
