"","","","","par1","par2"
"cv",20,1,111.155858987167,-0.329122551870619,-2.58017425532727
"cv",20,2,97.1874531914289,2.83174164520199,-0.363765420065812
"cv",20,3,93.8997437825557,-0.356186022834276,-1.00312825638503
"cv",20,4,95.2889476932134,2.23043892598622,0.135074022591405
"cv",40,1,181.262436247608,-0.375619787915821,-1.78846105006341
"cv",40,2,185.779608613111,-0.357359778740472,-1.94356068838126
"cv",40,3,185.801296381982,-0.393709242851116,-1.96336078798202
"cv",40,4,184.038134408113,-0.3437598660097,-1.88551031965586
