"","","","","par1","par2"
"cv",20,1,99.0768687564682,-0.933878190190476,-0.996099386907834
"cv",20,2,98.3910554224571,-3.7947593561067,-0.705241487280131
"cv",20,3,95.4435284610289,-0.685967868664691,-0.718727977780407
"cv",20,4,96.3287667678363,-1.79718789659286,-0.740388015749468
"cv",40,1,185.777875898145,-0.761361113044567,-1.34855209993007
"cv",40,2,185.533717193399,-0.616832619988939,-0.641213084772936
"cv",40,3,189.790439424931,-0.61031792729577,-0.617393534148105
"cv",40,4,194.625594865857,-0.677569165505773,-1.17585609906918
