"","","","","par1","par2"
"cv",20,1,97.9894525262027,1.31248515582086,-1.59293179676313
"cv",20,2,87.5846489966883,1.47739695067826,-1.25382759774898
"cv",20,3,135.820529967671,0.041251620413546,-2.84252640875366
"cv",20,4,92.8485227135567,1.40071515299383,-1.52257679270474
"cv",40,1,201.161722304969,2.45370307488729,-1.66372069750401
"cv",40,2,186.635525080791,2.41836940790044,-1.35528446776548
"cv",40,3,164.698216103104,2.50986762414432,-0.692067880807754
"cv",40,4,203.911069536256,2.41045909933624,-1.60199182357191
