"","","","","par1","par2"
"cv",20,1,105.255934206408,2.24010540784201,-1.80680604907121
"cv",20,2,98.1428165448607,2.42508278796794,-1.80469552752447
"cv",20,3,51.1813952149187,2.26531050247739,-1.43616754229209
"cv",20,4,98.3860276276905,2.27817539129271,-1.8085849037575
"cv",40,1,210.764300649738,2.39007519954799,-1.907023901693
"cv",40,2,62.2745846261968,2.39454866171551,-1.64200179952921
"cv",40,3,60.6545308303473,2.39112379302056,-1.70872815886235
"cv",40,4,210.578079013078,2.37836880206367,-1.86448497838161
