"","","","","par1","par2"
"cv",20,1,89.7558419186827,-0.202708325491419,-2.57197509605737
"cv",20,2,83.1161428296659,-0.254952822628594,-2.5361084911832
"cv",20,3,101.104057226313,-0.0378203455497546,-2.72667192842647
"cv",20,4,107.513901096112,2.32776909580006,-1.54091435413245
"cv",40,1,180.702952332785,-0.259628832516912,-2.26110193057413
"cv",40,2,175.651004621199,-0.294371419731622,-2.29817466578748
"cv",40,3,172.351587701575,-0.334272157341352,-2.20037541606532
"cv",40,4,180.597042301464,-0.287036714861884,-2.36490882590627
