"","","","","par1","par2"
"cv",20,1,119.202119558542,2.76410179232844,-1.2290716160068
"cv",20,2,93.8044267760174,2.69524487896504,0.575154392339084
"cv",20,3,94.8249072589372,2.62954474262164,-0.0328515586700892
"cv",20,4,102.324129930104,3.4330355463384,-0.700268862416017
"cv",40,1,187.618993003372,1.64687383995262,-0.506467007544829
"cv",40,2,187.37009144742,1.96796552559439,-0.525655926533985
"cv",40,3,215.25737025585,1.77545108551505,-1.40561542337461
"cv",40,4,233.675424122704,2.29549959686076,-1.29128655149441
