"","","","","par1","par2"
"cv",20,1,95.9781841367738,-0.732798437501903,-0.923359451512821
"cv",20,2,97.3321225047973,2.92107274050906,-1.17068475047774
"cv",20,3,97.2250711335446,-4.16104388723376,-1.01822624365986
"cv",20,4,97.3546225305848,4.33431614194457,-1.20034698174426
"cv",40,1,189.393380317045,-2.27496191393584,-0.634349020444533
"cv",40,2,192.096006885218,-0.859895238526729,-0.759560590112511
"cv",40,3,194.51461923551,-1.51598256370459,-0.897862582830248
"cv",40,4,191.444695957738,-3.10799363698447,-0.911520351726563
