"","","","","par1","par2"
"cv",20,1,107.64842475878,1.97024912458191,-0.634373027027806
"cv",20,2,97.7346748413431,-0.403449718136144,-2.17050358370704
"cv",20,3,96.9245735854688,2.63909245820317,-0.271844341460872
"cv",20,4,98.1474157076109,-0.44196634347024,-2.10952304370176
"cv",40,1,184.578334821729,2.26541560604115,-0.600683071966035
"cv",40,2,200.101340156032,-0.527772823972206,-1.61337461758556
"cv",40,3,199.046676040918,2.30973568673722,-1.16942308974206
"cv",40,4,190.409384651301,2.45397653203512,-0.749581417213925
