"","","","","par1","par2"
"cv",20,1,93.3728381692556,-0.307092157250069,-2.61330355735695
"cv",20,2,90.7175281051564,1.6405706891604,-1.54475711041395
"cv",20,3,87.8603170465803,1.70613355220119,-1.30261662401513
"cv",20,4,93.1454853310361,1.64502387577996,-1.49212614339374
"cv",40,1,181.744882233583,-0.358113819651831,-2.3203848345395
"cv",40,2,178.961263611316,-0.380741693577628,-2.23652351150945
"cv",40,3,174.377491963427,-0.393343635110603,-2.17984966095484
"cv",40,4,182.334123579159,-0.359312468088147,-2.22309152955786
