"","","","","par1","par2"
"cv",20,1,100.713926504757,2.80763574023047,-1.49805661215543
"cv",20,2,83.0826417095628,2.83310604046495,-1.3826860384715
"cv",20,3,76.955730677443,2.7913883305978,-1.02826567825021
"cv",20,4,105.370838028466,2.84684277295804,-1.56143169314736
"cv",40,1,76.3751473464668,3.07068846358267,-1.3803789771758
"cv",40,2,204.549834420507,4.99724299742093,-1.55444270672191
"cv",40,3,220.068918128718,3.07829595063246,-1.70769584287005
"cv",40,4,220.279748879075,3.07033095776803,-1.68260781340961
