"","","","","par1","par2"
"cv",20,1,95.4198602301142,-0.794652096887774,-1.28568658682909
"cv",20,2,94.1670200748801,-0.636423236036355,-1.04148024940777
"cv",20,3,93.0044281380333,-0.784786131184074,-1.50094456845851
"cv",20,4,102.569211207841,-0.643323210177419,-1.45021996116565
"cv",40,1,186.294658886696,-0.694146584549263,-1.06275820619312
"cv",40,2,189.432268685141,-0.741463436632214,-1.3452597745573
"cv",40,3,190.838200610413,-4.40421381732449,-1.04583609336987
"cv",40,4,189.726725010897,-3.27011229259484,-0.794910105211223
