"","","","","par1","par2"
"cv",20,1,85.3073501054857,-0.255322895444391,-2.54814997679164
"cv",20,2,85.5765726907116,-0.239210460399164,-2.52553077125106
"cv",20,3,88.2675695330873,-0.204057134318745,-2.616931600783
"cv",20,4,87.1658166791776,-0.21016538232821,-2.56224873759912
"cv",40,1,185.91579111,-0.442228526805265,-2.24266930430155
"cv",40,2,179.340582728402,-0.509906754898613,-2.09924735487583
"cv",40,3,181.794275689151,-0.472833467807076,-2.1728748331843
"cv",40,4,178.85547943997,-0.497846242733065,-2.10149878169344
