"","","","","par1","par2"
"cv",20,1,89.1912504228366,-0.238225262615231,-1.87114166157531
"cv",20,2,101.633311700504,0.837182048677622,-1.0036311525543
"cv",20,3,89.8340211388802,-0.160420734066984,-2.00603176469315
"cv",20,4,116.088111862744,-0.0985907192259962,-2.81661741076851
"cv",40,1,174.705461157742,-0.305357116421653,-2.21525619517347
"cv",40,2,184.449139158149,-0.213479528581156,-2.2912241700446
"cv",40,3,174.270733328747,-0.285809265265238,-2.20293714817177
"cv",40,4,176.367297925292,-0.246162424377598,-2.19546705965948
