"","","","","par1","par2"
"cv",20,1,95.9129861459849,1.35424896286872,4.99999999535252
"cv",20,2,95.9116871125044,1.58390107132661,4.9999999991817
"cv",20,3,102.279939982004,1.52956955931188,-0.201264725794593
"cv",20,4,95.9023716631861,1.54356996751516,4.99999999960915
"cv",40,1,195.010299291555,1.6748691299936,1.19708021824135
"cv",40,2,191.795363238278,1.94933465736881,4.99999999997551
"cv",40,3,229.396465871844,2.02825728817797,-0.585171702929214
"cv",40,4,191.812945405391,1.89594401307917,4.99999999949838
