"","","","","par1","par2"
"cv",20,1,97.963967510185,-0.782345468448013,-1.24630575941917
"cv",20,2,100.924875469246,-4.67637094329324,-1.30474375086148
"cv",20,3,96.4299154709151,-0.796213194782976,-1.03902609535637
"cv",20,4,97.2658961519296,-0.598213117264211,-1.48338113581245
"cv",40,1,187.583958239412,-0.738011856097728,-1.10594459049566
"cv",40,2,189.682121259354,-0.787563503098391,-1.14841415838426
"cv",40,3,190.060387407889,-0.704906954321125,-1.29096604187123
"cv",40,4,191.139874805044,-0.809536346008748,-1.26371164882877
