"","","","","par1","par2"
"cv",20,1,74.125680248004,2.01016203610219,-1.6152779128547
"cv",20,2,90.3544442370097,2.02356135414572,-1.74335811688898
"cv",20,3,74.3762942633604,2.27989042640505,-1.53345526962233
"cv",20,4,94.7536041025953,2.02029922171488,-1.65345141933717
"cv",40,1,188.16183922135,2.40908830024805,-1.86151703879377
"cv",40,2,210.194881202339,2.18697239228266,-1.82142610741312
"cv",40,3,155.556702522217,2.41441137314382,-1.76903460447223
"cv",40,4,146.019946021152,2.56591351468932,-1.58474504888258
