"","","","","par1","par2"
"cv",20,1,85.0286967280658,2.46394574788998,-1.50790276211928
"cv",20,2,95.4566913978276,2.40492421815914,-1.55418180589413
"cv",20,3,97.3122914465971,2.17159607109057,-1.46699040975597
"cv",20,4,95.1292465619807,2.46034185069474,-1.5884048869126
"cv",40,1,213.850691138623,2.25350872372312,-1.79303501034765
"cv",40,2,87.7172501230621,2.25121079903997,-1.53903431377895
"cv",40,3,200.859271490513,2.24868850996301,-1.74330195056278
"cv",40,4,172.626960574334,1.79284673765546,-1.69369077215158
