"","","","","par1","par2"
"cv",20,1,97.4715004613208,3.43296053102332,-1.1222978412227
"cv",20,2,98.0945887250794,3.2537431448638,-1.24201229124434
"cv",20,3,100.421102948337,-0.57472215663554,-1.03596254829317
"cv",20,4,93.9649805864804,3.72428008501154,-1.04652330722583
"cv",40,1,190.134759271802,-0.661240871509115,-0.873958137474462
"cv",40,2,184.670772953064,-0.687449288450778,-0.761198361701095
"cv",40,3,187.190639080187,-0.717869735569192,-0.853138975465109
"cv",40,4,196.838432206961,-0.823299291557677,-1.00331972898148
