"","","","","par1","par2"
"cv",20,1,93.8280214513587,-0.792746039007956,-1.13471148654633
"cv",20,2,95.872180702823,-0.759170189647364,-1.21834335626485
"cv",20,3,94.242216379828,-0.792219428279167,-1.4793491186517
"cv",20,4,94.315455393808,-0.779111734343613,-1.48310405769961
"cv",40,1,190.100451265128,-4.31686280725553,-0.516159319791198
"cv",40,2,190.571058063271,-0.810866636924915,-1.01662780795063
"cv",40,3,191.149483119122,-0.728791034977533,-0.998767820181891
"cv",40,4,198.367712337132,-0.670264269200527,-1.2496265947478
