"","","","","par1","par2"
"cv",20,1,100.740144995853,1.93809220716455,-1.31759792031317
"cv",20,2,99.9781236560268,2.41301950108402,-1.61516386533744
"cv",20,3,98.2813218371485,2.42028613632305,-1.60182328061527
"cv",20,4,101.788591103643,2.47734831198696,-1.55562005356179
"cv",40,1,192.320786023108,2.28927279158475,-0.234443657192525
"cv",40,2,195.923140068104,2.48993981506678,-1.02644851239377
"cv",40,3,192.555477372416,2.47894357887505,-0.929822682181551
"cv",40,4,192.636016506154,2.50047347045176,-0.997394041671881
