"","","","","par1","par2"
"cv",20,1,102.666440609859,1.93550362719029,-0.195803727502865
"cv",20,2,95.8968923401299,2.18895810633515,4.99999999316642
"cv",20,3,96.4722479009866,2.34463520570739,0.567290403790462
"cv",20,4,95.9662072761683,2.19253685012656,0.349437763818158
"cv",40,1,192.784949535066,2.61309972151122,0.981365223827432
"cv",40,2,191.715564171074,2.34749038793348,1.75739011069359
"cv",40,3,193.593897037217,2.31353306145248,0.640209279824633
"cv",40,4,191.812026186491,2.56072960542393,4.99999999974699
