"","","","","par1","par2"
"cv",20,1,93.635210035555,-0.272401883790646,-2.54160837896805
"cv",20,2,91.6332795675823,-0.35464302283773,-2.49556437177192
"cv",20,3,91.0503950558486,-0.343967048112915,-2.49778595405145
"cv",20,4,89.8051121419126,-0.371529157920307,-2.55950620808556
"cv",40,1,179.900208678116,-0.341646402752296,-1.97943955886054
"cv",40,2,183.07509711167,-0.28617719434904,-2.01987520792147
"cv",40,3,179.868978894423,-0.374202503219072,-2.00268035506042
"cv",40,4,188.363842179453,-0.343631709276405,-2.145222933603
