"","","","","par1","par2"
"cv",20,1,93.2026123414631,2.40781829622897,0.0811465952199335
"cv",20,2,97.2525101427774,3.07215612772909,-0.392665399910566
"cv",20,3,97.5649413277876,3.06126975410586,-0.508503384843812
"cv",20,4,98.7566384434161,1.18480847616579,-0.577707618994361
"cv",40,1,192.04338128638,3.01583086624052,-0.138913225820294
"cv",40,2,192.416247389407,3.39331647828635,-0.0534521382319821
"cv",40,3,189.821269525736,3.05844846116649,0.0143189971906485
"cv",40,4,190.834797108032,3.00012773607605,-0.0382788652630253
