"","","","","par1","par2"
"cv",20,1,93.644297502383,-0.682423043602167,-1.24869649724035
"cv",20,2,98.1915546285263,-0.830720971216233,-1.11445519146453
"cv",20,3,93.0040655158115,-0.875896781329479,-1.37922820300423
"cv",20,4,97.3730704697278,-0.6425842580333,-1.13533538768775
"cv",40,1,189.357636848604,-0.629986423497162,-1.02363937704562
"cv",40,2,186.516003021607,-0.74212152714335,-1.16634715790575
"cv",40,3,186.693284960195,-0.591661339855629,-1.15449088742004
"cv",40,4,188.59174527574,-0.624586160306046,-1.10305901312459
