"","","","","par1","par2"
"cv",20,1,94.1924020111309,-1.0917800785328,-0.783630345415638
"cv",20,2,94.9828935192499,-4.98687515598442,-0.649532845825297
"cv",20,3,101.992699847965,-2.07768164272586,-1.3111555517913
"cv",20,4,96.8755097392817,-2.20203441899791,-0.673559441743846
"cv",40,1,191.901261702793,-3.43926457406776,-1.12343318314241
"cv",40,2,188.807338026219,-4.84598595649004,-1.01262257814194
"cv",40,3,191.124574946067,-1.47064069951935,-1.22441535173225
"cv",40,4,191.056277766496,-1.11429986485231,-1.15213198576179
