"","","","","par1","par2"
"cv",20,1,89.5223323538893,0.0743807364479766,-2.45086380432416
"cv",20,2,83.4397860381234,-0.05360124758404,-2.37929735676277
"cv",20,3,96.174034916327,-0.0259418244715736,-2.58611115586243
"cv",20,4,84.5692850407059,-0.0539674228589764,-2.35358358779579
"cv",40,1,170.635965495711,0.0378192264783263,-2.18024977911382
"cv",40,2,173.585912639746,0.0876832340166547,-2.11693142158248
"cv",40,3,176.140168445962,0.0421699928936737,-2.24394509764095
"cv",40,4,171.692254330032,0.0398418967062164,-2.15410660807179
