"","","","","par1","par2"
"cv",20,1,113.58083752449,1.87320642285977,-1.87213305205376
"cv",20,2,102.73974345335,2.06673002048651,-2.12608619480228
"cv",20,3,87.5265793143273,2.01419584826582,-1.78266638085867
"cv",20,4,69.2411201975901,2.02084801569813,-1.52772625556217
"cv",40,1,183.441841503077,2.0674742617331,-1.27207481193449
"cv",40,2,416.017116777323,2.1083484306087,-3.88621296762799
"cv",40,3,177.889632470426,2.03055859442869,-0.989645095333427
"cv",40,4,185.384827040735,1.98262101831172,-1.17512128298153
