"","","","","par1","par2"
"cv",20,1,91.331729542301,-0.0626716746384159,-2.27090362378097
"cv",20,2,98.3914984279063,-0.0796231999173586,-2.39629269287467
"cv",20,3,89.3906724908458,-0.158068716588644,-2.14570519450453
"cv",20,4,88.5186661775732,-0.103632472347306,-2.1794475213427
"cv",40,1,173.590330021083,-0.156145852301037,-2.21024553914629
"cv",40,2,196.753949280597,-0.134368497366938,-2.40761741252299
"cv",40,3,175.378923295885,-0.18085190617664,-2.22850767424034
"cv",40,4,169.695395801374,-0.153107144627742,-2.09050983663843
