"","","","","par1","par2","par3"
"cv",20,1,73.9637995085227,-0.953953039355458,-0.682165512455442,-4.99863994432393
"cv",20,2,106.540947714903,-0.928222012674074,-0.681824976331018,-4.9999028460139
"cv",20,3,49.9672113894548,-0.963769847186243,-0.679292948173744,-4.99979137091974
"cv",20,4,66.2529452832436,-0.928650831555778,-0.697693368993762,-4.98667619073778
"cv",40,1,99.8863182652087,-0.849442992341051,-0.644165845707595,-4.25754428605119
"cv",40,2,127.945765033014,-0.980493869961763,-0.646732873181293,-4.998398562415
"cv",40,3,148.844050066243,-0.943668759390664,-0.65811778285109,-4.99996877079369
"cv",40,4,170.577402096613,-0.921182255615797,-0.687411316787667,-4.82139926955239
