"","","","","par1","par2","par3"
"cv",20,1,42.3467579848379,-0.907333015295361,-0.689301657691849,-4.97764018755385
"cv",20,2,74.8846737604566,-0.858298586079703,-0.715521060396226,-4.99968340881449
"cv",20,3,55.1850138943379,-0.894358960381465,-0.720167175180774,-4.99651126724264
"cv",20,4,74.7929584685004,-0.905778919724923,-0.706154163344278,-4.99903479520527
"cv",40,1,185.621883178819,0.374318714835441,-3.44088265274172,-1.25424542664104
"cv",40,2,116.588173253718,-0.950644361706062,-0.689903104935818,-4.99998578357901
"cv",40,3,131.828138105766,-0.950610697008775,-0.696325816481225,-4.99790572044511
"cv",40,4,173.869912949772,-0.903037237821285,-0.69287431828269,-4.99999978470866
