"","","","","par1","par2","par3"
"cv",20,1,65.0207457647361,-0.324316360038904,-0.701444576719809,-2.89962935665985
"cv",20,2,59.7301452576632,-0.267278916053533,-0.887471719929471,-2.69569404490667
"cv",20,3,110.662308325072,-0.346775076010007,-0.769978362114977,-3.32571269752314
"cv",20,4,83.3302679581622,-0.391471522683,-0.698319222380714,-3.03726515737356
"cv",40,1,149.691594585092,-0.459508950219487,-0.793021159870698,-2.91630843144768
"cv",40,2,152.759837821024,-0.389940710642759,-0.794057384733283,-2.78925019519084
"cv",40,3,148.845099196409,-0.515457921968219,-0.765086939076934,-2.92799883818393
"cv",40,4,198.028503657061,-0.616425928662716,-0.716096648694087,-3.48145122971607
