"","","","","par1","par2","par3"
"cv",20,1,66.276617101353,-0.89458894311214,-0.719090569337678,-4.98981000980271
"cv",20,2,72.1457374204806,-0.90676554993829,-0.712571330790957,-4.99984181320829
"cv",20,3,73.8280152981238,-0.883313047471507,-0.717643721698826,-4.99997692472602
"cv",20,4,113.5813966035,-0.950102233820782,-0.984859294598666,-4.99984457150013
"cv",40,1,158.870940245144,-0.9727364252236,-0.672622872152176,-4.9998871303898
"cv",40,2,150.84543151053,-1.00102466173374,-0.657552889136578,-4.99885700675193
"cv",40,3,152.104942968076,-0.991220271901406,-0.665713659931823,-4.99842568046208
"cv",40,4,175.532090257219,-0.990111745848048,-0.664547231597877,-4.99997619656165
