"","","","","par1","par2","par3"
"cv",20,1,53.1871779064933,0.0551117593126748,-1.6910632926334,-2.2697722851754
"cv",20,2,35.9020794215725,-0.339612723313308,-1.14376662055794,-2.78600421218752
"cv",20,3,83.2369998771439,0.311476223037774,-2.57811591723716,-2.05605392299437
"cv",20,4,93.1857388272995,-0.212933566344518,-1.26222588208308,-2.90174138061036
"cv",40,1,93.220910239323,0.0779577295667147,-3.33583227233541,-1.66266989372676
"cv",40,2,108.408964128951,0.193529257019149,-4.99994662519698,-1.68999045638512
"cv",40,3,103.367294555174,0.169042061447271,-4.13558104337268,-1.6660892976524
"cv",40,4,270.937869531068,-0.387796436494485,-1.53913885854335,-2.59139091856359
