"","","","","par1","par2","par3"
"cv",20,1,78.9961815300461,-2.0693876589876,-1.45676932024788,-4.96004684503799
"cv",20,2,11.9857979659077,-0.85501679912955,-1.39197233079787,-4.42247911487014
"cv",20,3,0.000200001000005756,-0.848997436151792,-1.39777167797628,-4.44750686698313
"cv",20,4,55.9589192278527,-0.827107093012962,-1.3826487455511,-4.63416247255651
"cv",40,1,53.7445839542066,-0.730207144538362,-1.19065104009622,-4.6698673204956
"cv",40,2,84.4023523008157,-0.669319709873551,-1.20192132096484,-4.99981768637929
"cv",40,3,56.8997123395581,-0.584638458561647,-1.25389847026957,-3.97197184639525
"cv",40,4,361.764587029732,-0.885349314745325,-1.04712971899488,-4.99971503519941
