"","","","","par1","par2","par3"
"cv",20,1,52.7697876445673,-0.554537627439842,-0.500479052365816,-3.74031961222362
"cv",20,2,63.2018525530047,-0.976388379204538,-0.663122097358488,-4.99924801043897
"cv",20,3,46.0567735683543,-0.768346841076276,-0.66626021276557,-3.97631152174606
"cv",20,4,75.5541299177198,-0.448019899332036,-0.754694307670393,-3.51529556748489
"cv",40,1,128.028573606595,-0.962007160594545,-0.626555360501281,-4.92136605315479
"cv",40,2,152.720857713841,-0.745346059439952,-0.689398513898884,-3.75591144307633
"cv",40,3,157.436593439646,-0.639562201598482,-0.733659702393236,-3.45407836700895
"cv",40,4,199.080965975074,-0.408130117658794,-0.706878476458056,-3.3256143188024
