"","","","","par1","par2","par3"
"cv",20,1,58.7310193965434,-0.838557964342119,-0.692622019696335,-4.46684136407669
"cv",20,2,51.4219698445193,-0.922131895560386,-0.67397095468908,-4.91780594049495
"cv",20,3,60.1118139938523,-0.858484672181049,-0.617987826887995,-4.8896314376216
"cv",20,4,59.7825031054488,-0.915971387161785,-0.689006407624541,-4.90725450016114
"cv",40,1,146.373361849619,-0.938002570707411,-0.714426456019847,-4.88352612930491
"cv",40,2,176.795956012622,0.302704113288462,-4.82990181375174,-1.13717976294827
"cv",40,3,156.285080314161,-0.942344823423657,-0.708585653788714,-4.99774565151978
"cv",40,4,293.208054020595,-0.950448582296552,-0.816921355417259,-4.99982068597818
