"","","","","par1","par2","par3"
"cv",20,1,44.8741238380897,-0.56073309404727,-1.99189050845031,-2.75813335521396
"cv",20,2,39.2173386640713,0.0968583544599591,-3.15999789817104,-2.30229191691211
"cv",20,3,90.6100391209128,0.531975258767709,-4.67583766836044,-3.07859376819892
"cv",20,4,3.17697764919208,0.157774295674825,-3.8311621123028,-2.28019230498362
"cv",40,1,72.317274263143,0.583847948699251,-4.78743781859401,-2.88885536975675
"cv",40,2,90.7756684711784,0.533059908410814,-4.90631276628693,-2.75929073323136
"cv",40,3,46.1544272781202,-0.421978689131391,-1.51829408610156,-2.87291424651699
"cv",40,4,50.1657162094778,0.47749418855104,-4.9996474370298,-2.50037693634348
