"","","","","par1","par2","par3"
"cv",20,1,71.0236880422676,-0.546937867620782,-0.736974048716931,-3.26906896543484
"cv",20,2,107.269108975554,0.999166945537407,-2.33311301402668,-1.56956589224786
"cv",20,3,80.4971285128114,-0.69122632166966,-0.636019871463414,-3.71350351688633
"cv",20,4,80.1153064873756,-0.63577198987335,-0.617531920766239,-3.77335944727571
"cv",40,1,197.241404377353,-0.371078248534887,-0.783920129372942,-3.28018580304914
"cv",40,2,150.592985314112,-0.41507138662956,-0.86000850151225,-2.91930339179706
"cv",40,3,139.964447240816,-0.423935819584606,-0.827582290696378,-2.99131256147512
"cv",40,4,123.208462345236,-0.459950287314059,-0.824433162118471,-2.93379473369204
