"","","","","par1","par2","par3"
"cv",20,1,56.3628868206761,-0.847847141554842,-0.721350464659409,-4.99999038280916
"cv",20,2,172.639411163133,-0.890293276315842,-1.09559362320758,-4.99999391059868
"cv",20,3,69.1742041560186,-0.851271009851597,-0.71643456827441,-4.9999962881951
"cv",20,4,51.3942657669939,-0.872241299081339,-0.710352003368669,-4.99999685797562
"cv",40,1,166.104856071807,-0.947704101609437,-0.68713114923494,-4.99999866665843
"cv",40,2,145.224641590782,-0.992736529162304,-0.682508881483676,-4.99906667431211
"cv",40,3,129.384098680262,-0.987446243001051,-0.682766278039806,-4.99996208135434
"cv",40,4,142.398262241113,-0.994305674408341,-0.673385879275143,-4.99859549868183
