"","","","","par1","par2","par3"
"cv",20,1,56.7896621570032,-0.940528150210234,-0.678295241723817,-4.943133157647
"cv",20,2,56.3636768307734,-0.948915375335144,-0.676172624405033,-4.98966251896244
"cv",20,3,63.8601900418736,-0.928591427612363,-0.69373423336163,-4.95306988463197
"cv",20,4,66.4746451136356,-0.913369012335242,-0.647342957020182,-4.99926897927172
"cv",40,1,138.294327240085,-0.940730892602022,-0.616190701227914,-4.96811735179107
"cv",40,2,137.19170812736,-0.567183684122245,-0.787011981629458,-3.50165223439175
"cv",40,3,177.162434571174,-0.956768290948784,-0.653697287577521,-4.9998286390429
"cv",40,4,117.934433873362,-0.860268999936553,-0.664617598655418,-4.52036287504596
