"","","","","par1","par2","par3"
"cv",20,1,99.6407209994562,-0.941327421367117,-0.667791308624953,-4.99900638986986
"cv",20,2,85.3269281456854,-0.400184057644709,-0.845154862877212,-2.81673670373054
"cv",20,3,88.1191105809367,-0.983525214419483,-0.615914738511815,-4.99745187714555
"cv",20,4,80.5860243551572,-0.488606004186637,-0.797581002236062,-2.90685587665215
"cv",40,1,182.294978203243,-0.032772727694548,-2.19095570173033,-1.15374075200029
"cv",40,2,186.434834495145,-0.292391675954657,-1.10959408919038,-1.70429004347415
"cv",40,3,220.368709096345,-0.812510589424209,-0.66959686377464,-3.77402544460469
"cv",40,4,179.987926329534,-0.272716203892962,-1.39168612397963,-1.42621822139924
