"","","","","par1","par2","par3"
"cv",20,1,56.9407139722091,-0.575674603007526,-0.708426160988507,-3.54681028728959
"cv",20,2,65.4767552140481,-0.456475447378599,-0.714009733929127,-3.48370236839322
"cv",20,3,62.6056955976496,-0.973848839504888,-0.651386765659232,-4.98990168802993
"cv",20,4,48.6243532547106,-0.96373958296984,-0.631482417156191,-4.97637501381365
"cv",40,1,130.685209369342,-0.533168390858494,-0.728649639409891,-3.50522864917535
"cv",40,2,158.848675246985,-0.498105771125974,-0.721346728018319,-3.46251578970202
"cv",40,3,102.015731634692,-0.642726117054004,-0.719880777701283,-3.61556107477221
"cv",40,4,136.071460300773,-0.751755559022893,-0.722695580065196,-4.07302129476073
