"","","","","par1","par2","par3"
"cv",20,1,127.179735320297,-0.382349598446081,-0.971207638339997,-3.25995999099873
"cv",20,2,74.2979570876399,0.65723332658299,-4.7288938551906,-1.80788091350546
"cv",20,3,69.8148103718228,0.791225919483033,-4.99993016044873,-1.91647159986832
"cv",20,4,93.4837843045839,0.569685976127201,-4.71131971499665,-2.0785625548203
"cv",40,1,118.955139513725,-1.00664200131286,-0.675488639069162,-4.99352893432338
"cv",40,2,208.504454550924,-0.947782153598735,-0.662297538260823,-4.99750703444484
"cv",40,3,166.548986405431,-0.737027097577538,-0.654838076293603,-3.82427694957131
"cv",40,4,150.485126113433,-0.501804417921389,-0.809794525071359,-3.11207186881991
