"","","","","par1","par2","par3"
"cv",20,1,62.2611147362849,-0.142781527502924,-0.932229754203522,-2.94145254549027
"cv",20,2,68.9236925424626,-0.339674851785562,-0.923047681898295,-3.07191294806916
"cv",20,3,61.2470514239785,-0.144799136353367,-1.02736960691749,-2.88609567717598
"cv",20,4,75.1972846499845,-0.309110117193873,-0.767324414508197,-3.22165750457834
"cv",40,1,153.516159515922,-0.430794026738721,-0.557727898532485,-3.38018705166813
"cv",40,2,127.354616610922,-0.492909923962862,-0.544985968124024,-3.30633158812842
"cv",40,3,147.931372708813,-0.578475720301526,-0.49024014328891,-3.54342155836231
"cv",40,4,144.929611072386,-0.6705504566238,0.108141345148816,-4.31120475098312
