"","","","","par1","par2","par3"
"cv",20,1,98.119392412211,0.0711066425876139,-4.99988667058575,-1.42403031590482
"cv",20,2,100.970830348651,-3.81164388151009,-0.886324938727848,-4.90850557135083
"cv",20,3,93.6701179458736,0.121383806547257,-4.99981873704715,-1.45212236844253
"cv",20,4,84.3435367274445,-0.761376264267933,-1.50186854634555,-1.11452497242565
"cv",40,1,209.708411447991,-4.69881946026465,-1.45445483604677,-2.4120667068934
"cv",40,2,199.660775788249,-4.47780253342008,-1.73277695770409,-2.04711047698866
"cv",40,3,206.063893154446,-3.05390819592175,-1.30294074102949,-2.68434759300538
"cv",40,4,145.753382019726,-4.14187951807533,-1.21767451320179,-1.55071415766921
