"","","","","par1","par2","par3"
"cv",20,1,61.422841505265,-1.01519306799136,-0.614775915677978,-4.99540482241428
"cv",20,2,68.6364299921748,-0.984370819790962,-0.616590111307163,-4.98696094048731
"cv",20,3,81.7883210811821,-1.00346057311591,-0.667054132223443,-4.9957649822694
"cv",20,4,94.0005033931792,-0.725951343644774,-0.623789951407203,-3.86145447839194
"cv",40,1,170.780230694999,-0.456820301295512,-0.820927624274314,-2.483962641957
"cv",40,2,185.114393945754,-0.927620967680666,-0.597227622586377,-4.11776388906329
"cv",40,3,165.246657152345,-0.500397841050336,-0.856871885429978,-2.45535112202978
"cv",40,4,177.316058796365,-0.794297456868847,-0.600034160535676,-3.76057495826254
