"","","","","par1","par2","par3"
"cv",20,1,105.459275534525,0.08629526949494,-2.73233297007288,-2.10035772508446
"cv",20,2,81.0641661307818,0.28594112192927,-3.91841731661896,-1.92166251542604
"cv",20,3,34.5558587140723,0.0656263789745075,-2.82538591875482,-1.69408321829461
"cv",20,4,149.517496690993,-0.849664566683637,-0.812817551386745,-4.44727199643139
"cv",40,1,204.101593867903,-0.133810180865231,-3.08944252325309,-1.84587203255918
"cv",40,2,218.076358960562,-0.0960310299897915,-4.48013505185511,-1.8289616650199
"cv",40,3,322.964230468266,-0.930572397526978,-0.734866356655604,-4.66920824114647
"cv",40,4,88.051612118142,0.149729496856636,-3.57341227391944,-1.40595947299133
