"","","","","par1","par2","par3"
"cv",20,1,52.0301673489517,0.0914814031201038,-4.99999990633072,-1.77337724864258
"cv",20,2,220.852735279743,0.134518780915677,-2.00546977171656,-2.30079678857319
"cv",20,3,66.3912064989769,0.0914813787829761,-4.99999950646689,-1.84284855343259
"cv",20,4,98.4773930219523,0.133532936660473,-4.99999619821666,-2.24758186061843
"cv",40,1,136.778704481973,0.505541320786764,-4.5063163943816,-2.15537194418991
"cv",40,2,51.537170048587,0.48382012173625,-4.63674475527931,-2.00220971770048
"cv",40,3,164.275076369865,-0.256371161781215,-1.21472938865835,-2.93039168773544
"cv",40,4,103.714693182216,0.507093551666899,-4.99999967439391,-2.15067869117318
