"","","","","par1","par2","par3"
"cv",20,1,39.7434661374381,1.75392939010635,3.99201533748632,2.95801496304698
"cv",20,2,57.3688553592464,0.357917368493241,4.84130907570943,2.87718202280236
"cv",20,3,67.3001366324113,0.217886286845742,4.98706074362683,2.82918908839835
"cv",20,4,61.6266127963783,0.266370926489536,4.93886526735342,2.83989235198382
"cv",40,1,137.807347854139,2.12208948563332,-1.78282684959473,-2.50511173611441
"cv",40,2,156.934819077051,1.94158440623134,-1.66463112519423,-2.44606751173732
"cv",40,3,126.111350095633,1.85260766610727,3.80559708150517,3.09812975514805
"cv",40,4,133.730290003787,0.938626133493816,4.43664964866267,3.09946403630853
