"","","","","par1","par2","par3"
"cv",20,1,67.0227845421042,1.663691917352,3.84591288451287,2.80233530364974
"cv",20,2,63.9142143591703,0.98134514819681,4.06453786819061,2.82659968835314
"cv",20,3,45.4602171272952,2.37600602964593,-1.31862294550469,-2.19369526591562
"cv",20,4,51.5419801970472,1.18388961406983,3.95584475576122,2.86489224797957
"cv",40,1,123.175623121604,2.29989567048161,-1.91836514913144,-2.69057986044866
"cv",40,2,113.191353781175,2.46442332745669,-1.6653795416604,-2.4073141096821
"cv",40,3,153.379041099379,3.34239646724723,-3.06017344619923,-3.89378122408643
"cv",40,4,130.53179112558,2.35260254110789,-1.82724438093351,-2.61802839425487
