"","","","","par1","par2","par3"
"cv",20,1,71.5198650939814,4.38065647923938,3.94386843312532,2.89240947417556
"cv",20,2,53.913022526901,4.9772927745402,3.80227325980645,2.97712900981829
"cv",20,3,60.6906946121947,1.61784380423806,3.79926563571167,2.94045229533781
"cv",20,4,61.8779628489689,1.74232561314428,4.52788106431789,2.93081535404966
"cv",40,1,178.130445154206,1.76948353033629,-1.08491804967618,-1.54863672596258
"cv",40,2,178.247096059328,2.28774335663136,3.80482867530713,3.34932790578651
"cv",40,3,171.363256906221,2.67173347470778,3.80874680846725,3.39042392019921
"cv",40,4,148.698137888693,0.573973369125283,4.40461256743751,3.5152740185337
