"","","","","par1","par2","par3"
"cv",20,1,55.857892467761,4.99231728296717,4.21735735612205,2.87063612800911
"cv",20,2,50.1071722366705,1.87145682437931,3.79984167804402,2.8746389709942
"cv",20,3,64.4624532442401,4.99837964972255,3.84990248376676,2.81575490792426
"cv",20,4,54.8489354638948,2.79371261891201,3.79761619693217,2.86661570432742
"cv",40,1,88.6376079331836,3.84447009745686,-3.95153095392398,-4.99962180955393
"cv",40,2,95.5329339996538,2.73826859582496,-2.54127702551268,-3.6053831238311
"cv",40,3,88.2103309241768,4.34655215169622,-3.95078934309455,-4.99997622188039
"cv",40,4,109.934423057921,3.9477455829461,-3.89279309355887,-4.99970595924232
