"","","","","par1","par2","par3"
"cv",20,1,63.2386972815376,2.03707663413983,3.79987438412223,2.95190646750016
"cv",20,2,66.5993540104823,1.58176472648372,3.80020696934236,2.91676598712398
"cv",20,3,60.7062591407604,1.55992418480257,3.80041472689041,2.95240253963987
"cv",20,4,57.2998689998581,1.74678031469929,3.79869407478549,2.96401784664731
"cv",40,1,120.186455124837,3.63135468741506,-4.18325575462425,-4.99872417679325
"cv",40,2,114.64927809615,4.99982618614115,3.78349427388176,2.98237775891246
"cv",40,3,114.553561304975,3.8493955522337,-4.19394487656423,-4.99891893996731
"cv",40,4,147.516224929241,1.24442110581336,4.35623121980471,2.92083932699644
