"","","","","par1","par2","par3"
"cv",20,1,57.6017459211554,1.84820519712839,-1.82280279976201,-2.76667845868267
"cv",20,2,45.3283807258173,2.64011254660986,-2.25191783922601,-3.12897091498638
"cv",20,3,51.7241348987816,2.10346633161291,-1.3730968646744,-2.28997994548472
"cv",20,4,70.3287492166947,2.97813273041869,-2.9994189129866,-3.99632287167345
"cv",40,1,115.471246380499,2.23671394472552,3.8754126560467,2.92092641798662
"cv",40,2,112.205914864456,2.24983108345097,-1.42417824666734,-2.3190207901998
"cv",40,3,136.99454184551,2.31795646363668,-1.56018018316162,-2.52128615563347
"cv",40,4,100.414544313241,3.08257324651236,-2.93356675223825,-3.79663116964794
