"","","","","par1","par2","par3"
"cv",20,1,32.5706739499612,4.92894699858869,4.43745384394455,2.68647241704286
"cv",20,2,49.5500224602571,0.865979666765926,4.71784789580852,2.56721711654971
"cv",20,3,39.6297944439096,1.48351042075827,4.20724962138956,2.65758736115539
"cv",20,4,47.6587047472301,4.99991636087262,-3.78755631092865,-4.99976015151199
"cv",40,1,106.690221024749,2.46773397168082,3.78309333763592,2.80791387408286
"cv",40,2,98.5062150933621,3.0846375824908,3.79669569456974,2.85248915310546
"cv",40,3,110.638211354931,4.96792786629604,3.9453288502752,2.81686954063253
"cv",40,4,108.005940311326,3.67070567262486,3.6442212448288,2.67377501168665
