"","","","","par1","par2","par3"
"cv",20,1,58.8136556877694,1.36671536921116,4.296399637636,2.8308119509869
"cv",20,2,47.8300890030524,1.44487626559965,4.24452597277135,2.88756748373658
"cv",20,3,63.7956559109705,4.99967485800188,4.03931938880594,2.79528020650254
"cv",20,4,47.8219278740337,4.9999168902958,3.7098212373796,2.80598723091249
"cv",40,1,104.495481191535,3.70813332276572,-4.05488899187596,-4.9998674920908
"cv",40,2,100.250090025201,3.48480447512313,-4.06780840891598,-4.99687737535631
"cv",40,3,118.087590225451,3.66778147233139,3.80476579883629,2.82341054498221
"cv",40,4,114.2120643176,3.56501979832886,-4.03060900362957,-4.99993774304562
