"","","","","par1","par2","par3"
"cv",20,1,52.4026165413544,2.56635777455349,-1.0689826131162,-2.26039024415438
"cv",20,2,42.7126843238478,2.96192055844571,3.79530618950953,2.67436086311631
"cv",20,3,46.0470775901121,2.36897326201801,1.35516769533834,0.188255562279356
"cv",20,4,37.8726459401436,2.19662776864394,3.80014577970948,2.68741267057937
"cv",40,1,94.9481483564482,2.60884783214097,-1.94976005988437,-2.99085757169252
"cv",40,2,90.7266270786577,2.11596305909913,-1.14303658854548,-2.18967390919924
"cv",40,3,120.378443662604,2.35952000477073,-1.62792137358418,-2.74332799264151
"cv",40,4,82.7933765373211,3.01576679148663,-2.60844512383008,-3.61535220364084
