"","","","","par1","par2","par3"
"cv",20,1,59.1255936111784,3.72101045530735,-4.15540729972913,-4.99976052582852
"cv",20,2,62.5218307144858,3.52317318260054,-4.12973858541916,-4.9978566843517
"cv",20,3,63.4258734828081,1.57545625499054,-1.90548561933385,-2.79217080355548
"cv",20,4,60.2037001519094,2.21897510430721,-1.21733456695347,-2.08903067271926
"cv",40,1,139.320243089002,3.26573871133756,-3.69529556866576,-4.60079052344634
"cv",40,2,112.966388378542,3.62729976424861,-4.16787498760439,-4.99923096552692
"cv",40,3,126.578453262471,4.81926687423112,4.68441019586197,2.93696521746682
"cv",40,4,105.844034277319,2.08336614355554,3.78121890559282,2.95417012391725
