"","","","","par1","par2","par3"
"cv",20,1,59.5076977913001,2.42347404494069,3.81738225339442,3.00660858738894
"cv",20,2,58.1662870514831,1.91618912628786,3.79933510236404,2.99485444880161
"cv",20,3,72.5645010566827,1.57907004140917,3.80017618401897,2.90382379943035
"cv",20,4,64.4481766649941,1.52985328160015,3.87497228774268,2.97415278304543
"cv",40,1,131.697162906073,4.99381503104641,4.13167424034327,2.91473760874043
"cv",40,2,115.640492593653,4.99965423153214,3.78029926477039,2.9418501996967
"cv",40,3,118.793847401759,4.99983827467498,3.77642676166433,2.92419857275556
"cv",40,4,116.05474335988,4.9999152864772,3.73564213034159,2.89212963795922
