"","","","","par1","par2","par3"
"cv",20,1,57.1319293376849,1.96419824213225,-1.33857932841826,-2.1647730164869
"cv",20,2,62.6822682532939,3.39517598852968,-4.15645121803267,-4.99999008826696
"cv",20,3,58.3786273329422,4.99623874909161,3.76298971281206,2.93878918997549
"cv",20,4,69.5984434987568,4.99970662648784,-3.2903430388348,-4.16710489621519
"cv",40,1,118.167366854201,2.30213934565632,4.60562768617994,2.97831113102964
"cv",40,2,132.117127899088,2.93086591270012,-1.89073842479275,-2.75397105003693
"cv",40,3,124.363655518982,3.84451380685679,-4.15977364446215,-4.99999829229935
"cv",40,4,117.233366273064,4.99995693071264,3.79068874934442,2.96623356120478
