"","","","","par1","par2","par3"
"cv",20,1,75.2529474498509,1.44645862088535,3.86229624021373,3.07060753650033
"cv",20,2,69.7718212895761,1.51035910020059,0.000464990625936024,-0.718447412089085
"cv",20,3,63.4212039327898,1.7966139792475,3.8573304223594,3.17174639819733
"cv",20,4,75.2886168993571,1.2441239832722,3.88256539803661,3.04963000380702
"cv",40,1,160.092938911084,1.77375502983703,1.22784452559244,0.701955220032697
"cv",40,2,170.308377908729,1.37732784620759,3.88115293566934,3.24339924102335
"cv",40,3,156.937299403716,1.71072258365653,0.239170758271627,-0.278352030856952
"cv",40,4,153.70977175806,1.48921988288294,3.80025099107431,3.29018854226213
