"","","","","par1","par2","par3"
"cv",20,1,84.7774918976779,1.67069149316018,3.79920553018959,3.02699957638555
"cv",20,2,85.5383962741296,1.4648469134754,3.79935646132727,3.01501852117357
"cv",20,3,63.0038353723293,1.28171742006451,3.87252429665332,3.1488324067536
"cv",20,4,57.9032806205218,2.26008188307756,3.79812659213741,3.21082899309452
"cv",40,1,126.132040342923,2.32082247062444,3.7993473485712,2.87806840512812
"cv",40,2,115.511852025971,2.31402018156306,-1.22359112213349,-2.11959500869362
"cv",40,3,130.532582137249,2.47980047195908,3.80008982794361,2.86737607883182
"cv",40,4,97.4974666675716,2.11471114767558,3.80002613601265,2.94979666434305
