"","","","","par1","par2","par3"
"cv",20,1,61.2313837748743,2.49019941783072,3.83523730961059,3.01483420338065
"cv",20,2,60.7884167156705,2.17976729255784,-0.741559393484097,-1.54146737745527
"cv",20,3,66.5968690947093,1.98909551775293,3.79898587978839,2.96361287341094
"cv",20,4,66.5504245547349,2.10354811288445,3.79951984829137,2.97121159252473
"cv",40,1,134.958445828093,2.35912336376677,-2.81185527339961,-3.62333376207291
"cv",40,2,128.539933447952,2.0423023643557,-2.2577421630375,-3.06174399993295
"cv",40,3,132.464651615921,2.91423192715911,-3.06462286255843,-3.86116562559322
"cv",40,4,118.479574129008,2.08873855724038,-2.03602482584476,-2.81876881201022
