"","","","","par1","par2","par3"
"cv",20,1,56.7891227830438,1.1484024003988,3.99508974343021,2.82728869132708
"cv",20,2,53.1079569157817,2.31366014224496,3.80035287393909,2.83861178435291
"cv",20,3,53.6588885963801,1.98930014832367,3.82536544187715,2.82202617173499
"cv",20,4,50.0841073481838,2.32196228647291,3.79887629644901,2.83771337701782
"cv",40,1,121.214289701892,2.41098685806279,3.80029239638402,2.97034494302193
"cv",40,2,118.663575229947,4.0055034613639,-4.19173220641302,-4.99970499369565
"cv",40,3,136.15678773243,4.54814162041008,4.31790030095726,2.9440928840027
"cv",40,4,119.050167112223,2.74938112476591,3.79593634305626,2.97570704076073
