"","","","","par1","par2","par3"
"cv",20,1,63.848942101878,1.60938322929841,-1.6712991061224,-2.59483555211157
"cv",20,2,59.2852651492943,1.66780899103663,-1.61814818459154,-2.52287458530273
"cv",20,3,54.2047818952529,1.90813976416807,-2.28013270781047,-3.14619016569605
"cv",20,4,57.8807397548286,2.06007052782579,-2.22232211459044,-3.10488274827162
"cv",40,1,162.765251685014,2.30420520657391,3.79420605715254,2.95496320923659
"cv",40,2,117.695777866644,2.16399037388282,3.80042590853078,3.07601350573465
"cv",40,3,127.366198354371,2.04609592536428,3.79742828321724,3.04648448653949
"cv",40,4,130.00146925541,1.59440528423808,3.87870062452977,3.04246662793612
