"","","","","par1","par2","par3"
"cv",20,1,75.5036597839814,3.04212560646765,-4.17051303642709,-4.99999876742764
"cv",20,2,42.0815142902387,4.99991051890755,3.80264552933386,3.0607740192513
"cv",20,3,90.0447494424772,3.10388513520112,-4.05298820784904,-4.99999685976568
"cv",20,4,48.3850163695769,3.05155381368454,-4.35161506410719,-4.99996157507439
"cv",40,1,165.212085385619,4.35816308290516,-4.29329780523264,-4.99962806965129
"cv",40,2,142.139460944134,4.99953617643341,3.49080734726518,2.8516012164953
"cv",40,3,150.345379626255,2.70053302163862,-3.46792439610854,-4.12859658898607
"cv",40,4,126.355121853735,3.80610326573036,-4.40068146892462,-4.99463240161541
