"","","","","par1","par2","par3"
"cv",20,1,89.5899023183388,0.647400242325138,3.94701440365276,3.06955947389612
"cv",20,2,71.3665544484998,1.4397322531705,3.79608634074309,3.18672747474414
"cv",20,3,77.7594282296768,1.16007598732556,3.8003918256693,3.14261378744147
"cv",20,4,65.6644328978444,1.29082985956402,3.80036929802006,3.23040634129127
"cv",40,1,135.693480655291,1.91202865589268,-1.23385456817004,-1.94349190243819
"cv",40,2,137.109106742481,2.50543447941337,-1.33632584803706,-2.03980345806656
"cv",40,3,135.380769825398,1.71312524908386,3.80007956433524,3.07811264616156
"cv",40,4,151.653434206445,1.8746638110119,-1.03417401966713,-1.79449487737564
