"","","","","par1","par2","par3"
"cv",20,1,59.7884586242383,2.03147012541796,3.80027316246103,2.83708415426363
"cv",20,2,69.5643231142068,1.66749734422149,0.193703013472059,-0.835854389959946
"cv",20,3,51.0605075805738,2.19409904027622,-0.927054735647633,-1.85271514646672
"cv",20,4,42.209349402556,1.86352772778019,3.79417225683988,2.90501487835688
"cv",40,1,180.168847719392,4.78450965197826,3.97652796627968,2.83212278941066
"cv",40,2,116.42443835028,4.30215538377769,4.21053722449831,2.98808477465871
"cv",40,3,103.202708939407,4.96506351715617,4.57532197249038,3.02631045875752
"cv",40,4,102.187624880053,4.89299964159727,3.89027586824652,3.01823121592446
