"","","","","par1","par2","par3"
"cv",20,1,73.9743169794061,2.04594008297132,-1.73728564000966,-2.01707644550825
"cv",20,2,94.2767777324119,0.356863584107076,4.85814601407404,3.3201191011767
"cv",20,3,84.0077257376767,1.86745061360877,-2.60704777386699,-3.00358861690975
"cv",20,4,86.427604520048,3.17099344034019,-4.58678677796787,-4.99796242236645
"cv",40,1,182.163166821282,4.99731762043452,3.44199529762192,3.06650124565528
"cv",40,2,172.723008223887,0.065083919659747,4.92251914449843,3.46995659681163
"cv",40,3,163.489147035036,3.39847008323849,-4.74458432179585,-4.99978673025923
"cv",40,4,171.833620626492,4.99995586509662,3.76600441606983,3.44648307365471
