"","","","","par1","par2","par3"
"cv",20,1,60.6892787260021,4.99997906857355,4.99957855032291,-1.33501081711647
"cv",20,2,48.2707587026154,4.99998516749079,4.99995801888615,-1.2484147620603
"cv",20,3,61.9671414489052,4.99999533967798,4.99997624124384,-1.3047548420036
"cv",20,4,87.0834948684469,-0.815791395316121,-0.986531178957075,-2.41837623257502
"cv",40,1,109.50828188256,4.90392203957749,4.99852059285986,-1.31046960118412
"cv",40,2,101.651915178664,4.99999133668006,4.9999993295352,-1.31065636438533
"cv",40,3,146.914664223085,-3.19170050049606,-1.34530579399796,-2.74047857653572
"cv",40,4,119.098789932032,4.99999278910991,4.99999756954104,-1.3468408727304
