"","","","","par1","par2","par3"
"cv",20,1,76.1878802183695,4.99999949649721,4.79883742588782,-1.31638294945347
"cv",20,2,68.8042989689306,-4.92531193282047,-0.82477507224748,-2.07508082658131
"cv",20,3,93.0540991210758,-2.02860789177599,-1.20399330965601,-2.48238926043846
"cv",20,4,54.9563585907007,4.99999894992879,4.55876907267982,-1.3748087063848
"cv",40,1,165.345551599142,4.99999083495284,4.81798576199168,-1.25152293448227
"cv",40,2,141.93698537172,4.9999974741572,4.65997692452296,-1.33139449668689
"cv",40,3,149.468153256111,4.98750746616385,4.99995485686747,-1.01739466415463
"cv",40,4,127.054197782826,4.99999985714205,4.64169927385643,-1.28978971083623
