"","","","","par1","par2","par3"
"cv",20,1,88.9373682722571,4.99999104842759,4.42666988540238,-0.863172264208371
"cv",20,2,94.7412173166354,-0.616296822544686,-0.846179991313219,-1.72100935030956
"cv",20,3,90.5214998950578,-0.518892604513258,-1.20016103486888,-1.89984120210427
"cv",20,4,93.7011840889596,4.99978840174451,4.44881938979237,-0.989625674649263
"cv",40,1,178.731295410281,4.99892836455031,4.99930900611806,-0.649090657295126
"cv",40,2,180.305841412629,-0.667583948241354,-0.560437624406019,-1.63873547105553
"cv",40,3,178.854154203265,4.99952145052761,4.7452040616391,-0.905663369621796
"cv",40,4,178.894379693709,-0.595516214443454,-1.03540925868949,-2.08205499515016
