"","","","","par1","par2","par3"
"cv",20,1,65.6767747550859,-0.946831275418234,-0.796900676214157,-2.25143904106627
"cv",20,2,66.4675417066314,4.88367432566553,4.95691847614944,-1.13547992032325
"cv",20,3,77.2029041712098,-3.65474504734574,-0.772815494116685,-2.28349633697475
"cv",20,4,58.2930845485019,4.89886389812455,4.95054660092093,-1.14416216386443
"cv",40,1,160.814568914285,-4.4875071951255,-1.36043003792017,-2.61615762959968
"cv",40,2,113.837158253844,4.99997334775303,4.99989233459344,-1.16629962429882
"cv",40,3,117.058842992018,4.99991676457391,4.99997140275912,-1.16348077543598
"cv",40,4,154.045384223591,4.99967703243531,4.99981996812539,-1.28077713429352
