"","","","","par1","par2","par3"
"cv",20,1,44.9878063591641,4.99998514258372,4.99997840885609,-1.40840432606741
"cv",20,2,53.8137743553078,4.99998987285699,4.99997377754313,-1.40898137573563
"cv",20,3,71.7266538446087,-1.04983426439727,-1.28314172573293,-2.7750995403183
"cv",20,4,53.1214872640586,4.99709433488281,4.99957704294009,-1.45471399424842
"cv",40,1,90.172622404975,4.99998917850785,4.99998371922346,-1.33409700404259
"cv",40,2,82.4728448054795,4.99453384273966,4.08309308643573,-2.44869368544181
"cv",40,3,124.750157437733,4.99996727761553,4.99998844450557,-1.4089802551381
"cv",40,4,119.685707425191,4.99998494053448,4.99999737510569,-1.40967688562849
