"","","","","par1","par2","par3"
"cv",20,1,79.9254624909347,4.99999306561371,4.99975770363759,-0.789057997078246
"cv",20,2,84.1829493079873,4.99996453225693,4.99966657923075,-0.809307732472523
"cv",20,3,83.6116005934854,4.99967050114373,4.99322759712304,-0.816708686701162
"cv",20,4,75.5618520992096,4.99997876078292,4.67693232663906,-1.01282771069642
"cv",40,1,157.814093701536,4.94565360435084,4.98886323718434,-1.10117708664224
"cv",40,2,148.724309575206,-0.963528579137453,-1.05569054926839,-2.3779945779754
"cv",40,3,141.885196204938,4.80882626251744,4.98151911493251,-1.0497924074876
"cv",40,4,135.111390694822,4.85869987832837,4.98909881020843,-1.02799279204079
