"","","","","par1","par2","par3"
"cv",20,1,70.5449269960795,4.99994885167764,4.99999729740366,-1.1714261212885
"cv",20,2,68.2611722481156,-0.633196901624761,-0.350416585439991,-1.69668374055488
"cv",20,3,93.0156086991371,-0.614486172540385,-0.513724791652828,-2.05288205819697
"cv",20,4,80.8825451790301,-0.326580290601208,-0.299500001308217,-1.7896473744035
"cv",40,1,178.339128696572,4.87132683675322,4.97404266523068,-0.776137020934835
"cv",40,2,179.358819396416,4.97329361736774,4.75301681759059,-1.03767846099315
"cv",40,3,171.681482549618,4.99779823212427,4.99806653659182,-0.693444005808708
"cv",40,4,152.635278302206,4.99968739393293,4.97688071582943,-0.635907758782373
