"","","","","par1","par2","par3"
"cv",20,1,87.3013704824725,4.94315831188507,4.91965238342195,-0.914466883136248
"cv",20,2,80.3876568680289,4.99890956553814,4.99244908380044,-0.804204188079647
"cv",20,3,79.6076552153617,4.95976909023925,4.98508888584363,-0.842349909133514
"cv",20,4,87.5454847653681,-3.71283225286265,-1.53585446405236,-2.70140067068656
"cv",40,1,159.463497424905,-4.25108677935331,-1.10312514501305,-2.35819035332791
"cv",40,2,164.024969740959,-1.06795544425639,-1.08973938217973,-2.3584585249949
"cv",40,3,155.264546640622,4.99945176070315,4.998602670587,-0.965733471642906
"cv",40,4,162.576134376758,-0.959347644859136,-1.06861124921457,-2.35123872188043
