"","","","","par1","par2","par3"
"cv",20,1,70.9123847312115,4.99630427731156,4.92717436086123,-0.957353291858337
"cv",20,2,78.219257314588,4.99962450956075,4.99268626999317,-0.92749932175393
"cv",20,3,76.8860605697875,4.99999605228593,4.61388165454107,-1.29637516039277
"cv",20,4,69.8258532191581,4.9842033843319,4.77226825752087,-1.10727949212344
"cv",40,1,134.785211296499,4.99983219090439,4.99813752202234,-1.11283328156734
"cv",40,2,177.583755508392,-1.09537057018462,-1.07863714196491,-2.43613688450164
"cv",40,3,126.015643738706,4.99964819063974,4.99990943415415,-1.09097429153497
"cv",40,4,151.633524321379,4.9999970378477,4.99990708890817,-1.11740177818451
