"","","","","par1","par2","par3"
"cv",20,1,79.7563074148524,4.999712467171,4.18228502649471,-1.83721599988197
"cv",20,2,73.114924452858,4.99949458114036,4.74987264018757,-1.24431157145293
"cv",20,3,68.7223284651041,4.99999636563,4.66923996046208,-1.32967447228541
"cv",20,4,61.9679489758476,4.99975433503068,3.92832558432776,-1.93446591573831
"cv",40,1,143.445776337771,4.99748730053243,4.99896764267162,-1.12714763390944
"cv",40,2,125.149060406004,4.99983811760197,4.99909117841209,-1.07510699628473
"cv",40,3,159.099500158954,-0.940211397383845,-1.15622468630571,-2.55144046222165
"cv",40,4,137.690422511106,4.99997396427199,4.99997517397261,-1.0983897507905
