"","","","","par1","par2","par3"
"cv",20,1,78.7368835733607,4.99996400463426,4.99951196268016,-1.25444632072029
"cv",20,2,81.1174099101332,-0.93799944855894,-1.3506732809054,-2.79336390130314
"cv",20,3,48.6907478973323,4.99995760545622,4.99829786432837,-1.04919389345961
"cv",20,4,74.8537941029591,-2.27473868988454,-1.27801289249217,-2.68416064119031
"cv",40,1,148.943555306628,4.99995432550404,4.863373122716,-1.15854454370722
"cv",40,2,134.838773550354,4.99999355407564,4.80562135183316,-1.21089411333213
"cv",40,3,139.243184295705,4.99999861488101,4.90724470865341,-1.08365817685951
"cv",40,4,135.882306083606,4.99991866431031,4.99671566611061,-0.986426374185949
