"","","","","par1","par2","par3"
"cv",20,1,91.0633956382437,-2.58309251980176,-1.7482495256355,-2.62168057719296
"cv",20,2,77.9222555747049,4.89020370308498,4.56696739472605,-0.868995119844385
"cv",20,3,98.2428354238199,4.31783323007433,4.85940076363893,-0.844135113324121
"cv",20,4,90.9990530422474,4.41103490261842,4.99264192712851,-0.63603733804629
"cv",40,1,170.569475572119,4.98911940922247,4.99903353147764,-0.803243298248066
"cv",40,2,161.300760820691,4.99810242971101,4.9990351461506,-0.71614072498934
"cv",40,3,169.575754769931,4.99006162888681,4.90906415274367,-0.896915905882354
"cv",40,4,179.133747982194,-1.03719195965072,-1.19638616197004,-2.23358899493645
