"","","","","par1","par2","par3"
"cv",20,1,68.0374365661535,4.78544996532165,4.9999983428208,-1.37123774058519
"cv",20,2,40.096915640788,4.99926340573486,4.99929143309303,-1.25321878763773
"cv",20,3,59.8169807437284,4.99999571900663,4.92448274847554,-1.37535418207741
"cv",20,4,42.4056033928389,4.84621126248758,4.99986004511346,-1.24111501551656
"cv",40,1,128.45618728412,-0.902683788401382,-1.02611714432884,-2.54814149913303
"cv",40,2,109.833664123697,4.99997432137577,4.99997676301762,-1.31362529065452
"cv",40,3,141.295163320671,-0.921648618622535,-1.20993524628978,-2.73646548593083
"cv",40,4,110.596437960852,4.99999491116875,4.99999805115638,-1.30739987746358
