"","","","","par1","par2","par3"
"cv",20,1,75.467211901404,-0.793542065220349,-1.39472086691392,-2.8561398234836
"cv",20,2,74.2987810812024,-0.877404194936347,-1.4504403410944,-2.91253626910355
"cv",20,3,69.5490530702527,4.99984327551973,4.99060470855943,-1.16590414825974
"cv",20,4,66.6796905453993,-3.53360962410028,-1.4063268459047,-2.76982041671956
"cv",40,1,119.549576390161,4.9988275686394,4.99991030328858,-1.18416403836406
"cv",40,2,130.51892368975,4.6866094569752,4.99999908300934,-1.22309131173888
"cv",40,3,115.300438450982,4.64893508658878,4.99999891652641,-1.18762286709541
"cv",40,4,112.861032963971,4.99955870712654,4.99999807673833,-1.17855240465441
