"","","","","par1","par2","par3"
"cv",20,1,55.0009699770664,4.99999565069246,4.99996796211252,-1.42033529950697
"cv",20,2,46.4630652966343,4.99994770418281,4.99979127101122,-1.33792148711344
"cv",20,3,47.2525568281561,4.9999933769411,4.99993249760884,-1.37355826356709
"cv",20,4,41.5028552508625,4.99999420116296,4.99997413350502,-1.34092440483647
"cv",40,1,94.6117041012025,4.99973586205851,4.99957852567495,-1.37663590778493
"cv",40,2,90.5451782268376,4.99999275991062,4.99999067044439,-1.35375108064117
"cv",40,3,160.217425026094,-1.99775376992234,-1.27150305709812,-2.85275594336264
"cv",40,4,86.0094229146049,4.99977987966051,4.99898496144688,-1.32519555688258
