"","","","","par1","par2","par3"
"cv",20,1,51.9528746344289,4.99914952220498,4.9995187688386,-1.20013173635392
"cv",20,2,83.124203431275,-2.28344328706318,-0.98286537497379,-2.64335128535194
"cv",20,3,53.3041873215709,-0.91269048512554,-0.906358169904766,-2.44080306644396
"cv",20,4,71.6663472718802,-1.02357939228548,-1.18543883506123,-2.79900176240679
"cv",40,1,106.455719751695,4.99998145460612,4.99993067795369,-1.29620020667411
"cv",40,2,113.723333705749,4.9999719761725,4.99979692339886,-1.34020644477651
"cv",40,3,106.397937885321,4.99999732141573,4.99996009413334,-1.33899768564774
"cv",40,4,107.729651391948,4.99997763245175,4.99997639731633,-1.31703635964366
