"","","","","par1","par2","par3"
"cv",20,1,80.2124225240006,-4.99999756428942,3.49423169421724,2.92277210884473
"cv",20,2,79.0523224181323,-4.9859465906491,3.80054493420999,3.23606774908242
"cv",20,3,77.3916903720781,-4.99330212032156,3.79836070697249,3.24889353156428
"cv",20,4,79.7928784000951,-4.99896928084626,3.79789873589124,3.23098314388123
"cv",40,1,134.546368828567,-2.08228095112144,-1.47989292924915,-2.29906162033395
"cv",40,2,132.704998615632,-4.99963452544312,-1.60236570736471,-2.40640510659558
"cv",40,3,133.542542199711,-4.99998823675618,-1.52684389195582,-2.3328570358133
"cv",40,4,122.813893600169,-4.99979640969036,-1.65695277147557,-2.43851253846701
