"","","","","par1","par2","par3"
"cv",20,1,20.9726755991818,-4.99999840807043,-2.57818647704457,-2.88487100161557
"cv",20,2,102.407735820177,-0.349885308642684,-2.25957880849887,-3.00960953923264
"cv",20,3,17.6603672547284,-4.99999940631878,-2.79905745375652,-2.98201948228866
"cv",20,4,29.5159816617278,-2.2941547445925,-2.59565465541139,-2.93379255230181
"cv",40,1,102.684603695812,0.089884182556341,-2.46242494895215,-2.95016369154307
"cv",40,2,25.6506600589103,-0.45713434787921,-2.4730186596693,-2.95727395322236
"cv",40,3,126.621331449757,-1.5413517702761,-2.4417274385186,-3.12375373876079
"cv",40,4,124.972692324212,-1.73847853983685,-2.5441065877462,-3.09350714604336
