"","","","","par1","par2","par3"
"cv",20,1,57.6506858394258,-4.99652257914755,-1.10232451652612,-2.03689862573502
"cv",20,2,53.223412134752,-4.99935126388558,-1.11519319519838,-2.03152497688336
"cv",20,3,68.9153439418008,-4.99986852691354,-1.09667134091655,-2.07855983431675
"cv",20,4,50.417736640669,-4.99915123413207,3.7954523346123,2.92424872830733
"cv",40,1,101.350055872099,-3.02845374468261,-1.34278530858523,-2.28813288119744
"cv",40,2,127.846108145217,-1.91998232507284,-1.34666769052264,-2.34322349372592
"cv",40,3,104.785775870998,-4.99997654007405,-1.31079568419506,-2.25473707421449
"cv",40,4,99.622186394329,-4.9983565037046,-1.30013904717291,-2.23463962277325
