"","","","","par1","par2","par3"
"cv",20,1,1.77603758147269,-4.69937238300509,-2.14035213065208,-3.23701271094572
"cv",20,2,28.3502562539516,-4.99999974630081,-2.21577536913272,-3.14490497778887
"cv",20,3,35.3252027712859,-2.49247856573216,-2.04372142970347,-3.36578735137396
"cv",20,4,8.81519624707121,-4.99999681869386,-2.26822153089995,-3.37489453575722
"cv",40,1,114.651373378675,0.315148415591359,-1.95162060489968,-2.76491116035155
"cv",40,2,158.238657618237,-0.347990358296256,-1.83644517545843,-2.84422899847629
"cv",40,3,47.6632286454635,-0.410799616604167,-2.03078394756743,-2.84981561432414
"cv",40,4,28.7514649103077,0.149702138246458,-1.90805438867312,-2.71393480449379
