"","","","","par1","par2","par3"
"cv",20,1,25.9105102515003,0.764227230992135,-3.36841231468241,-3.05688764402935
"cv",20,2,56.4470359642656,0.717124142942629,-3.47478202191993,-3.09215362407092
"cv",20,3,75.2209409065946,0.660009473664277,-3.75875798534462,-3.04719803048913
"cv",20,4,110.193529619989,-1.0455636425405,-3.38101373093412,-3.0919674692993
"cv",40,1,90.1276473975524,1.18511129706538,-2.65558390552325,-2.96417153787455
"cv",40,2,122.577605975798,1.06946564782654,-2.63682450039279,-2.95593226115215
"cv",40,3,61.2789047354085,1.00019523316062,-2.5976804083976,-2.94887867875295
"cv",40,4,198.476267683555,-0.714333892982516,-2.72675743700829,-2.99884841113226
