"","","","","par1","par2","par3"
"cv",20,1,55.7726155412833,-4.99923695787038,-1.18890881055731,-2.08157366838513
"cv",20,2,63.6589666196496,-4.99919490548339,-1.20274096847373,-2.1304468900366
"cv",20,3,69.6891332611948,-4.99993673966169,-1.22393084525263,-2.17304163858061
"cv",20,4,51.6742108430662,-4.99930411521375,3.79656021282951,2.95131474158911
"cv",40,1,110.36317830205,-2.92652473312388,-1.16416182103941,-2.00938875194432
"cv",40,2,131.434064715463,-0.351383052430406,-0.710638208624317,-1.60022334677787
"cv",40,3,124.363424704405,-0.192422789798115,-1.11233301640738,-1.99341811317289
"cv",40,4,120.491895120328,-0.367910369345441,-0.906229353947369,-1.78359675115844
