"","","","","par1","par2","par3"
"cv",20,1,96.1547106975299,-4.99994533137453,-1.3904647146351,-2.0104591002052
"cv",20,2,78.1616005682381,-4.99999091715234,3.58469674996978,3.10563120655488
"cv",20,3,88.1217932713606,-4.99993091006276,-1.46035505724523,-2.03627841561632
"cv",20,4,68.6200059648812,-4.99969515984292,-1.46501118252449,-1.84286077844213
"cv",40,1,154.416929630226,-0.763250405198998,-0.892209440673378,-1.51230449939694
"cv",40,2,161.814465247805,0.197796796333489,0.158476876179,-0.501649574459504
"cv",40,3,143.894610229869,-0.303969759592351,3.95264504245356,3.21434217700625
"cv",40,4,157.644421952992,-0.026044382608536,-0.0951271317354449,-0.738615824018123
