"","","","","par1","par2","par3"
"cv",20,1,79.8895881084493,-0.410050242552535,-0.291067122438271,-1.61581759272172
"cv",20,2,89.3981907645201,-0.455830854533807,-0.628061398799032,-2.00282964235241
"cv",20,3,89.4089885005152,-0.157909943072604,-0.446590839058766,-1.94202756389416
"cv",20,4,74.5109684521253,-0.424137091642987,-0.332609439088463,-1.59563476030083
"cv",40,1,152.951422620017,-4.63808993839504,-0.344241730986926,-1.76019933161309
"cv",40,2,151.5748856792,-2.59747360639777,-0.374455614339729,-1.78622167186177
"cv",40,3,151.676029746726,-0.562337801782265,0.018759334079322,-1.41993025571267
"cv",40,4,163.909284638194,-4.90413968343045,4.60458650937028,3.16457168141773
