"","","","","par1","par2","par3"
"cv",20,1,68.205048274605,-0.510995250077737,-0.655310209457816,-2.33725111148041
"cv",20,2,64.2646320030114,-0.255506769788681,-0.355256831024427,-2.10633408101185
"cv",20,3,72.9980903539669,-0.52990084772324,-0.534266176105016,-2.18833175002709
"cv",20,4,59.6506676401655,-0.415975862553673,-0.565772396345502,-2.18271131599435
"cv",40,1,144.856320013234,-0.896707853281147,-0.842594943090996,-2.39796552292844
"cv",40,2,151.662320016646,4.5137747133413,4.99762220099781,-1.09964600478897
"cv",40,3,134.488312950253,4.14008082350527,4.99862000398333,-1.04980225910245
"cv",40,4,153.168298375979,-0.760570588285626,-0.717963694297696,-2.30539188601407
