"","","","","par1","par2","par3"
"cv",20,1,91.7798743073407,-0.471389936614009,0.0050824107634004,-1.17424649280596
"cv",20,2,87.8096146060915,-0.308514520192724,-0.32740768610069,-1.43234096574079
"cv",20,3,89.9923490625373,-1.55192285198478,4.99688708795443,3.52800383788303
"cv",20,4,89.1087719278534,0.0211692357842938,4.94273713983608,3.51922360825037
"cv",40,1,133.854991920982,-0.355605463341328,4.71624061583778,3.0275087187137
"cv",40,2,121.316700303569,-0.405531804604523,1.53653650668206,-0.110056855760496
"cv",40,3,122.347575271706,-0.486390856770592,4.53504038366543,2.91378889728055
"cv",40,4,158.88239466331,-0.545052432324205,0.333934707857933,-1.36195648065181
