"","","","","par1","par2","par3"
"cv",20,1,66.7810649951719,0.0579489676845182,-0.71695160249791,-2.10172024014931
"cv",20,2,96.9761784184206,0.198918925566457,-0.264740653585814,-2.012223400611
"cv",20,3,75.5877722354857,0.266735723947371,-0.632230247279596,-2.14923108045751
"cv",20,4,87.4047496457555,0.238364934912909,-0.745499861099501,-2.22171577692747
"cv",40,1,177.785808430806,-0.125731032355317,-0.480832237459777,-2.26883537414606
"cv",40,2,130.709160934708,-0.108370063880687,-0.53624418228721,-2.22709939932193
"cv",40,3,142.086990430122,-0.130944960433449,-0.61044755478236,-2.28111385420095
"cv",40,4,148.361393379722,-0.0962266875317356,-0.635607177005747,-2.36425344030005
