"","","","","par1","par2","par3"
"cv",20,1,67.4857525003652,0.206314687907155,-4.99999998580041,-3.34213845536
"cv",20,2,12.1181432749611,0.316811175604148,-4.99999996017787,-3.28174097528573
"cv",20,3,17.5664651164629,0.101968073380085,-4.65593076502107,-3.37643391432936
"cv",20,4,85.8345816747424,0.297928536836409,-4.99999999717012,-3.37623817671618
"cv",40,1,91.1128776222572,-0.284426469305444,-2.41471640898767,-3.26864118770755
"cv",40,2,23.428778290088,-0.376540834198922,-2.41238828010627,-3.19005609258321
"cv",40,3,79.8983387129982,-0.413804748260612,-2.26714225191818,-3.19678463354147
"cv",40,4,40.381239423048,-0.462610144325196,-2.27345970262173,-3.24672494788982
