"","","","","par1","par2","par3"
"cv",20,1,58.7730790626435,-0.219460560080607,-0.410977655422969,-2.26376613944437
"cv",20,2,62.368518621658,-0.322613522220204,-0.479974939418899,-2.27626203217355
"cv",20,3,69.0183240449803,-0.274476113176807,-0.362151951052528,-2.2550505177507
"cv",20,4,45.8489839263169,-0.490537548837067,-0.0988538514081447,-1.8114072363782
"cv",40,1,108.302716953606,-0.576136810387907,-0.457031863401549,-2.15201303739965
"cv",40,2,129.762781340487,-0.500743955564388,-0.261612644074402,-2.03441365757813
"cv",40,3,121.90253920445,-0.62914736610878,-0.773347757007037,-2.50171248320544
"cv",40,4,123.435248038505,-0.454250692076207,-0.566720984863263,-2.31126343908091
