"","","","","par1","par2","par3"
"cv",20,1,73.3681719816203,-0.214088171022102,-0.844043378509421,-2.66308752362976
"cv",20,2,66.2102666813002,-0.25310414888519,-0.799495276489756,-2.53977806946937
"cv",20,3,47.835065751182,-0.264923960000378,-0.88587829107096,-2.51281429559954
"cv",20,4,51.1204521118296,-0.25223102332417,-0.858135981471183,-2.56841003792336
"cv",40,1,119.221074445278,-0.337548707368603,-0.404336368584744,-2.14823510440693
"cv",40,2,128.825729662589,-0.324770090423254,-0.40705531660694,-2.18298286971276
"cv",40,3,132.161781349556,-0.310566383623017,-0.476700251506185,-2.280059106483
"cv",40,4,122.267217649017,-0.399490672064954,-0.517074333163437,-2.23949862041716
