"","","","","par1","par2","par3"
"cv",20,1,89.4426044227981,0.533497613974683,-0.789084903356502,-1.80410537421747
"cv",20,2,94.5728423530619,-0.28432453110727,-0.794316481260005,-1.91878832256156
"cv",20,3,91.0524469584098,-1.14123763904061,4.60427916781501,3.60462085430023
"cv",20,4,103.41756310323,2.02728559224425,0.592405256048934,-2.15602327129044
"cv",40,1,173.209108944023,-0.16846425638876,-0.497781821461997,-1.84818742751524
"cv",40,2,164.536291186923,-0.164238842931329,-0.674435521300819,-1.88547945920871
"cv",40,3,178.779552096876,-0.231554652518773,-0.422572168539537,-1.77380266719196
"cv",40,4,171.958445194717,-0.233975537900018,-0.587681991310791,-1.85613173456369
