"","","","","par1","par2","par3"
"cv",20,1,50.787670162862,-0.5666355588993,-1.10334658445806,-2.98521536353328
"cv",20,2,45.1892473103888,-0.627753458585169,-1.02117768863791,-2.85247917955586
"cv",20,3,49.9684710521661,-0.799753453794321,-1.40718079376497,-3.22439876184988
"cv",20,4,62.951655263733,-0.414264881130892,-1.19911800093349,-3.08631925813336
"cv",40,1,13.9501024313738,-0.532959235454677,-1.55474879655201,-3.57525807715463
"cv",40,2,46.3629609105719,-0.503467237333104,-1.42503019389386,-3.45980482096142
"cv",40,3,99.3195040609832,-0.403692527052255,-1.59072122486102,-3.49738795089816
"cv",40,4,75.2054353870642,-0.43680654720855,-1.40415453703083,-3.59150050678513
