"","","","","par1","par2"
"cv",5,1,17.0059869083108,2.12302187597185,-4.99999999654058
"cv",5,2,10.4365744074581,2.14678008557549,-4.99999998248785
"cv",5,3,17.0059869083108,2.12302564047212,-4.99999942410787
"cv",5,4,3.87783377802246,2.14949225803177,-4.99999999673192
"cv",5,5,15.9150638982178,2.13713282217487,-4.99999999993711
"cv",5,6,17.0059869083108,2.12302093860622,-4.99999998486793
"cv",5,7,14.542727412692,1.96072825105955,-4.99994130577438
"cv",5,8,11.2344040769125,2.16015778789525,-4.99999999792223
"cv",10,1,24.5083493486718,2.13492833186634,-4.99999999997475
"cv",10,2,0.902598761058851,2.23268688151987,-4.99999999997975
"cv",10,3,9.20972780130792,2.22986785894337,-4.99999999997373
"cv",10,4,10.4055261261149,2.24879870555843,-4.99999999999569
"cv",10,5,12.2136674911937,2.2318179175037,-4.99999999963127
"cv",10,6,16.6116796987676,2.23984540960611,-4.99999999999938
"cv",10,7,18.627828842035,2.15531504903662,-4.99999999997946
"cv",10,8,4.04629441495507,2.22995403665702,-4.99999999995267
