"","","","","par1","par2"
"cv",5,1,16.4723095690557,-2.72010255514143,-3.85140790035218
"cv",5,2,16.4723095690557,-4.5895544361597,-4.93049417542239
"cv",5,3,16.4723095690557,-1.96104374773348,-3.85896558355942
"cv",5,4,16.4723095690557,-2.61194070836052,-3.63563444299419
"cv",5,5,16.4723095690557,-4.67273530792956,-4.30647921114975
"cv",5,6,16.4723095690557,-2.39540603513029,-4.5569110029865
"cv",5,7,16.4723095690557,-2.53176339696574,-4.76137542882689
"cv",5,8,16.4723095690557,-2.60594208838995,-4.30644731903644
"cv",10,1,31.9171547799685,-2.88268347471055,-4.62632067199177
"cv",10,2,31.9171547799685,-2.33644176233251,-4.09495345705168
"cv",10,3,31.9171547799685,-4.14204366138295,-3.88156194977149
"cv",10,4,31.9171547799685,-2.56697290500157,-4.48058021845489
"cv",10,5,31.9171547799685,-2.06095404806301,-4.27898564624296
"cv",10,6,31.9171547799685,-4.47095307332092,-3.75769540405143
"cv",10,7,31.9171547799685,-4.01926137434683,-3.83681736173973
"cv",10,8,31.9171547799685,-3.23230220213612,-4.42892745493255
