"","","","","par1","par2"
"cv",20,1,94.0730124257147,-3.91662536192233,-4.71877956419827
"cv",20,2,94.0730124257147,-3.86826276313514,-4.45227559197691
"cv",20,3,94.0730124257147,-0.862264005735158,-4.6247359553808
"cv",20,4,94.0730124257147,-1.84051108080894,-3.94274475791637
"cv",40,1,184.139263695584,-2.48478534056149,-4.03648440742761
"cv",40,2,184.139263695584,-4.4561169613811,-4.98669314198196
"cv",40,3,184.139263695584,-2.83232727759036,-4.60583521448684
"cv",40,4,184.139263695584,-1.46856054372725,-4.59962934142718
