"","","","","par1","par2"
"cv",20,1,94.0730124257147,-3.79667496335024,-4.58784672963889
"cv",20,2,94.0730124257147,-1.4284598935266,-4.01127050482786
"cv",20,3,94.0730124257147,-2.15331139562287,-4.1934313402767
"cv",20,4,94.0730124257147,-1.91712206855586,-3.96051479105534
"cv",40,1,184.139263695584,-3.88959793000102,-4.24608742653974
"cv",40,2,184.139263695584,-1.96063488322137,-4.68581415980406
"cv",40,3,184.139263695584,-1.80051403818652,-4.58600323216967
"cv",40,4,184.139263695584,-1.04308430411854,-4.47290764183375
