"","","","","par1","par2"
"cv",20,1,95.5087574375936,2.53104301489508,-4.9998456365314
"cv",20,2,94.5995641235594,2.69955479375625,-4.99999999995185
"cv",20,3,96.294084889066,2.43023381224916,-4.99999996292872
"cv",20,4,94.4621601930755,2.68970882380186,-4.99999999996817
"cv",40,1,184.84964039289,0.972852179939778,-2.59432666510183
"cv",40,2,185.011765865028,2.21264941122493,-4.69717000477289
"cv",40,3,184.793375816592,0.630113264868532,-2.18337950648473
"cv",40,4,198.363946223588,-1.92369534219564,-4.17730372304467
