"","","","","par1","par2"
"cv",20,1,95.9158263196814,4.99999999971109,4.99999999975123
"cv",20,2,95.9158173391884,4.9999999988075,4.99999999731541
"cv",20,3,95.915833167889,4.99999999902571,4.99999999956988
"cv",20,4,95.9158241437515,4.99999999884906,4.99999999996119
"cv",40,1,191.831631210941,4.99999999988436,4.99999999925212
"cv",40,2,191.83164134851,4.99999999969194,4.99999999752151
"cv",40,3,191.831717084494,4.99999999993002,4.99999999632475
"cv",40,4,191.831804761095,4.99999999977633,4.99999999942687
