"","","","","par1","par2"
"cv",20,1,95.8570617781205,4.5956529261003,-4.99999999861177
"cv",20,2,95.7970154002409,4.15355010115751,-4.99999999997647
"cv",20,3,95.8571398723894,4.59651533194906,-4.99999999980557
"cv",20,4,135.31395255377,-3.47327768586534,-4.42084251919626
"cv",40,1,188.036560831582,2.38303866633338,-4.99999974533271
"cv",40,2,187.53861094893,-1.0690489855934,-1.3119817726398
"cv",40,3,185.313139847701,2.49833752526397,-4.99989464501448
"cv",40,4,187.578131604033,-1.02866433559736,-1.32994862791542
