"","","","","par1","par2"
"cv",20,1,95.9158114477928,4.99999999955774,4.99999999827715
"cv",20,2,95.9158119575637,4.99999999873651,4.99999999795341
"cv",20,3,95.9158381490683,4.99999999769618,4.99999999676075
"cv",20,4,95.9158109103458,4.99999999983845,4.99999999984313
"cv",40,1,191.831627338135,4.99999999942586,4.99999999985472
"cv",40,2,191.831803495918,4.99999999983441,4.99999999970909
"cv",40,3,191.831781514289,4.99999999960354,4.99999999636012
"cv",40,4,191.831669797138,4.99999999607098,4.99999999838494
