"","","","","par1","par2"
"cv",20,1,95.9158580563662,4.99999999978958,4.99999999934123
"cv",20,2,95.9158201895272,4.9999999996775,4.9999999993855
"cv",20,3,95.9158174825024,4.99999999933565,4.9999999987211
"cv",20,4,95.9158252281292,4.99999999985654,4.99999999949089
"cv",40,1,191.83179293467,4.99999999961495,4.99999999967025
"cv",40,2,191.831654913463,4.99999999947612,4.99999999873456
"cv",40,3,191.831865838124,4.99999999965815,4.99999999553849
"cv",40,4,191.831771260493,4.99999999904157,4.99999999974246
