"","","","","par1","par2"
"cv",20,1,95.9158207211994,4.99999999975606,4.99999999945783
"cv",20,2,95.9158160522476,4.99999999951162,4.99999999753601
"cv",20,3,95.9158413635118,4.99999999949878,4.99999999930603
"cv",20,4,95.9158381370563,4.99999999997965,4.99999999749641
"cv",40,1,191.831814901383,4.99999999948574,4.99999999938209
"cv",40,2,191.831727366634,4.99999999992598,4.99999999995986
"cv",40,3,191.83186604462,4.99999999884933,4.99999999939713
"cv",40,4,191.831949279317,4.99999999976869,4.99999999958062
