"","","","","par1","par2"
"cv",20,1,95.915809810927,4.99999999516419,4.99999998385657
"cv",20,2,98.774316727891,3.26926302665,-4.99999999879463
"cv",20,3,95.9158114022948,4.99999999050501,4.99999999343953
"cv",20,4,95.9158102871101,4.99999999761391,4.99999998348735
"cv",40,1,191.831621773359,4.99999998854535,4.99999996353241
"cv",40,2,191.831619278447,4.99999999446794,4.9999999946767
"cv",40,3,191.901288964675,4.60322804671207,-4.99999999863008
"cv",40,4,192.131935322939,4.11431659057237,-4.99999999929886
