"","","","","par1","par2"
"cv",20,1,96.7643928194759,2.95681592364046,-4.99999999995978
"cv",20,2,96.0085674458542,3.15262997451158,-4.99999924746199
"cv",20,3,95.6411563415575,3.74879586358396,-4.99999999975798
"cv",20,4,95.6745306932739,3.39378263133485,-4.99999995324579
"cv",40,1,184.764851855798,-4.99999999993021,-1.33241214269242
"cv",40,2,187.68796563131,-4.99999999953362,-1.56934929699815
"cv",40,3,188.008083217778,-4.9999999998904,-1.57184636426662
"cv",40,4,184.809184478083,-4.9999999999783,-1.3272788620624
