"","","","","par1","par2"
"cv",20,1,95.9158104706176,4.99999999940212,4.99999999646654
"cv",20,2,95.915810346715,4.99999999380892,4.99999999881992
"cv",20,3,95.9158097299693,4.99999999979077,4.99999999975818
"cv",20,4,102.315638712833,-4.99999999999227,-0.286717712572081
"cv",40,1,191.831616578634,4.99999999835851,4.99999999953639
"cv",40,2,191.831617564746,4.99999999978136,4.99999999992144
"cv",40,3,191.831621080189,4.99999999891546,4.99999999666466
"cv",40,4,253.833244567899,-0.0422284414326507,-1.04082377301058
