"","","","","par1","par2"
"cv",20,1,94.3589688792356,2.56208789711186,-4.99999999760008
"cv",20,2,94.3782886085191,2.56280488217964,-4.99999866669907
"cv",20,3,94.4381906153258,2.56826801289785,-4.99995815387441
"cv",20,4,100.970817373844,-2.20593167578573,-4.52594157130301
"cv",40,1,189.314931702156,2.35659113594214,-4.99998908398513
"cv",40,2,185.299197475718,2.49627647755901,-4.99999999846213
"cv",40,3,187.975409033654,2.3723832059268,-4.99999995888133
"cv",40,4,186.726714790438,2.44909605780194,-4.99999462202586
