"","","","","par1","par2"
"cv",20,1,94.5083214006086,-0.695443522635855,-0.897638324917907
"cv",20,2,94.4844520095461,-0.696976839437688,-0.901055463713298
"cv",20,3,94.5583852113314,-0.389319526897727,-0.979839756140359
"cv",20,4,100.970817373844,-2.03414946417318,-4.50481506003797
"cv",40,1,184.55275914377,2.28185788925911,-4.99999999827024
"cv",40,2,184.765778264037,2.29465066802972,-4.99999998235027
"cv",40,3,186.657365852442,2.20255257070022,-4.99999453510345
"cv",40,4,188.096350726113,2.1346077104818,-4.9999999997916
