"","","","","par1","par2"
"cv",20,1,94.0730124257147,-1.36908259034544,-4.35342651946176
"cv",20,2,94.0730124257147,-3.59975860884814,-4.2086922353378
"cv",20,3,94.0730124257147,-3.86271808845966,-4.46469601781381
"cv",20,4,94.0730124257147,-0.765672569768998,-4.66356976147849
"cv",40,1,184.139263695584,-2.99981675280827,-4.83884374339192
"cv",40,2,184.139263695584,-2.37224431895312,-4.00085030904827
"cv",40,3,184.139263695584,0.0697971866549431,-4.64376636077035
"cv",40,4,184.139263695584,-4.92871590552459,-3.98534783443217
