"","","","","par1","par2"
"cv",20,1,94.0730124257147,-3.0422292768712,-3.91436597039002
"cv",20,2,94.0730124257147,-3.69725552090205,-4.42907686792388
"cv",20,3,94.0730124257147,-2.52894015749916,-4.65508960561892
"cv",20,4,94.0730124257147,-2.07720828273917,-4.10571619977584
"cv",40,1,184.665106496787,2.26467410137546,-4.99998961046226
"cv",40,2,184.464150046983,0.74163984039544,-2.52597721206639
"cv",40,3,184.517489742562,0.940475704032459,-2.7650504188637
"cv",40,4,191.257740005882,-0.613351598514191,-4.3297788239083
