"","","","","par1","par2"
"cv",20,1,94.709775490646,-4.99999999991362,-0.358987580704099
"cv",20,2,94.7454706781842,-4.9999999867129,-0.35813697574983
"cv",20,3,94.7052992796049,-4.99999999998147,-0.359588047375578
"cv",20,4,107.85877002553,-2.72129458370046,-4.45029033132999
"cv",40,1,184.139263695584,-3.23908209675143,-4.26593198358466
"cv",40,2,184.139263695584,-1.84820065831859,-4.20724636225438
"cv",40,3,184.139263695584,-1.53330996865407,-4.53491315962807
"cv",40,4,184.139263695584,-1.55774677309654,-4.61795238604011
