"","","","","par1","par2"
"cv",20,1,107.85877002553,-2.68492188168266,-4.09580617497908
"cv",20,2,94.7439153767428,-4.999999999978,-0.346406680096174
"cv",20,3,94.7616167860605,-4.99999999999818,-0.346049928568133
"cv",20,4,94.810725176535,-4.99999999998495,-0.347567532257642
"cv",40,1,191.257740005882,-0.697136287945862,-4.93331054154319
"cv",40,2,184.470076703227,-4.99999999995178,-1.56404299225666
"cv",40,3,184.396642221576,-4.99999999998449,-1.57764932475637
"cv",40,4,184.499169351696,-4.99999999996539,-1.55923889423624
