"","","","","par1","par2"
"cv",20,1,94.429867435079,2.49125122366809,-4.9999999890599
"cv",20,2,94.3167835664484,2.47614145930647,-4.99999998188473
"cv",20,3,100.970817373844,-2.96136970435288,-4.77786851108465
"cv",20,4,94.2895787550691,2.47236431359594,-4.9999999998562
"cv",40,1,187.577820279862,2.84842810878897,-4.99999961535161
"cv",40,2,187.597349729313,2.78728183892378,-4.99999683152994
"cv",40,3,200.76650408119,0.881075696304856,-2.44593346621756
"cv",40,4,187.9230437513,2.7786668819515,-4.99999994663549
