"","","","","par1","par2"
"cv",20,1,100.970817373844,-1.65266335941851,-4.04258609181653
"cv",20,2,94.3819743197412,2.52385935744419,-4.99999995614582
"cv",20,3,94.4307452191113,2.52929251879295,-4.99999991678901
"cv",20,4,94.3045662599645,2.51306194639891,-4.99983026363085
"cv",40,1,187.844663754998,-0.194281357837886,-1.50434234875725
"cv",40,2,187.723034923503,-4.9999999998906,-1.23548652340244
"cv",40,3,187.816325341667,0.0895966441653233,-1.62212109095283
"cv",40,4,185.509410388639,-4.99999999991582,-1.01456507208418
