"","","","","par1","par2"
"cv",20,1,95.3433091855212,3.203290930727,-4.99999999663017
"cv",20,2,95.8579681839199,-0.381704969546737,-0.501651219767472
"cv",20,3,98.4961066249811,-4.99999999999167,-0.923014968559648
"cv",20,4,95.2917818268135,3.24054409000539,-4.99999987975208
"cv",40,1,193.108864257033,2.82673223525632,-4.99989009271125
"cv",40,2,190.464896511956,-1.3556475149227,-0.105888299131701
"cv",40,3,189.982951229087,0.519367373578014,-0.683767454600752
"cv",40,4,190.802034657641,0.335272775867391,-0.80508770524605
