"","","","","par1","par2"
"cv",20,1,95.8292777626988,-4.99999999998315,-0.31476257648049
"cv",20,2,95.8831555060596,2.87137604510293,-4.99813518603391
"cv",20,3,95.1273818141133,-2.04099933958097,0.233166229442887
"cv",20,4,96.2059947586663,2.79003017790711,-4.99999999750961
"cv",40,1,188.4571735061,-1.35509079348233,-0.334583688378093
"cv",40,2,194.398638058556,-0.0968966167037533,-1.11941467067181
"cv",40,3,190.568209655852,-2.00314201013685,-0.581673834773528
"cv",40,4,188.773799919714,-2.02197596334072,-0.367609716021326
