"","","","","par1","par2"
"cv",20,1,96.3191566378257,-4.99999999997687,-0.927135483526939
"cv",20,2,94.7553916557168,-4.99999999999612,-0.359279124480216
"cv",20,3,97.0123286785513,2.53804729297818,-4.99999531223959
"cv",20,4,94.6879306404421,-4.99999999999926,-0.360238498623742
"cv",40,1,184.139263695584,-2.00265382003687,-4.70034063701085
"cv",40,2,184.139263695584,-3.26350107988524,-4.89665989280506
"cv",40,3,184.139263695584,0.0719717006755268,-4.82333920355849
"cv",40,4,184.139263695584,-4.54740881865864,-4.11621437538877
