"","","","","par1","par2"
"cv",20,1,94.0730124257147,-0.871229027967932,-4.17584992330789
"cv",20,2,94.0730124257147,-2.42429886696008,-4.0585866949066
"cv",20,3,94.0730124257147,-1.94380218732903,-4.91207558442529
"cv",20,4,94.0730124257147,-1.68711629392471,-4.46516673123382
"cv",40,1,186.330321653521,2.56886100449547,-4.99931899467846
"cv",40,2,187.34672360202,-4.99999999811165,-0.997392077007653
"cv",40,3,187.584921084358,0.532649056098952,-1.84450681813097
"cv",40,4,192.920999108943,-4.99999964608395,-1.33750752203515
