"","","","","par1","par2"
"cv",20,1,94.7062829482704,2.77546477755936,-4.99999999999004
"cv",20,2,94.6081813315722,2.77073181504214,-4.99999999973399
"cv",20,3,107.85877002553,-4.3629082653427,-4.43877182558805
"cv",20,4,94.7372787850117,2.77238502362391,-4.99999999900218
"cv",40,1,184.139263695584,-0.756987477791731,-4.86575360842669
"cv",40,2,184.139263695584,-2.4427635208768,-4.54982251322945
"cv",40,3,184.139263695584,-2.58301853132081,-4.36711546044982
"cv",40,4,184.139263695584,-3.51362793846421,-4.67955630127925
