"","","","","par1","par2"
"cv",20,1,94.0730124257147,-1.78193121931483,-4.98557413328758
"cv",20,2,94.0730124257147,0.318090941291302,-4.74745530508321
"cv",20,3,94.0730124257147,-4.74369594422189,-4.04838790737805
"cv",20,4,94.0730124257147,-0.655557787521316,-4.90454969577686
"cv",40,1,185.562366271746,-4.99999999999627,-0.97591330976914
"cv",40,2,212.540139746889,-2.54826524239299,-4.77924473663375
"cv",40,3,185.616577922545,-4.99999999998678,-0.973252764167834
"cv",40,4,185.545616778929,-4.99999999999354,-0.977128728392576
