"","","","","par1","par2"
"cv",20,1,94.375931650894,2.40109920886879,-4.99999999982626
"cv",20,2,94.2645493979372,2.38080753415104,-4.99999999993714
"cv",20,3,100.970817373844,-4.53940357134985,-4.46963408973804
"cv",20,4,94.3452165070287,2.39275342678479,-4.99999999992727
"cv",40,1,186.487259753606,2.63492054960038,-4.99999984679239
"cv",40,2,189.160153917952,-0.437782265070764,-1.18163061880775
"cv",40,3,187.432338061984,0.775008617193589,-1.93772790676286
"cv",40,4,192.363127992461,2.36477124034093,-4.99999975823063
