"","","","","par1","par2"
"cv",20,1,94.3219445064038,2.42960484933994,-4.99999999632732
"cv",20,2,94.3165254345529,2.42803700979466,-4.99999977698593
"cv",20,3,94.4166212701597,2.44279860930833,-4.99999999952969
"cv",20,4,100.970817373844,-0.347531930772294,-4.44608338667013
"cv",40,1,193.038367588993,-1.4819773204688,-0.837442668652144
"cv",40,2,187.73490181545,-1.4515436395675,-0.243116356863826
"cv",40,3,187.487222026829,-1.71408852880259,-0.21750244361685
"cv",40,4,195.278472684641,-2.27193407153569,-0.924349161148553
