"","","","","par1","par2"
"cv",20,1,96.1142661341322,2.78362785049393,-4.99999998635959
"cv",20,2,95.0105569811525,3.10620347065874,-4.99999999992212
"cv",20,3,95.7556043424235,2.84490941061063,-4.99999999920322
"cv",20,4,95.4606327985125,2.93930802364399,-4.99995471703795
"cv",40,1,189.258900070048,-4.99999999996268,-1.49222467768246
"cv",40,2,184.953250917289,-0.435271984375939,-1.38760289026942
"cv",40,3,188.157347318404,-0.15391862028953,-1.74819282086292
"cv",40,4,184.920374042947,-0.25682796992866,-1.45254412270305
