"","","","","par1","par2"
"cv",20,1,94.3690170059348,2.53039963353033,-4.99971678436533
"cv",20,2,94.43500212185,2.53792186720204,-4.99997658333037
"cv",20,3,100.970817373844,-1.07526503313537,-4.43712104533174
"cv",20,4,94.3670208543204,-4.99999999999037,-0.92660644232453
"cv",40,1,184.139263695584,-1.33470621199077,-4.90640941814547
"cv",40,2,184.139263695584,-2.39446971072356,-4.06124282467613
"cv",40,3,184.139263695584,-4.16889206202245,-4.7886620130067
"cv",40,4,184.139263695584,-1.12728621672747,-4.58064455737837
