"","","","","par1","par2"
"cv",20,1,95.8016115014604,3.72923781165534,-4.99999999993615
"cv",20,2,97.0765419183519,3.0118284277797,-4.99999999173308
"cv",20,3,95.9158096708935,4.99999998958392,4.99999997459765
"cv",20,4,96.0133766038207,3.35123712245984,-4.99999999180711
"cv",40,1,191.806305372902,-0.647872965056817,4.66135703698727
"cv",40,2,191.676448475612,-1.23806005651951,2.79617178612871
"cv",40,3,191.831618846553,4.99999999882998,4.99999997962301
"cv",40,4,203.75041680031,-1.33203623691218,-0.563042328119857
