"","","","","par1","par2"
"cv",20,1,94.0730124257147,-1.47741804965117,-4.34563180509428
"cv",20,2,94.0730124257147,-1.53567736682164,-4.42580773089348
"cv",20,3,94.0730124257147,-3.80349760735505,-3.93514629477542
"cv",20,4,94.0730124257147,-4.18792693204794,-4.61358775991216
"cv",40,1,184.139263695584,-1.67733587120682,-4.64358996176722
"cv",40,2,184.139263695584,-3.3248044766961,-4.79794763908431
"cv",40,3,184.139263695584,-1.63057403406259,-4.02461199030813
"cv",40,4,184.139263695584,-0.0967114949409607,-4.62385416777051
