"","","","","par1","par2"
"cv",20,1,95.9158452856895,4.99999999954533,4.99999999719776
"cv",20,2,95.91585251296,4.99999999979899,4.99999999959801
"cv",20,3,95.9158180953022,4.99999999975199,4.99999999874773
"cv",20,4,95.9158886914265,4.99999999985397,4.99999999827081
"cv",40,1,191.831742235412,4.9999999982932,4.99999999857328
"cv",40,2,191.831722902096,4.99999999888933,4.99999999734722
"cv",40,3,191.83185792579,4.99999999946651,4.9999999999549
"cv",40,4,191.831816885622,4.99999999886099,4.99999999581018
