"","","","","par1","par2"
"cv",20,1,95.9158179683028,4.99999999754087,4.99999999932835
"cv",20,2,95.9158419036573,4.99999999907512,4.99999999970545
"cv",20,3,95.915809688562,4.99999999985948,4.99999999826645
"cv",20,4,95.9158114862425,4.99999999960044,4.99999999893917
"cv",40,1,191.831715647064,4.99999999896084,4.99999999966583
"cv",40,2,191.831741642499,4.99999999997387,4.99999999866837
"cv",40,3,191.831715545398,4.99999999982549,4.99999999647883
"cv",40,4,191.831619853216,4.99999999994943,4.9999999985231
