"","","","","par1","par2"
"cv",20,1,96.4624627455425,2.49756623133835,-4.9999999998289
"cv",20,2,94.6385078648903,2.79790308131805,-4.99999999649069
"cv",20,3,95.5786785972599,2.61260508799506,-4.99999986052799
"cv",20,4,94.6200110931953,2.79799389704126,-4.99999999961977
"cv",40,1,191.257740005882,-1.87019476583169,-4.89333197114443
"cv",40,2,184.559319197203,0.361789617473431,-2.11937915112572
"cv",40,3,184.571396741581,0.423884334532023,-2.16964134512233
"cv",40,4,184.459546881072,-0.0684014775034618,-1.85153197869715
