"","","","","par1","par2"
"cv",20,1,95.1681749051939,3.66232996662324,-4.9999997692101
"cv",20,2,95.1681729253067,3.66232835980867,-4.99999999963556
"cv",20,3,95.1682643319163,3.66238915353257,-4.99996264333313
"cv",20,4,114.73696650227,-0.435438150452543,-3.92722601919454
"cv",40,1,185.961961592611,3.14004211450319,-4.99999908790192
"cv",40,2,192.905018061813,2.88425002961751,-4.9885822661684
"cv",40,3,189.593301156127,2.98610346212316,-4.9999967114855
"cv",40,4,185.961645272547,3.13560869414051,-4.99131035235537
