"","","","","par1","par2"
"cv",20,1,94.0730124257147,-1.01318430116884,-4.22394626897215
"cv",20,2,94.0730124257147,-3.39950750231252,-4.77286691978905
"cv",20,3,94.0730124257147,-1.47076402701096,-3.55521029719729
"cv",20,4,94.0730124257147,-1.08529035868988,-4.4639319356248
"cv",40,1,185.173246404757,2.97063709280584,-4.98344057853389
"cv",40,2,185.174035734936,1.92432514537662,-2.95690254612666
"cv",40,3,187.425252338955,1.99225710700395,-3.26355835168753
"cv",40,4,191.08918659086,0.747657461797832,-1.53504420902539
