"","","","","par1","par2"
"cv",20,1,95.172813975946,-4.99999999999849,1.41588669687097
"cv",20,2,95.1728138421065,-4.99999999999775,1.41588646366088
"cv",20,3,95.1728139542951,-4.99999999999087,1.41588665914503
"cv",20,4,114.73696650227,0.638365985865539,-4.79228044102126
"cv",40,1,184.484846734995,0.941776456632992,-1.7697833103674
"cv",40,2,184.479834210927,1.08030146606429,-1.96507977523646
"cv",40,3,184.481126282208,2.34130067725431,-4.17213773424912
"cv",40,4,191.257740005882,-0.237611030389659,-3.25143929292548
