"","","","","par1","par2"
"cv",20,1,95.9158284589944,4.99999999995216,4.9999999981493
"cv",20,2,95.9158233296283,4.99999999906577,4.99999999954949
"cv",20,3,95.9158250363878,4.99999999999347,4.99999999915712
"cv",20,4,95.9158147830847,4.99999999812672,4.99999999691485
"cv",40,1,191.831630752181,4.99999999995853,4.99999999903052
"cv",40,2,191.832218936357,4.99999999997377,4.9999999986125
"cv",40,3,191.831627334054,4.99999999985799,4.99999999922705
"cv",40,4,191.832004304806,4.99999999986405,4.99999999913409
