"","","","","par1","par2"
"cv",20,1,95.9158117190127,4.99999999660934,4.9999999994941
"cv",20,2,95.9158117881172,4.99999999657885,4.99999999902833
"cv",20,3,95.9158117328223,4.99999999616404,4.99999999783376
"cv",20,4,95.9158117134388,4.99999999774505,4.99999999853718
"cv",40,1,191.831625341558,4.99999999892058,4.99999997741021
"cv",40,2,191.831624951512,4.9999999985411,4.9999999995
"cv",40,3,191.831625551879,4.99999999864851,4.99999999772319
"cv",40,4,191.831624881369,4.99999999868487,4.99999998891434
