"","","","","par1","par2"
"cv",20,1,70.7733478176441,0.948022466086387,-3.19659365834366
"cv",20,2,112.077325862471,2.1618836272913,-4.99999999999325
"cv",20,3,74.4816360566226,0.895674215887473,-3.01198586143507
"cv",20,4,47.9615933073932,1.02178110347676,-3.14421185669211
"cv",40,1,40.7890833482692,2.2484118290458,-4.99999999999975
"cv",40,2,109.836935433619,1.97825271472464,-4.99999999998295
"cv",40,3,54.7146388898664,2.30333235015694,-4.99999999999911
"cv",40,4,39.9035204751908,2.31601145625905,-4.99999999999818
