"","","","","par1","par2"
"cv",20,1,95.9158079445939,4.99999999869648,4.99999999952028
"cv",20,2,95.9158113641182,4.99999999973389,4.99999999809202
"cv",20,3,95.9159872067197,4.99999999926628,4.99999999663057
"cv",20,4,95.9158848143795,4.9999999989544,4.99999999978622
"cv",40,1,191.831617076351,4.99999999968295,4.99999999950462
"cv",40,2,191.831613656662,4.99999999978223,4.99999999999686
"cv",40,3,191.831912304455,4.99999999967748,4.99999999954831
"cv",40,4,191.832565971301,4.9999999999188,4.9999999995938
