"","","","","par1","par2"
"cv",20,1,95.9158108834489,4.99999999919376,4.99999998544211
"cv",20,2,95.9158114192061,4.99999999523142,4.9999999636531
"cv",20,3,95.915811576855,4.9999999835687,4.99999999913524
"cv",20,4,95.9158117223922,4.99999999269483,4.99999999703606
"cv",40,1,191.831624674668,4.99999999875881,4.99999999952898
"cv",40,2,191.831624855589,4.99999999748875,4.99999999837754
"cv",40,3,191.831624117523,4.99999999971278,4.99999999946555
"cv",40,4,191.83162494554,4.99999999963295,4.99999999823266
