"","","","","par1","par2"
"cv",20,1,95.9158096543488,4.99999999983248,4.99999999953495
"cv",20,2,95.9158130732814,4.99999999975746,4.99999999727624
"cv",20,3,95.9158250363733,4.99999999926525,4.99999999957829
"cv",20,4,95.9158848143798,4.99999999904598,4.99999999551214
"cv",40,1,191.83162049333,4.99999999986812,4.99999999886681
"cv",40,2,191.831722954129,4.99999999975441,4.99999999843859
"cv",40,3,191.831902047243,4.99999999998159,4.99999999909117
"cv",40,4,191.831765615063,4.99999999965054,4.99999999989097
