"","","","","par1","par2"
"cv",20,1,94.0730124257147,-1.11505333914761,-3.08990471831585
"cv",20,2,94.0730124257147,-2.74268547771499,-2.88280331393635
"cv",20,3,94.0730124257147,0.611660795625639,-3.7317486889629
"cv",20,4,94.0730124257147,0.319584149503258,-4.08652179433537
"cv",40,1,184.139263695584,-0.58791265978546,-4.13076672511218
"cv",40,2,184.139263695584,-0.597883592084135,-4.84816011175346
"cv",40,3,184.139263695584,-0.0618873437667652,-4.32722023559785
"cv",40,4,184.139263695584,-1.97238203249793,-4.53973215158255
