"","","","","par1","par2"
"cv",20,1,94.7732318866988,2.86146113815913,-4.02005144465806
"cv",20,2,94.7724292641391,3.30928467057747,-4.90968488675226
"cv",20,3,94.7702443555171,3.33451315977431,-4.96307126944885
"cv",20,4,107.85877002553,0.289029559480501,-4.7986486197748
"cv",40,1,184.139263695584,-2.34906242253104,-4.16769742405474
"cv",40,2,184.139263695584,-4.86439888635134,-3.92110126626803
"cv",40,3,184.139263695584,-0.960212398592297,-4.24285149549062
"cv",40,4,184.139263695584,-1.08219414431314,-3.13540980871435
