"","","","","par1","par2"
"cv",20,1,95.9158079445938,4.99999999530147,4.99999998725243
"cv",20,2,95.9158079445939,4.9999999950439,4.99999999482504
"cv",20,3,95.9158079445939,4.99999999525309,4.99999999342402
"cv",20,4,135.31395255377,-2.22047250869601,-4.63762641800695
"cv",40,1,187.423850480971,2.87435338848724,-4.95969170959692
"cv",40,2,187.653797728914,2.88306050042768,-4.98519551150254
"cv",40,3,185.205966324106,2.035682522103,-3.15026202798193
"cv",40,4,187.558767119521,2.88275110785643,-4.98185337898795
