"","","","","par1","par2"
"cv",20,1,97.2553085812203,-4.99999999930433,-1.44217831663664
"cv",20,2,95.1138676862783,-4.99999999877285,-0.614458690489168
"cv",20,3,95.37483987012,2.50072372753445,-4.40041121518906
"cv",20,4,96.1535038967889,-4.99999998810298,-1.25860944030193
"cv",40,1,191.455319550345,-4.99999999775556,-0.367889716569706
"cv",40,2,193.408664990085,-4.99999999850992,-1.02457737325989
"cv",40,3,191.348440272997,-4.99999997462997,0.699857841543209
"cv",40,4,191.979565216751,-4.99999999837406,-0.599627240841047
