"","","","","par1","par2"
"cv",20,1,78.2142381315029,2.62641273085388,-4.99999999993069
"cv",20,2,94.7415350372768,1.56468271863259,-3.38020739943061
"cv",20,3,100.332133087488,1.38820771456352,-3.22813355815692
"cv",20,4,79.585871505152,1.44746825844366,-3.18592072742924
"cv",40,1,124.407556667501,2.31673016244221,-4.44631845926298
"cv",40,2,99.0000024596342,1.37928399411482,-2.96432374511825
"cv",40,3,105.505883423944,1.34401132223803,-2.93388802642528
"cv",40,4,91.7568787496559,1.1206794587016,-2.88360895403449
