"","","","","par1","par2"
"cv",20,1,95.9158116900096,4.99999998241061,4.99999998376146
"cv",20,2,95.9158117277389,4.9999999960942,4.99999999691646
"cv",20,3,95.9158116862147,4.99999998894599,4.99999999138473
"cv",20,4,95.9158118500093,4.99999999977947,4.99999999689846
"cv",40,1,191.831624867424,4.99999999815529,4.99999999869503
"cv",40,2,191.831624740468,4.99999999814083,4.99999999051621
"cv",40,3,191.8316251048,4.99999999633941,4.99999999969544
"cv",40,4,191.831624591517,4.99999998897302,4.99999999402435
