"","","","","par1","par2"
"cv",20,1,94.414958386495,3.07408663761586,-4.98600650630189
"cv",20,2,94.415224564292,3.07894389153228,-4.99519047318952
"cv",20,3,100.970817373844,-2.20314029031242,-3.93316790376085
"cv",20,4,94.4151110832265,3.08123065631243,-4.99992158394775
"cv",40,1,186.304887187144,3.20105521657438,-4.99834595177912
"cv",40,2,189.291357054489,2.79747161600867,-4.47512545985678
"cv",40,3,187.525550982695,3.13333710157732,-4.99868911915422
"cv",40,4,191.820606840138,2.97899264716646,-4.99781768926426
