"","","","","par1","par2"
"cv",20,1,95.9158118367053,4.99999999933735,4.99999999596269
"cv",20,2,95.9158118402341,4.99999999352906,4.99999998756794
"cv",20,3,95.9158116313776,4.99999999907164,4.99999999956201
"cv",20,4,95.9158117158833,4.99999999766178,4.999999997398
"cv",40,1,191.8316248956,4.99999999063935,4.99999999585063
"cv",40,2,191.831624746745,4.99999999607589,4.99999999863316
"cv",40,3,191.83162412585,4.99999999610166,4.99999999376993
"cv",40,4,191.831624121378,4.99999999250078,4.99999999130594
