"","","","","par1","par2"
"cv",20,1,94.0730124257147,-2.23033030217699,-4.06027004713528
"cv",20,2,94.0730124257147,-1.90342826461737,-4.40907392993843
"cv",20,3,94.0730124257147,-3.41664313158275,-3.77740628302196
"cv",20,4,94.0730124257147,-0.51677582377785,-4.89936025789499
"cv",40,1,187.583734746667,1.26008209683836,-1.97115039523897
"cv",40,2,185.235144464071,2.99282584018557,-4.99911226045411
"cv",40,3,185.234835418652,2.98806296818329,-4.98981496541661
"cv",40,4,191.568136327757,2.76436724335532,-4.99818335294251
