"","","","","par1","par2"
"cv",20,1,95.9158115058964,4.99999999721648,4.99999999958672
"cv",20,2,95.9158115211996,4.99999999666894,4.99999999728699
"cv",20,3,95.9158116812824,4.99999999596815,4.9999999983627
"cv",20,4,95.9158117953366,4.99999999523526,4.99999999931074
"cv",40,1,191.831623888211,4.99999999831421,4.99999999622806
"cv",40,2,191.831624939909,4.99999999703797,4.99999999887046
"cv",40,3,191.831624463231,4.99999999959491,4.99999999837629
"cv",40,4,191.831624898586,4.99999999940093,4.99999998692991
