"","","","","par1","par2"
"cv",20,1,94.0730124257147,0.490037607090602,-4.64444908469024
"cv",20,2,94.0730124257147,-1.72390828141943,-3.70163664548942
"cv",20,3,94.0730124257147,0.365742174270301,-4.90612655988449
"cv",20,4,94.0730124257147,-0.860508753711722,-2.90365466229549
"cv",40,1,184.139263695584,-0.828227313224147,-3.6274366689486
"cv",40,2,184.139263695584,-3.30381907640149,-3.21056342257748
"cv",40,3,184.139263695584,-3.1172676189907,-4.37533631620747
"cv",40,4,184.139263695584,-2.42254626429014,-3.77081191722675
