"","","","","par1","par2"
"cv",20,1,95.9158117568013,4.99999998936177,4.9999999947224
"cv",20,2,95.9158118259129,4.99999998620991,4.99999998795721
"cv",20,3,95.9158117912271,4.99999998748617,4.99999999355882
"cv",20,4,95.915811487106,4.99999999831585,4.99999999920515
"cv",40,1,191.83162485652,4.99999999495774,4.99999999930644
"cv",40,2,191.831624527326,4.99999999627258,4.99999999933679
"cv",40,3,191.831624856435,4.99999999397871,4.99999999833615
"cv",40,4,191.831624126045,4.99999999231091,4.99999999625127
