"","","","","par1","par2"
"cv",20,1,95.9158116698192,4.99999999987573,4.99999999894573
"cv",20,2,95.9158115622492,4.99999999974287,4.99999999794786
"cv",20,3,95.9158113146779,4.99999999460978,4.99999999419558
"cv",20,4,95.9158113341064,4.99999999911571,4.99999998332558
"cv",40,1,191.831623154615,4.99999999401259,4.9999999979904
"cv",40,2,191.831623950785,4.99999999486158,4.99999999345847
"cv",40,3,191.831624266339,4.99999999858105,4.99999999006487
"cv",40,4,191.831624001722,4.99999999461942,4.99999999658553
