"","","","","par1","par2"
"cv",20,1,97.1027417923369,2.12121105290637,-4.30623979330757
"cv",20,2,96.6514916621601,2.26947531378276,-4.55256756318825
"cv",20,3,90.5509023032111,2.76767578771293,-4.99999999428322
"cv",20,4,94.1143971020924,1.62711369239989,-3.43284081322991
"cv",40,1,193.882103188715,1.87918187577817,-3.02369851182947
"cv",40,2,194.822209372034,1.74851455164324,-2.88615929139422
"cv",40,3,191.831614555343,4.99999998823773,4.99999999747672
"cv",40,4,190.625870411298,2.61400615238857,-4.04347534784833
