"","","","","par1","par2"
"cv",20,1,95.7145387939581,3.64779210059286,-4.99858715093869
"cv",20,2,96.8399368246168,3.32214825823956,-4.93161421791462
"cv",20,3,95.5019464347367,4.01783280347224,-4.99999152010084
"cv",20,4,95.7325636583643,3.63375922704562,-4.99997011315006
"cv",40,1,191.257740005882,-2.592770573688,-4.84701978551922
"cv",40,2,184.475869918786,1.68434606532167,-2.94896570156385
"cv",40,3,184.475518325883,0.697506135925821,-1.48041760169233
"cv",40,4,184.475786545562,-0.277244834700511,-0.763832470630039
