"","","","","par1","par2"
"cv",20,1,94.0730124257147,-0.0814249692785399,-4.6850591624995
"cv",20,2,94.0730124257147,0.272852177731693,-4.85622311472344
"cv",20,3,94.0730124257147,-2.96841666066973,-3.32833592838112
"cv",20,4,94.0730124257147,0.171912105757275,-4.8357967730616
"cv",40,1,184.477938382075,0.974953566877736,-1.82035018360415
"cv",40,2,184.485043288605,0.943146819808506,-1.77141845754228
"cv",40,3,184.481161499419,2.30783675908071,-4.10747940523158
"cv",40,4,191.257740005882,-0.954836047724804,-3.11587219378407
