"","","","","par1","par2"
"cv",20,1,95.9158130739697,4.9999999997034,4.99999999977119
"cv",20,2,95.9158182032972,4.99999999697943,4.99999999513438
"cv",20,3,95.9158130739455,4.99999999984807,4.99999999864091
"cv",20,4,95.9158130740567,4.9999999992831,4.9999999999533
"cv",40,1,191.83161707651,4.99999999797431,4.99999999693954
"cv",40,2,191.831627335663,4.99999999772173,4.99999998690244
"cv",40,3,191.923710829636,4.99999999883903,-4.05587462363076
"cv",40,4,191.831620496262,4.99999999914057,4.99999999954318
