"","","","","par1","par2"
"cv",20,1,62.2162378214557,0.529107769291886,-3.01828181441194
"cv",20,2,95.1236663071637,1.19483568736022,-3.8920100742816
"cv",20,3,60.6747900519223,0.0659134230445974,-2.77937774331379
"cv",20,4,95.6935916710638,1.74951722214294,-4.78079997706523
"cv",40,1,142.578356435439,0.665458591168358,-3.5252228989025
"cv",40,2,114.538389164224,1.01350832794436,-3.45951855603375
"cv",40,3,172.621538861469,1.24620426337087,-3.76713354625528
"cv",40,4,114.43496104489,1.03913253424269,-3.69788057902644
