"","","","","par1","par2"
"cv",20,1,94.417631720913,0.645100243787348,-0.787820751481418
"cv",20,2,94.413565781242,3.06339686453689,-4.96717504028562
"cv",20,3,100.970817373844,0.726974720734733,-4.92227150445694
"cv",20,4,94.4124873392242,3.00939279508309,-4.86193422081299
"cv",40,1,184.139263695584,-0.0127879491900464,-3.53642600842689
"cv",40,2,184.139263695584,-0.414241323455694,-4.07854619423441
"cv",40,3,184.139263695584,-1.25808103408474,-4.98077581411702
"cv",40,4,184.139263695584,-3.1438893692919,-4.48662316576314
