"","","","","par1","par2"
"cv",20,1,94.0730124257147,-4.4638149546846,-3.36418859705709
"cv",20,2,94.0730124257147,0.667919088844499,-3.96386795546673
"cv",20,3,94.0730124257147,0.49267526611059,-4.36907092393738
"cv",20,4,94.0730124257147,-0.892806251783118,-3.28316680030154
"cv",40,1,184.139263695584,-4.39644822255986,-2.81687100327409
"cv",40,2,184.139263695584,-2.13041506943616,-3.51614203731173
"cv",40,3,184.139263695584,-0.347061582092825,-3.5875323174556
"cv",40,4,184.139263695584,1.15238887553912,-4.71667269930045
