"","","","","par1","par2"
"cv",20,1,95.9158116565505,4.99999999672324,4.99999999851118
"cv",20,2,95.9158114697967,4.99999999736578,4.99999999931251
"cv",20,3,95.9158115064965,4.99999999864424,4.99999999597549
"cv",20,4,95.9158117222119,4.99999999617607,4.99999999958205
"cv",40,1,191.831624690369,4.99999999971767,4.99999999415569
"cv",40,2,191.831624836016,4.99999999629729,4.99999999970495
"cv",40,3,191.831624979977,4.99999999850986,4.99999999852821
"cv",40,4,191.831625311278,4.99999999756264,4.99999999693095
