"","","","","par1","par2"
"cv",20,1,95.9158118025154,4.99999999464453,4.99999999568722
"cv",20,2,95.9158117067214,4.99999999914245,4.99999999906112
"cv",20,3,95.9158115349632,4.99999999912744,4.99999999674582
"cv",20,4,95.9158115334202,4.99999999917289,4.99999999905795
"cv",40,1,191.831624573771,4.99999999702978,4.99999999936654
"cv",40,2,191.83162518519,4.9999999991452,4.99999999578257
"cv",40,3,191.831623999305,4.99999999838875,4.99999999965102
"cv",40,4,191.831624175773,4.99999999962805,4.99999999764732
