"","","","","par1","par2"
"cv",20,1,96.314321363996,-4.99999999810713,-0.612492068871917
"cv",20,2,95.8510526506174,-4.99999999077237,0.84207187889053
"cv",20,3,96.0354688039848,-4.99999999389751,-0.181976360480089
"cv",20,4,95.9158108824292,4.99999996725716,4.99999997543915
"cv",40,1,192.519742323528,-4.99999999886333,0.430822423547432
"cv",40,2,191.831623601425,4.99999994702585,4.99999999675499
"cv",40,3,191.831623517149,4.99999998807147,4.99999999775665
"cv",40,4,191.831619661944,4.99999999517191,4.9999999978016
