"","","","","par1","par2"
"cv",20,1,94.0730124257147,-1.78724370050279,-4.54719092593353
"cv",20,2,94.0730124257147,-0.780202332918493,-3.10749602051546
"cv",20,3,94.0730124257147,0.679176078472473,-4.05263044687204
"cv",20,4,94.0730124257147,0.124040343817526,-3.92444204090046
"cv",40,1,184.476984838072,0.647168566649006,-1.42404831801981
"cv",40,2,184.479838460321,1.57814882850987,-2.75894747724391
"cv",40,3,191.257740005882,0.827477977869432,-4.84207510131309
"cv",40,4,184.476492924777,0.812978247732405,-1.61400640254598
