"","","","","par1","par2"
"cv",20,1,94.4132174370905,3.07464099131699,-4.9900780796357
"cv",20,2,94.4126608838492,2.61981098259795,-4.09304783726668
"cv",20,3,94.4134456402621,1.19219199069305,-1.50550489093848
"cv",20,4,100.970817373844,0.702293562676322,-4.24199027548411
"cv",40,1,193.512454352269,-4.9999999999883,0.230572220625424
"cv",40,2,187.294876048437,-4.99999999998123,0.831230765636308
"cv",40,3,187.294875476807,-4.99999999999562,0.831230568670131
"cv",40,4,193.853839626299,-4.99999999999608,0.220703803191728
