"","","","","par1","par2"
"cv",20,1,96.0842096957846,-4.99999999472454,-0.973072080217156
"cv",20,2,95.9158109959103,4.9999999292645,4.99999998021154
"cv",20,3,97.7295730479758,-4.99999999621102,-1.60312569127997
"cv",20,4,95.7579380989079,-4.99999996096423,-0.626988685060368
"cv",40,1,191.831624958048,4.99999999333891,4.99999999726475
"cv",40,2,191.831623827723,4.99999999821095,4.99999999956621
"cv",40,3,191.831624590649,4.99999999954521,4.99999999695505
"cv",40,4,191.831624172423,4.99999999960075,4.99999999508972
