"","","","","par1","par2"
"cv",20,1,24.1140194695178,2.25106758524987,-4.99999999999564
"cv",20,2,75.2529226108033,1.78984673153958,-4.33904176547397
"cv",20,3,39.2201947059645,2.29973562569297,-4.99999999995373
"cv",20,4,1.54511490478503,2.28886151498453,-4.99999999998801
"cv",40,1,32.9061596709014,1.89184244038437,-4.32080751276288
"cv",40,2,64.154784106562,2.28975926638449,-4.99999999998999
"cv",40,3,58.915563118339,1.56297487378063,-3.80083239537431
"cv",40,4,45.1579199900392,2.32877944263771,-4.99999999994858
