"","","","","par1","par2"
"cv",20,1,95.9158114608805,4.99999996794259,4.99999996900566
"cv",20,2,95.9158116852355,4.99999999584259,4.99999999018544
"cv",20,3,95.9158108551623,4.99999999400118,4.99999999805045
"cv",20,4,95.9158117630265,4.99999997270232,4.999999994125
"cv",40,1,191.831624628541,4.99999999414558,4.99999999757841
"cv",40,2,191.831624717767,4.99999999685675,4.9999999954413
"cv",40,3,191.831624657216,4.99999999485392,4.99999999804425
"cv",40,4,191.831624848056,4.99999999203685,4.99999999633311
