"","","","","par1","par2"
"cv",20,1,93.9906876727397,-4.99999999948623,-1.58549089912977
"cv",20,2,90.6206868988027,-4.99999999993901,-1.58203856347281
"cv",20,3,93.7732501059801,-4.99999999938879,-1.58683247966666
"cv",20,4,96.850078391017,-4.99999999943948,-1.84052180612527
"cv",40,1,192.219198079204,-4.9999999992566,-0.85858619887888
"cv",40,2,189.443426669314,-4.99999999890266,-0.513208069377419
"cv",40,3,190.104486080001,-4.99999999885391,-0.716144030279837
"cv",40,4,192.131327215257,-4.99999999865045,-0.880926313118632
