"","","","","par1","par2"
"cv",20,1,95.915845539043,4.99999999988914,4.9999999998885
"cv",20,2,95.915963322559,4.99999999912849,4.99999999523246
"cv",20,3,95.9158079445939,4.99999999820588,4.99999999991823
"cv",20,4,95.9158147830992,4.99999999861366,4.99999999793985
"cv",40,1,191.832082674803,4.99999999988255,4.99999999951408
"cv",40,2,191.83208096486,4.99999999930865,4.9999999997776
"cv",40,3,191.832082674804,4.99999999998607,4.99999999826998
"cv",40,4,191.831618785606,4.99999999866507,4.99999999988147
