"","","","","par1","par2"
"cv",20,1,94.0730124257147,0.377183992658783,-4.64087775726338
"cv",20,2,94.0730124257147,-3.49475485468604,-3.41248079072855
"cv",20,3,94.0730124257147,-1.76922565870704,-3.74453141388397
"cv",20,4,94.0730124257147,-2.13265145507303,-3.74880919148175
"cv",40,1,184.139263695584,-2.35541131903995,-3.9956718449944
"cv",40,2,184.139263695584,-3.20911141018909,-3.61856302251583
"cv",40,3,184.139263695584,-1.73174846505709,-3.57980744547765
"cv",40,4,184.139263695584,-4.39572277631485,-3.22659985467112
