"","","","","par1","par2"
"cv",20,1,95.9158116133312,4.99999999897768,4.99999999620907
"cv",20,2,95.9158117186441,4.99999999806228,4.99999999963585
"cv",20,3,95.9158116725368,4.9999999865165,4.99999998583176
"cv",20,4,95.9158110168706,4.99999999951298,4.99999999822815
"cv",40,1,191.831621884711,4.99999999638538,4.99999999828453
"cv",40,2,191.83162475064,4.99999999641531,4.99999999633042
"cv",40,3,191.831623795411,4.99999999606374,4.99999999850327
"cv",40,4,191.831623877866,4.99999999893737,4.99999999682681
