"","","","","par1","par2"
"cv",20,1,95.887569588334,4.96502651197679,-4.99999999551569
"cv",20,2,96.8438126055428,3.65720040748672,-4.99999654591751
"cv",20,3,95.9158079445939,4.99999999983507,4.99999999098362
"cv",20,4,96.0438129662653,4.0264539587701,-4.99999997174312
"cv",40,1,191.831613656676,4.99999999765136,4.99999997169465
"cv",40,2,191.627975994929,-4.99999999996639,3.60720207866113
"cv",40,3,191.831613656807,4.99999998919947,4.99999997401035
"cv",40,4,208.043011108057,3.26944062036803,-4.99314823129776
