"","","","","par1","par2"
"cv",20,1,95.9159872067194,4.99999999854992,4.99999999981133
"cv",20,2,95.9158557854356,4.99999999876258,4.99999999983146
"cv",20,3,95.9158438292592,4.99999999979617,4.99999999533345
"cv",20,4,95.9158557854355,4.99999999978177,4.99999999836243
"cv",40,1,191.832455424804,4.99999999881473,4.99999999747085
"cv",40,2,191.831791209081,4.99999999972004,4.99999999967742
"cv",40,3,191.832683281329,4.99999999971338,4.99999999950469
"cv",40,4,191.832200303595,4.99999999978878,4.99999999901235
