"","","","","par1","par2"
"cv",20,1,100.970817373844,-4.32557247579098,-4.91372044288978
"cv",20,2,94.4144286778784,1.6135787261156,-2.19465036332385
"cv",20,3,94.416072163113,3.05190507171713,-4.94010544562925
"cv",20,4,94.4152606885173,3.07315906399233,-4.98365071899475
"cv",40,1,187.565077449044,2.79569844694196,-4.8079328030851
"cv",40,2,187.496302706536,2.52260665311898,-4.26901299886124
"cv",40,3,187.553658063775,1.81316688328531,-2.92790700325388
"cv",40,4,185.216279168415,1.54024429853823,-2.24951115825704
