"","","","","par1","par2"
"cv",20,1,94.0730124257147,-3.7370403616967,-4.84741371436528
"cv",20,2,94.0730124257147,-3.10628709341038,-4.16803402006905
"cv",20,3,94.0730124257147,-1.18470084072336,-3.57122710548497
"cv",20,4,94.0730124257147,-4.14557027100724,-2.83036775522483
"cv",40,1,184.139263695584,-1.78086042614165,-4.20810212769471
"cv",40,2,184.139263695584,-2.79473029393659,-3.67123071993783
"cv",40,3,184.139263695584,-0.129881411941703,-4.38931856103991
"cv",40,4,184.139263695584,-1.37275733920648,-3.90992488366421
