"","","","","par1","par2"
"cv",20,1,33.7396934104199,2.34579198319483,-4.9999999999922
"cv",20,2,67.5482760292231,2.2821116149831,-4.99999999999851
"cv",20,3,82.1893854702277,2.16133229072711,-4.99999999989474
"cv",20,4,74.2602648148977,2.38813307067152,-4.9999999999409
"cv",40,1,50.3117114873504,1.14950463855149,-3.1832212596393
"cv",40,2,135.000127800503,1.11676722469431,-3.20162081989003
"cv",40,3,29.0036591523733,1.2166704944146,-3.16794588383944
"cv",40,4,119.134131760726,2.43507937349131,-4.9999999999558
