"","","","","par1","par2"
"cv",20,1,94.4207660725118,3.08469847644813,-4.99719416011737
"cv",20,2,94.4173506013114,1.61158947111668,-2.18619717980362
"cv",20,3,94.421471317584,3.08283489705622,-4.9923020814099
"cv",20,4,100.970817373844,-0.385736322777068,-3.80795200605515
"cv",40,1,184.842352273731,2.88330940831217,-4.9798197868665
"cv",40,2,184.85036634241,2.06332393723689,-3.38200546738893
"cv",40,3,187.831232901225,2.76681914252612,-4.99976443354984
"cv",40,4,188.093685053185,1.70201492593235,-2.97967344079858
