"","","","","par1","par2"
"cv",20,1,94.857077731325,-4.99999999975913,-3.37900008240644
"cv",20,2,94.7072845992908,-4.9999999999248,-3.32637583250264
"cv",20,3,93.0699033920353,-4.99999999999316,-2.73386018837175
"cv",20,4,93.5983089556637,-4.99999999958138,-3.24729112641229
"cv",40,1,187.846453445085,-4.99999999999819,-1.36356458227358
"cv",40,2,188.306104598306,-4.99999999995854,-1.38462947608067
"cv",40,3,191.584035083899,-1.21901839505386,-2.01060636905166
"cv",40,4,188.926188778644,-0.824109037672149,-1.85554637628673
