"","","","","par1","par2"
"cv",20,1,95.6070532736819,1.85796257638922,-4.74422183895426
"cv",20,2,97.803513812355,0.00648242394700179,-2.88357371830076
"cv",20,3,95.5331414907645,1.34049804263589,-3.68396398700094
"cv",20,4,96.5565053546087,-2.88199208776311,-0.534891618863713
"cv",40,1,191.666439697343,-1.23596985534689,1.82846905149619
"cv",40,2,191.61661416236,-1.51739280703304,1.62030728788792
"cv",40,3,191.831621642188,4.99999979212366,4.99999989116793
"cv",40,4,202.04713010601,-1.8451323696293,-1.10146562239181
