"","","","","par1","par2"
"cv",20,1,94.471148736969,-4.99999999999922,-2.13565256061511
"cv",20,2,94.4782274163876,-4.99999999999822,-2.15874341046569
"cv",20,3,94.4116648260275,-4.9999999999977,-2.12565950876173
"cv",20,4,94.4089359249745,-4.99999999999768,-2.12474103824762
"cv",40,1,184.890587475428,-4.80932980950595,-2.25735907068083
"cv",40,2,185.07740975347,-4.95420584768001,-2.27749835238825
"cv",40,3,185.213324354196,-4.92146688790602,-2.30017540514581
"cv",40,4,185.057250307904,-4.96337663655472,-2.27453140834881
