"","","","","par1","par2"
"cv",20,1,94.4813925172237,-4.75858617889745,-1.9888793190106
"cv",20,2,94.8896262817194,-4.99999999999902,-2.08857715701254
"cv",20,3,94.4753770481676,-4.99999999999852,-1.99126046567006
"cv",20,4,94.4599155599083,-4.99999999999792,-1.98660092953689
"cv",40,1,187.576959153434,-2.12568661424516,-1.43344892452452
"cv",40,2,187.952761937849,-2.96351473479087,-1.45136416482455
"cv",40,3,188.184520245637,-2.52951875248117,-1.51913490747194
"cv",40,4,192.994752585032,-4.99999999999777,-1.72618270204932
