"","","","","par1","par2"
"cv",20,1,95.0961998971207,1.22806389117613,-4.78201151417568
"cv",20,2,95.1634957886741,-0.320836889932603,-4.77642183192074
"cv",20,3,98.4883792759466,-0.533648661053181,-4.65973166016878
"cv",20,4,96.4007423115293,0.421838980500462,-4.76646671779671
"cv",40,1,186.523899822687,1.03818356501354,-4.70001356815483
"cv",40,2,194.945283793493,-0.312321827032352,-4.45834525725897
"cv",40,3,188.999316791118,-0.885616216236041,-4.41937671273329
"cv",40,4,189.501605373449,-2.15764594896239,-4.71610979415455
