"","","","","par1","par2"
"cv",20,1,97.0865154333003,-2.07095673924711,-4.47690104222455
"cv",20,2,94.5899813329527,-4.52473873483641,-4.36415845245206
"cv",20,3,99.1878994206139,-0.600837569899614,-4.9287303015475
"cv",20,4,95.503194594678,-0.00179349664275352,-4.83639137494896
"cv",40,1,185.610935277242,-1.55258364256629,-4.52670667151723
"cv",40,2,192.24799401222,-0.435026364360854,-4.62463286866921
"cv",40,3,189.87095696892,-3.93323122513393,-4.47982528281704
"cv",40,4,191.143106371653,-0.547008494761645,-4.61165680909597
