"","","","","par1","par2"
"cv",20,1,93.6796000862,0.0445544679101813,-4.83514193496754
"cv",20,2,99.4019161209934,-1.91229162373697,-4.98863896137304
"cv",20,3,93.7748772015511,-3.52391623698489,-4.65855541139767
"cv",20,4,94.4731285953313,0.170030215749395,-4.71029013796865
"cv",40,1,189.170351771629,-0.420186075744033,-4.59396449526619
"cv",40,2,185.485376134262,0.0408088365918072,-4.79288895870116
"cv",40,3,191.667006649366,-3.46878892092222,-4.71955184279438
"cv",40,4,188.146079568931,-0.742655684784329,-4.81948644758005
