"","","","","par1","par2"
"cv",20,1,97.9251540995759,3.63639537669777,-4.65375073799708
"cv",20,2,97.2211936053397,1.54886534019438,-3.81406963062271
"cv",20,3,97.5868104055323,2.71263275045493,-4.28076095869027
"cv",20,4,95.1099044819885,3.27585558116624,-4.46002634998809
"cv",40,1,190.645848953952,4.56809124196036,-4.28888386727912
"cv",40,2,194.006055625115,4.16837642837721,-4.69968707373166
"cv",40,3,191.957998209919,3.04855650838414,-3.67292577152725
"cv",40,4,194.371571589139,2.47939125833003,-4.20008259617328
