"","","","","par1","par2"
"cv",20,1,96.7668370495273,3.43369832029566,-4.68507154801215
"cv",20,2,92.5279979568621,-2.78762614168227,-4.65406196566391
"cv",20,3,102.419284716078,-3.55924150859618,-4.80200985765299
"cv",20,4,95.4582183924813,1.96557164207141,-4.16884849322359
"cv",40,1,191.513008417308,-2.0597948625234,-4.35425930088943
"cv",40,2,188.455811426143,-2.9250051517,-4.17462112266692
"cv",40,3,188.439640014806,0.257593950784018,-4.66894051638068
"cv",40,4,195.420600073236,-4.00275952832914,-4.42044560021109
