"","","","","par1","par2"
"cv",20,1,94.629245229354,-4.8394279122987,-2.77290933273499
"cv",20,2,94.3939975381045,-4.9999999999265,-2.66599882122136
"cv",20,3,93.9136257718766,-4.99999999993033,-2.14486095886157
"cv",20,4,94.798901286366,-4.99999999996804,-2.93835141268567
"cv",40,1,185.190394845899,-3.96923662148523,-2.28539697698111
"cv",40,2,185.164341735498,-4.09918405579394,-2.28120667586888
"cv",40,3,185.098946008386,-3.76684746799224,-2.27092926317976
"cv",40,4,184.870712104957,-4.04962337223692,-2.24741694478945
