"","","","","par1","par2"
"cv",20,1,97.2938467313577,0.933663298718602,-4.43506588842097
"cv",20,2,98.2293990172655,-4.72279882973985,-4.4707445724681
"cv",20,3,95.4999380969898,0.150682357025902,-4.92220317449388
"cv",20,4,96.0892710887831,-1.51161257863799,-4.36488601838239
"cv",40,1,187.419843292534,-1.39393439086242,-4.85035113033044
"cv",40,2,188.09699099722,-0.656284231079399,-4.43863058057845
"cv",40,3,192.759273557906,-0.237730829504119,-4.75456547230272
"cv",40,4,196.43767295673,-1.55847527771533,-4.87832624486492
