"","","","","par1","par2"
"cv",20,1,50.5397813322618,0.127793395963525,-4.99999999999999
"cv",20,2,43.1652681423915,0.333163124196989,-4.9999999999999
"cv",20,3,78.2505386475199,0.357443112796468,-4.99999999999983
"cv",20,4,1.3217924414777,0.298587405156429,-4.9999999999999
"cv",40,1,83.7111418257148,0.732608983736977,-4.99999999999976
"cv",40,2,83.3822850713274,0.604723035087103,-4.99999999999756
"cv",40,3,38.1474721435404,0.680289807919019,-5
"cv",40,4,62.0442314632818,0.665212357660637,-4.99999999999991
