"","","","","par1","par2"
"cv",20,1,96.7145927729885,3.97922668954042,-4.74970415797309
"cv",20,2,95.7229312806317,4.78325258070674,-4.61406999052972
"cv",20,3,97.6003246179734,4.94139831603889,-4.38850919387113
"cv",20,4,95.8698246417135,4.52936757851785,-4.88177407355049
"cv",40,1,193.516465479282,4.56222361730282,-4.16481306180017
"cv",40,2,192.8308729224,4.67667785602456,-3.82241763390075
"cv",40,3,193.559010425812,4.44245293917709,-3.74911591177806
"cv",40,4,191.999312607801,4.61390219881391,-3.6920548490132
