"","","","","par1","par2"
"cv",20,1,94.3450944005407,-4.92521752892675,-2.16293295595876
"cv",20,2,94.386853900905,-4.99999999999212,-2.18759724990436
"cv",20,3,94.3435724724811,-4.99999999999967,-2.16715990653633
"cv",20,4,94.4969688304242,-4.99999999999478,-2.25930416352395
"cv",40,1,185.098095219093,-4.42845236180636,-2.24152406320089
"cv",40,2,185.082292410743,-4.21686257996348,-2.23800452951819
"cv",40,3,185.229229242083,-4.26427709437561,-2.25854543859796
"cv",40,4,185.17313564521,-4.34766632803561,-2.25040845441788
