"","","","","par1","par2"
"cv",20,1,94.7281950217897,-4.99999999999963,-1.28165464577564
"cv",20,2,98.1300401170541,-4.99999999998214,-2.15052760078747
"cv",20,3,94.6230020161199,-4.58148106340031,-1.27394559088291
"cv",20,4,94.6862464806892,-4.99999999999767,-1.27534057586488
"cv",40,1,186.425287968573,-4.99999999999932,-1.25373095824739
"cv",40,2,201.18588922245,-2.27636605791134,-2.23632502583701
"cv",40,3,187.86316455177,-4.9999999999976,-1.40168100570426
"cv",40,4,186.61930363524,-4.99999999994064,-1.26800505217936
