"","","","","par1","par2"
"cv",20,1,94.9527600362424,-4.99999999999858,-0.706743749046133
"cv",20,2,94.9841114437303,-4.99999999999289,-0.71577155822981
"cv",20,3,94.9507749914228,-4.99999999999856,-0.70625404153363
"cv",20,4,102.4110971967,-4.99999999998968,-2.21962331442586
"cv",40,1,185.121442150346,-4.58763239838744,-2.24530436813334
"cv",40,2,185.187023312632,-4.79246213040267,-2.25326563458649
"cv",40,3,185.184702795678,-4.42632997383226,-2.2528385292859
"cv",40,4,185.099025407711,-4.78389366324038,-2.2416667653667
