"","","","","par1","par2"
"cv",20,1,95.8258183454993,4.88545738998601,-4.3377935393303
"cv",20,2,97.5617843692188,4.42162628457324,-4.44251569862768
"cv",20,3,103.103109061563,2.52576381434578,-4.89091524317425
"cv",20,4,97.0381759147187,3.38649957441318,-4.20209651795682
"cv",40,1,194.36383753731,4.91896091253968,-4.26779940979766
"cv",40,2,195.832013031216,4.63458339481962,-4.46180126551176
"cv",40,3,191.313754385188,4.64348838061226,-4.28103733956871
"cv",40,4,192.407051079299,4.8512500816294,-4.11898220112358
