"","","","","par1","par2"
"cv",20,1,57.0044854452999,0.85838541133211,-4.99999999999988
"cv",20,2,82.5530389784968,0.848340718290826,-4.99999999999992
"cv",20,3,54.1228392857307,0.775785277806949,-4.99999999999933
"cv",20,4,62.8131081581463,0.908372560436545,-4.99999999999916
"cv",40,1,169.14611784799,0.834829820865839,-4.99999999999631
"cv",40,2,150.315782290539,1.00576213026705,-4.99999999999999
"cv",40,3,73.5261901138257,1.00078871513305,-4.99999999999981
"cv",40,4,46.0456694450119,0.861958362143639,-4.86748190463018
