"","","","","par1","par2"
"cv",20,1,96.0439009377332,4.95519778613357,-4.48064369635916
"cv",20,2,96.9303746291671,4.15373705155162,-4.69666322858757
"cv",20,3,97.4459592809534,4.23965258103938,-4.5058422582224
"cv",20,4,94.8364806861832,4.7050584689714,-4.58013383733758
"cv",40,1,192.722471474429,4.66449222135073,-3.91502218726496
"cv",40,2,191.013771584527,4.76764855627369,-4.27492535384183
"cv",40,3,194.15253816816,4.95944724983133,-4.37513363054238
"cv",40,4,193.164449738911,4.01367576636126,-4.16877839608291
