"","","","","par1","par2"
"cv",20,1,94.7653486471307,-4.99999999999857,-2.14451585102824
"cv",20,2,94.4320142736458,-4.99999999999951,-2.03056235695785
"cv",20,3,94.4124956112315,-4.99999999999932,-2.02592328413409
"cv",20,4,94.4616796925365,-4.99999999999791,-2.03780441484675
"cv",40,1,184.92229600087,-4.9999999999985,-2.39449973456237
"cv",40,2,185.224911525053,-4.99999999999817,-2.48136875702368
"cv",40,3,185.351932042295,-4.99999999999762,-2.49423314042347
"cv",40,4,184.541017665095,-4.99999999999889,-2.29312647789149
