"","","","","par1","par2"
"cv",20,1,71.2238751936302,1.02961310187596,-4.99999999999989
"cv",20,2,39.142555507071,1.02855377951403,-4.99999999999949
"cv",20,3,95.5770797620584,0.945731651674502,-4.99999999999874
"cv",20,4,93.6283347033749,0.879539256337329,-4.99999999999936
"cv",40,1,87.1523963814557,1.12021808673079,-4.99999999999996
"cv",40,2,107.416184184641,1.15774868720869,-4.99999999999998
"cv",40,3,87.0168301736307,1.11270667485919,-4.99999999999989
"cv",40,4,209.059294436985,0.842000520858695,-4.9999999999995
