"","","","","par1","par2"
"cv",20,1,95.7412787498975,-4.58414371654391,-4.57378322168404
"cv",20,2,94.448333454491,-1.24128624591224,-4.97649110446567
"cv",20,3,94.4361026239486,-4.66580437620921,-4.85842999070883
"cv",20,4,97.811110504617,-3.76937794043124,-4.76687601224208
"cv",40,1,190.74915992086,-3.86817355781595,-4.91421783265593
"cv",40,2,187.844793990939,-0.0674014244601128,-4.75697353014154
"cv",40,3,188.337629228723,-2.18969135850022,-4.6853290815926
"cv",40,4,190.442406291778,-2.56404034819559,-4.55731656802689
