"","","","","par1","par2"
"cv",20,1,94.4799305342183,-4.99999980841888,-3.3110983233312
"cv",20,2,94.8815356541537,-4.99999999971662,-3.42569603768025
"cv",20,3,93.5793905895964,-4.99999999999701,-2.33737753738089
"cv",20,4,94.6040057497684,-4.99999999952339,-3.32787051937535
"cv",40,1,189.235102308729,-4.65444307923361,-2.27626830537204
"cv",40,2,185.27446315886,-4.9999999999955,-1.91991573204278
"cv",40,3,185.260573950871,-4.99999999999986,-1.91957749580389
"cv",40,4,185.23484696423,-4.66004747118782,-1.91765216411292
