"","","","","par1","par2"
"cv",20,1,94.6541547224694,-1.48407763144506,-2.04879571505642
"cv",20,2,94.6473665326267,-1.49174737995674,-2.05183545555522
"cv",20,3,94.897263418119,-1.30540561980449,-2.16196490940075
"cv",20,4,97.8301260359828,-4.58277940867934,-2.10204609668162
"cv",40,1,197.462964072242,-2.2646051765794,-2.23477747055513
"cv",40,2,186.775345043457,-2.41868987871217,-1.43502421730252
"cv",40,3,186.159327614615,-2.72742774295109,-1.38725485807742
"cv",40,4,192.942624865888,-4.99999999999981,-1.52774576048994
