"","","","","par1","par2"
"cv",20,1,28.6182923058017,0.682036748524487,-4.99999999999975
"cv",20,2,73.8694489088812,0.538514580548359,-4.99999999999998
"cv",20,3,58.6967582495633,0.572037299467364,-4.99999999999978
"cv",20,4,2.10584255920651,0.648625795790391,-4.99999999999998
"cv",40,1,35.3901375957203,0.665205528881888,-4.99999999999959
"cv",40,2,62.459395402386,0.74848917609055,-4.99999999999998
"cv",40,3,66.172189220782,0.641764529622982,-4.99999999999977
"cv",40,4,45.8953305963053,0.748237092869485,-4.99999999999991
