"","","","","par1","par2"
"cv",20,1,96.2568982075296,-0.930377488778747,-4.58514307434316
"cv",20,2,95.7055891837548,-3.72331716094337,-4.56163446811406
"cv",20,3,95.3938533553412,-0.159873759305069,-4.9004654258855
"cv",20,4,99.0331611747332,-4.3733970340783,-4.78822283827773
"cv",40,1,189.979649724144,0.132985742593036,-4.63654598506075
"cv",40,2,186.995417549996,-3.75772878785053,-4.28096712202447
"cv",40,3,188.457245003391,0.151276217668194,-4.64153723558517
"cv",40,4,189.185510581117,0.120127301910555,-4.56086667976979
