"","","","","par1","par2"
"cv",20,1,82.7127115980653,0.706656235903807,-4.99999999999992
"cv",20,2,94.3941557239199,0.827399475442308,-5
"cv",20,3,66.5814374969464,1.01060834787586,-4.99999999999952
"cv",20,4,80.3512033263852,0.719533571673162,-4.9999999999995
"cv",40,1,157.037675969531,1.33836958980041,-4.99999999999987
"cv",40,2,187.339371124798,1.07695821798753,-4.99999999999984
"cv",40,3,195.245434810764,1.09930557174258,-4.99999999999977
"cv",40,4,141.637165630441,1.36272367746774,-4.99999999999992
