"","","","","par1","par2"
"cv",20,1,96.2337325429097,4.72181959301856,-4.25776677926188
"cv",20,2,96.3596824107112,4.48686763385201,-4.33195937463444
"cv",20,3,97.8965002536248,4.37221680828614,-4.52679775915304
"cv",20,4,96.7894051314791,4.38064060366816,-4.58809248530956
"cv",40,1,195.183580775539,4.21791490997251,-4.56717709270034
"cv",40,2,194.345834272367,4.64094982358635,-4.43912742771882
"cv",40,3,192.785059294099,4.57154581129714,-3.52022950909562
"cv",40,4,191.15419670034,4.62094424797719,-3.9934690150438
