"","","","","par1","par2"
"cv",20,1,98.041845930797,-4.56069930589067,-4.54783825470145
"cv",20,2,97.521304402754,-2.52316920246933,-4.82690498145922
"cv",20,3,95.3024379391393,-2.65933344781102,-4.52256934500836
"cv",20,4,97.710712897624,-2.84031076651856,-4.62426131972789
"cv",40,1,188.54859227256,-4.46148954390965,-4.60075641422734
"cv",40,2,189.696784491235,0.449981239850246,-4.67861319752154
"cv",40,3,190.151876370947,-1.7379842068758,-4.74249071134188
"cv",40,4,190.420114736851,-1.3279316330532,-4.65685538069469
