"","","","","par1","par2"
"cv",20,1,94.7744955375297,-4.15997381397194,-4.66187233880166
"cv",20,2,96.7311237306155,-4.49972875396928,-4.76878140064005
"cv",20,3,96.2102577321181,0.287138159553128,-4.9117734484763
"cv",20,4,96.2213414023704,1.25064701864578,-4.92045348123317
"cv",40,1,190.284593332053,-2.86949130482271,-4.7950842106352
"cv",40,2,188.426567487764,-0.273495731477215,-4.54422575421631
"cv",40,3,187.995765201332,-2.85955796634788,-4.5517860593299
"cv",40,4,188.168474310155,-1.31726735354545,-4.88052446655375
