"","","","","par1","par2"
"cv",20,1,97.0852952085125,-3.86180912565054,-4.4489073506264
"cv",20,2,97.744869326993,-3.59371622199938,-4.66544696977735
"cv",20,3,99.0537548781426,-2.26684992752133,-4.96714796276281
"cv",20,4,95.5516385305351,-3.39426726289093,-4.95140110000968
"cv",40,1,189.494494882173,-0.199015898907669,-4.67747171574831
"cv",40,2,191.904327419675,-1.36971585535968,-4.8652034924712
"cv",40,3,190.381403816988,-1.82816592348943,-4.85813060913443
"cv",40,4,191.128106134582,-2.83273088754242,-4.69263496734074
