"","","","","par1","par2"
"cv",20,1,97.9675570255818,-4.00765495223543,-4.55223040136527
"cv",20,2,95.8827663679705,-2.50080124707893,-4.58794336998835
"cv",20,3,98.3316294419172,3.45076841983744,-4.58668557106107
"cv",20,4,95.3759748361533,-0.466817817607984,-4.12535932345847
"cv",40,1,190.308747823918,-1.57011268991892,-4.70197386633678
"cv",40,2,190.728318851584,-0.558951922499359,-4.73410210260282
"cv",40,3,189.527345311826,-0.360722948516568,-4.80690576370224
"cv",40,4,194.35357275571,-0.943321979049084,-4.91312896538654
