"","","","","par1","par2"
"cv",20,1,97.6822910983848,-0.468637033655171,-4.86778500488991
"cv",20,2,96.899054674137,-3.58950611396876,-4.59469314775773
"cv",20,3,97.5684016928083,-3.69277050634278,-4.64795543824201
"cv",20,4,94.9665409537651,-0.0271169212646782,-4.98717549174056
"cv",40,1,191.207802459324,-2.01764921262662,-4.91830288685742
"cv",40,2,186.195569844209,-0.772192747734058,-4.76417538523561
"cv",40,3,189.631586817467,-2.15592005091618,-4.9288021961092
"cv",40,4,187.341590440872,-2.02095365990521,-4.73230897544219
