"","","","","par1","par2"
"cv",20,1,101.766144544056,-4.99999999999944,-2.12766599481233
"cv",20,2,95.0204872820927,-4.99999999999988,-0.686295212232084
"cv",20,3,95.0079033299,-4.99999999999903,-0.674536037070663
"cv",20,4,95.0387949959458,-4.99999999999921,-0.68479962993694
"cv",40,1,189.205796090784,-4.61062038510643,-2.26487129246842
"cv",40,2,185.284016978339,-4.99999999992735,-1.9283513842055
"cv",40,3,185.149141584559,-4.99999999998206,-1.92683072427086
"cv",40,4,185.338850522839,-4.54121891261394,-1.92778209402929
