"","","","","par1","par2"
"cv",20,1,94.4230625585133,-4.99999999999842,-2.16664914578296
"cv",20,2,94.4480127972396,-4.99999999999842,-2.17698357204651
"cv",20,3,94.4235520261762,-4.99999999999957,-2.15409169824349
"cv",20,4,94.4068556105704,-4.99999999999996,-2.14707740418304
"cv",40,1,185.260243142369,-4.94257662656348,-1.88456446464339
"cv",40,2,185.770097932026,-4.99999999999828,-1.9162090636563
"cv",40,3,189.140253682381,-4.99999999999844,-2.20719840345358
"cv",40,4,185.357476673423,-4.9999999999916,-1.8878244047937
