"","","","","par1","par2"
"cv",20,1,97.7211638410808,-1.45928610275934,-4.5620818557101
"cv",20,2,95.3868426616624,-0.943710418059073,-4.81782267337503
"cv",20,3,96.3920963509363,-2.10577509994888,-4.77765713531312
"cv",20,4,93.2666982497459,-2.21832677651879,-4.8134612406473
"cv",40,1,191.339674262362,-2.69367297507265,-4.79702233325069
"cv",40,2,193.66316979131,0.316024220229653,-4.93776132494733
"cv",40,3,189.730603322496,-3.71016489443946,-4.67381545667789
"cv",40,4,185.482249746734,-0.323182021708128,-4.55289756180719
