"","","","","par1","par2"
"cv",20,1,108.249472370205,-4.77497735818232,-3.38668247898524
"cv",20,2,94.8741240638804,-4.99999999998357,-0.65221543037301
"cv",20,3,95.3015033746181,1.30275434571599,-4.61176701567677
"cv",20,4,95.1379781142885,0.442115452433349,-3.04832376661611
"cv",40,1,185.532958946582,-3.59353414522332,-1.72376825270098
"cv",40,2,188.126944201447,-4.99999999999981,-1.93339595931913
"cv",40,3,188.47509993334,-4.99999999999963,-1.94113781993596
"cv",40,4,185.527331883311,-4.99999999999954,-1.72390433011246
