"","","","","par1","par2"
"cv",20,1,98.079585016793,-4.96760919833741,-4.85285755119013
"cv",20,2,94.7218212820125,-0.0970983765005095,-4.70549925682632
"cv",20,3,98.290497024861,-3.66480604973749,-4.87466766946362
"cv",20,4,96.8165861404922,-0.263393029219679,-4.97054302015648
"cv",40,1,190.360686300869,-4.97830849938848,-4.79812392466739
"cv",40,2,189.557895454121,-0.809409310290429,-4.74411658520951
"cv",40,3,187.035675408156,-2.23208980761724,-4.938382880408
"cv",40,4,191.506382635506,-4.2644350310117,-4.57590119486164
