"","","","","par1","par2"
"cv",20,1,93.6206869072945,4.94973756626517,-4.85035782970399
"cv",20,2,96.3827663143229,4.34754874383515,-4.53374183433048
"cv",20,3,96.1472381054963,4.15893114617833,-4.38961987980882
"cv",20,4,97.3148814097866,4.68651932538131,-4.53786850823406
"cv",40,1,194.592223600372,4.62042106480844,-4.51345389145375
"cv",40,2,192.666529094397,4.70429476053778,-4.23959058582351
"cv",40,3,191.429809230173,4.71453835321085,-3.74945652816339
"cv",40,4,195.28114269071,4.47839804201694,-4.72778249800423
