"","","","","par1","par2"
"cv",20,1,97.1076347108535,-3.01852113425732,-4.90191191984778
"cv",20,2,96.7951339302446,-0.652561379127945,-4.70837383824354
"cv",20,3,97.5903877948139,-0.720609521027654,-4.37638364167299
"cv",20,4,97.4168557613616,-3.33952591689677,-4.51695687683134
"cv",40,1,189.104458601148,0.402804361422337,-4.70484108973538
"cv",40,2,188.551612283095,-1.73654395683257,-4.49767892156495
"cv",40,3,193.11299636279,-3.50945847730348,-4.62113610555022
"cv",40,4,195.0602236277,-2.96159820524115,-4.5415011261953
