"","","","","par1","par2"
"cv",20,1,94.6602284301234,0.0882657219147966,-4.28103584937616
"cv",20,2,93.7690850006344,-1.27599199453451,-4.69454567578119
"cv",20,3,97.2100674947519,-0.62343581132248,-4.66576545084472
"cv",20,4,98.754412830893,-1.78029052006491,-4.80751442912404
"cv",40,1,193.076589144394,-2.64728190812001,-4.85555790642466
"cv",40,2,188.339289181751,-3.54870596677193,-4.91365308111612
"cv",40,3,191.159697046061,0.44351593983909,-4.52511039565085
"cv",40,4,191.630032678161,0.414040939406306,-4.5053017049025
