"","","","","par1","par2"
"cv",20,1,94.6809735103558,0.713755983317348,-4.83444247999676
"cv",20,2,95.7633173571947,-0.805621705771289,-4.78844527510715
"cv",20,3,96.8347059376269,-1.61155463630244,-4.80871706135226
"cv",20,4,97.2764269743795,-2.42452525188865,-4.86747197556705
"cv",40,1,185.499765570042,-1.62196273056906,-4.26292826364039
"cv",40,2,189.39850119235,-0.0228944941793909,-4.32111887448713
"cv",40,3,198.405800400504,-0.192383490470928,-4.7851798076776
"cv",40,4,195.130792126635,-1.05863883893999,-4.59204446973988
