"","","","","par1","par2"
"cv",20,1,95.4988205967778,-4.99999999999926,0.284399886017427
"cv",20,2,95.4982442206942,-4.99999999999769,0.29571669372583
"cv",20,3,95.6431011126031,-0.529349442913855,-0.470600131655095
"cv",20,4,105.95381193101,-4.9999999999878,-2.10343360514501
"cv",40,1,186.617760020446,-4.99999999998125,-1.22693598717855
"cv",40,2,193.209594280936,-4.97384991348239,-1.72331187261582
"cv",40,3,189.948183854272,-4.99999999997262,-1.52052895206181
"cv",40,4,186.488614726329,-4.99999999973233,-1.2263345589687
