"","","","","par1","par2"
"cv",20,1,93.432989460615,-2.2673828364888,-4.74000263014266
"cv",20,2,96.0005494846992,-2.8199809189236,-4.93061709277481
"cv",20,3,96.7360543944048,-3.34742545653348,-4.36196472705217
"cv",20,4,98.2694024933532,-0.149457973893732,-4.9906712817186
"cv",40,1,190.344722623332,-0.280569681060035,-4.78004802300835
"cv",40,2,190.221537158504,-0.848195926210463,-4.54358322050512
"cv",40,3,186.675300950513,-2.96100068464295,-4.5892271660907
"cv",40,4,190.677320791934,-2.76026630638026,-4.76510038117727
