"","","","","par1","par2"
"cv",20,1,94.4930571096722,-4.99999999999023,-2.15659609335447
"cv",20,2,94.4302290266355,-4.99999999995504,-2.12067970440094
"cv",20,3,94.4353485879777,-4.99999999999564,-2.12839511006074
"cv",20,4,94.409688414783,-4.99999999999827,-2.10341462692274
"cv",40,1,185.269708201464,-4.29601581975251,-2.26515254385856
"cv",40,2,185.026656502769,-4.99999999999848,-2.24226347849114
"cv",40,3,185.050883821747,-4.99999999999914,-2.24111115549169
"cv",40,4,185.209988890171,-4.99999999999202,-2.26398373782663
