"","","","","par1","par2"
"cv",20,1,94.6371153004081,-4.99999999999767,-1.29320931071709
"cv",20,2,94.6591213484163,-4.99999999999137,-1.29496166763101
"cv",20,3,98.1376077237729,-4.94104475055658,-2.17149653423313
"cv",20,4,94.6343387409347,-4.99999999993015,-1.29466310022576
"cv",40,1,184.861111690084,-4.99999999991568,-2.31665452275479
"cv",40,2,184.861079274029,-4.99999999998587,-2.33664756233607
"cv",40,3,185.03967670683,-4.99999999998549,-2.36817280698834
"cv",40,4,185.020320101161,-4.99999999999215,-2.36410390648752
