"","","","","par1","par2"
"cv",20,1,97.3416408789218,3.98360310618308,-4.52167243581964
"cv",20,2,98.3250550484096,4.47243713979051,-4.45973158658837
"cv",20,3,94.9795314750379,3.87730415044616,-4.37528306002145
"cv",20,4,102.623917004206,0.0504012834884037,-4.44960686081055
"cv",40,1,191.246144415571,4.64373920253058,-4.30611693933679
"cv",40,2,192.327034612106,4.92307406850159,-3.91084533673018
"cv",40,3,195.065936580948,4.92010088415596,-3.96392668195201
"cv",40,4,217.488426523488,-3.71385773076268,-4.37610009553885
