"","","","","par1","par2"
"cv",20,1,93.7368398248548,0.938711820938401,-4.99999999999997
"cv",20,2,90.3634526233155,0.918642285770894,-4.99999999999967
"cv",20,3,82.6392529498522,0.858795537158384,-4.99999999999835
"cv",20,4,57.7540420100583,0.978351520597118,-4.99999999998985
"cv",40,1,186.591825378455,0.952011172577805,-4.99999999999974
"cv",40,2,144.325677652237,1.02887444188382,-4.99999999999977
"cv",40,3,109.706098826619,1.08609929106421,-4.99999999999979
"cv",40,4,135.743911246557,1.04425038977052,-4.99999999999999
