"","","","","par1","par2"
"cv",20,1,94.7691392980426,-0.45078075257536,-4.09449663040971
"cv",20,2,94.8309137264942,-1.04768057923964,-4.71496422125054
"cv",20,3,97.3003919280756,0.674997647292912,-4.81839302892864
"cv",20,4,94.8862495063236,-0.605004789408819,-4.82632528548901
"cv",40,1,189.793813880151,-4.33978098289862,-4.34325461319226
"cv",40,2,191.956504580693,-0.522437729600449,-4.51641479408232
"cv",40,3,190.61302807699,-3.61216287523887,-4.52904905917134
"cv",40,4,187.92192239592,-1.05674030633988,-4.44618050275358
