"","","","","par1","par2"
"cv",20,1,95.0775854722636,-4.99999999999828,-0.640031257134347
"cv",20,2,96.3277591639135,-4.99999999999779,-1.27930271354159
"cv",20,3,96.3284897199904,-4.99999999999884,-1.26568711542634
"cv",20,4,95.0580341769139,-4.99999999999948,-0.629914024403127
"cv",40,1,192.003219523964,-4.99999999999818,-0.931152948222634
"cv",40,2,189.868182272522,-4.99999999999755,-0.617402679176398
"cv",40,3,190.28683141349,-2.25226206927781,-0.775905893498731
"cv",40,4,190.983280324784,-4.99999999999883,-0.830339415822048
