"","","","","par1","par2"
"cv",20,1,74.7299022622406,0.647623991070047,-4.99999999999997
"cv",20,2,86.3046038035339,0.606881526878787,-4.99999999999999
"cv",20,3,79.0161884701096,0.734748672484648,-4.99999999999861
"cv",20,4,51.0814071290944,0.797040000742245,-4.99999999999888
"cv",40,1,44.839693491398,1.02574030105774,-4.99999999999988
"cv",40,2,86.4039961665325,0.958177901542359,-4.99999999999999
"cv",40,3,122.0177538365,0.955460517332737,-5
"cv",40,4,129.10806678116,0.923958905280633,-4.99999999999999
