"","","","","par1","par2"
"cv",20,1,96.4751493545889,-4.82257313494283,-4.67386869767599
"cv",20,2,97.2841608221069,-1.05994936075706,-4.69263891553719
"cv",20,3,95.4275618483416,-1.77418620398295,-4.40838821112816
"cv",20,4,98.3193104985057,0.843590420009869,-4.73711606116731
"cv",40,1,188.425648163144,-0.201464130795565,-4.51793943570872
"cv",40,2,183.853925099595,-3.80482166831464,-4.57115561063005
"cv",40,3,188.159556204974,0.416208717643132,-4.79959042031712
"cv",40,4,188.396128715657,-2.01234223786741,-4.94273879668966
