"","","","","par1","par2"
"cv",20,1,94.6236709063078,-4.99999999880612,-2.68632972651544
"cv",20,2,94.4802355336408,-4.99999999998929,-2.59660887084643
"cv",20,3,93.6419113064979,-4.9999999999983,-2.10015359609611
"cv",20,4,94.7017117638482,-4.99999999999889,-2.74129324332271
"cv",40,1,187.159576732899,-1.9507677511423,-1.39044585143841
"cv",40,2,189.99392266756,-2.48185079758336,-1.51560357517078
"cv",40,3,188.057336549952,-2.18841310490972,-1.42783023269703
"cv",40,4,191.987213592592,-4.99999999999793,-1.54398771203238
