"","","","","par1","par2"
"cv",20,1,96.3393566547432,2.03840517301977,-4.59875721880036
"cv",20,2,96.4187299347848,3.82275312676523,-4.35933653005006
"cv",20,3,101.62932052547,-0.568506655438634,-4.66837432177075
"cv",20,4,98.9316141723013,-0.283611745835453,-4.55280656610432
"cv",40,1,190.014374247376,-4.0157703131294,-4.10470627169073
"cv",40,2,190.985924730424,-1.9535655632774,-4.50022457993308
"cv",40,3,194.254078097501,0.131147329450443,-4.60534767369886
"cv",40,4,192.248013547132,0.824653626707852,-4.71905039861894
