"","","","","par1","par2"
"cv",20,1,94.424175226008,2.7811611894441,-4.45945163583782
"cv",20,2,94.8667705713852,-1.77219241913043,-4.68883830081504
"cv",20,3,97.4688220143375,-3.0149908551312,-4.45398033154561
"cv",20,4,95.0069761886142,-2.07681245107574,-4.59431788527805
"cv",40,1,192.491363907271,-0.754791151429058,-4.2408200127839
"cv",40,2,191.236899056934,-1.00723364716202,-4.26405199569005
"cv",40,3,191.177684913547,-0.483739168554999,-4.20848928015862
"cv",40,4,189.705997456839,-2.58366880467488,-4.1751139415277
