"","","","","par1","par2","par3"
"cv",20,1,107.85877002553,1.08163808606357,3.61032232642886,-3.18319674348459
"cv",20,2,94.7614725542228,-4.55766410101205,3.99663693563743,4.5748494355456
"cv",20,3,94.7614500989086,-4.59005492937002,3.88624840165169,4.57549176784671
"cv",20,4,94.7732780150231,1.58489588506513,3.77917703355593,2.1743692101447
"cv",40,1,191.257740005882,-3.11860391553738,4.86746141584833,-1.39678832575249
"cv",40,2,184.478521920782,-1.10593076535796,4.39873334607124,3.11278325597312
"cv",40,3,184.476549238524,-4.58058086456731,3.83777797484904,3.41760331531987
"cv",40,4,184.475665120719,-3.76621201845898,3.89738871186988,3.4102276146791
