"","","","","par1","par2","par3"
"cv",20,1,94.0936834405581,-4.99986900502765,-1.94095607975282,-4.11444269982925
"cv",20,2,95.879912777213,-4.99992217646414,-1.95289844485924,-4.15330691083224
"cv",20,3,83.7952477215749,-4.99972225285969,-1.94245572044063,-3.97374925101733
"cv",20,4,93.0133073512659,-4.99009189448147,-1.86494794060859,-4.57439613583178
"cv",40,1,193.027733223293,-4.99999861209923,-1.91056482649067,-2.58400681966016
"cv",40,2,188.982666376681,1.73359773674029,-1.34087618142681,-4.11858619145602
"cv",40,3,187.923127320094,-4.99998226566256,-1.47656727210078,-1.66669656016168
"cv",40,4,186.550183383898,-4.99999999852535,-1.81487846065453,-2.38499815890981
