"","","","","par1","par2","par3"
"cv",20,1,94.0730124257147,1.98909980444818,3.01238881777868,-3.43073142576925
"cv",20,2,94.0730124257147,-3.12113652922783,3.99734430762212,-3.26874126189586
"cv",20,3,94.0730124257147,-0.983438798267414,3.70749116886405,-4.38178394220948
"cv",20,4,94.0730124257147,-2.2146169845224,4.25383169310618,-3.24122518161965
"cv",40,1,184.139263695584,-0.950089057904271,4.48746761938121,-0.0696884146923113
"cv",40,2,184.139263695584,0.0394299851124611,3.94890108940395,-0.323095717168084
"cv",40,3,184.139263695584,-2.28002270368705,3.21012210662986,-2.76288848517822
"cv",40,4,184.139263695584,-3.41528132876782,3.01176614863358,-0.2626281155794
