"","","","","par1","par2","par3"
"cv",20,1,94.0730124257147,0.0133503565371471,3.81270133642373,-1.99291636606108
"cv",20,2,94.0730124257147,-3.66153531584007,4.66754945375555,-1.50702567680532
"cv",20,3,94.0730124257147,-2.14080258080566,3.62992470429178,-0.0593856401730009
"cv",20,4,94.0730124257147,-1.38910445698105,4.71840400554125,-1.33492363209924
"cv",40,1,184.139263695584,-1.67806427597061,2.01377063991399,-3.14232294159537
"cv",40,2,184.139263695584,-2.3915116896228,4.29501183186412,-4.67267963948473
"cv",40,3,184.139263695584,-0.684211269211294,1.86060242667418,-3.33431313522746
"cv",40,4,184.139263695584,0.487250344338389,2.26391565931203,-1.41851479318936
