"","","","","par1","par2","par3"
"cv",20,1,94.0730124257147,-3.54533118287616,4.45328982725897,-2.58456873940304
"cv",20,2,94.0730124257147,-4.17376468656585,4.86831352034284,-1.29408174646488
"cv",20,3,94.0730124257147,-2.3176413896537,2.70215738461701,-1.7564785230755
"cv",20,4,94.0730124257147,-1.82836120239776,4.27272156224156,-3.71506386120703
"cv",40,1,184.139263695584,-0.195775473129975,4.00671967607985,-2.02692020709937
"cv",40,2,184.139263695584,0.957411667824465,3.28882812390606,-3.48479142330854
"cv",40,3,184.139263695584,-2.92072829811954,1.80022988556082,-2.82359399128603
"cv",40,4,184.139263695584,-4.16095565750406,0.548069675880742,-3.33809529874068
