"","","","","par1","par2","par3"
"cv",20,1,94.4178028414551,-0.281445451094803,4.76152318827221,2.24561693290772
"cv",20,2,94.4350131599511,3.25672253919765,3.76889826630957,-1.547926827427
"cv",20,3,100.970817373844,-2.88502307944202,-0.218478795140982,-4.44299370981753
"cv",20,4,94.4337544521326,4.29898032058049,3.78827974660758,-3.60979371831199
"cv",40,1,186.745540488212,3.5362797242324,0.876417093435407,-4.6402377082124
"cv",40,2,189.384823497671,2.77223953408508,0.494916613363382,-3.8234489894206
"cv",40,3,191.538434243798,1.98764445492998,0.301456485586315,-2.67093922854308
"cv",40,4,189.108051692368,3.34379610802489,0.492569018008521,-4.89371198084578
