"","","","","par1","par2","par3"
"cv",20,1,95.7107422979626,1.16309141868476,-2.77009897839671,-2.53801533345046
"cv",20,2,98.0580912012216,1.03417571171009,-2.85559801002929,-2.75792521526918
"cv",20,3,95.884842574382,1.0356310954645,-2.82017130144862,-2.42540786296473
"cv",20,4,135.31395255377,1.64885423350469,3.86034333890192,-3.71370672995897
"cv",40,1,189.0102276888,1.99516278446015,-0.750684110664058,-4.16160771245273
"cv",40,2,187.63480243401,2.78293819158468,3.67787646471597,-1.10131670831123
"cv",40,3,185.257322217622,3.00348446597195,0.167520602212285,-4.88966923991426
"cv",40,4,187.549050477165,4.22660571935499,2.95679854890639,-4.70865861492679
