"","","","","par1","par2","par3"
"cv",20,1,94.2751691651267,0.228709228819442,-1.14103582443454,-2.64916862469135
"cv",20,2,94.2937505407575,0.550250355781802,-1.06775481815117,-2.85786908978198
"cv",20,3,94.7180493081913,0.26779037375339,-1.20410676842463,-2.73906939461838
"cv",20,4,100.970817373844,-1.20699030114338,4.36206080662018,-4.17513579479138
"cv",40,1,193.517636924018,-4.99993896128582,3.80045947511843,4.03027665741801
"cv",40,2,187.301568226278,-4.99996899684162,3.79986186597776,4.6305656986205
"cv",40,3,187.296958004108,-4.99993866638562,3.8004813624395,4.63159412980113
"cv",40,4,193.856293835917,-4.99962440950975,3.79803169187533,4.01790825154076
