"","","","","par1","par2","par3"
"cv",20,1,118.71325080356,-0.985278429695321,-1.52672848818153,-2.90755721315265
"cv",20,2,95.0815103847153,2.56559563980393,-4.99997987490855,-4.99999617294078
"cv",20,3,98.5239527844767,2.5004174254868,-4.75770079632885,-4.99999891268853
"cv",20,4,99.0150977608557,2.45692912677123,-3.7303135235282,-4.99999735575663
"cv",40,1,187.485546164659,2.22987883717497,0.0134035982930365,-3.63859648616528
"cv",40,2,190.181483476341,1.46528419273153,0.062039912663857,-2.42502967168458
"cv",40,3,187.356943278177,2.49475555231967,-0.106177487557742,-4.39792779435332
"cv",40,4,185.592207466901,2.91946495110921,-0.0531995411891445,-4.95602203029415
