"","","","","par1","par2","par3"
"cv",20,1,94.8802362966401,-0.00204653417997325,-1.28108210894909,-2.63044115144645
"cv",20,2,94.1820278946143,0.461637442645138,-1.00524520250847,-2.54772005423081
"cv",20,3,100.970817373844,-0.0172456738520374,3.71621258734955,-3.98113042368913
"cv",20,4,94.3603087812496,1.15998979663206,-0.913568720972785,-3.31706714642168
"cv",40,1,184.504834650116,0.68669821700748,0.0164696033607522,-1.59751235156537
"cv",40,2,184.520536332384,1.30597856379614,0.0953559928827014,-2.36531033994656
"cv",40,3,184.440040683571,1.40858379032137,0.195730331854626,-2.42850016298085
"cv",40,4,191.257740005882,0.941995622394756,2.38999531786029,-3.10496887883609
