"","","","","par1","par2","par3"
"cv",20,1,96.1297271597105,0.880138252384894,-2.18212896538616,-1.98104780641936
"cv",20,2,97.1914769849187,1.2231356582525,-1.44885085609729,-2.67334066222139
"cv",20,3,95.5996612239404,1.1443873525154,-2.51007937073831,-1.59173799349126
"cv",20,4,95.6273217797292,0.663868362952447,-1.65829445765592,-1.29128487489083
"cv",40,1,192.335584685545,0.00164199251568477,-2.61880545182341,-0.123904919661828
"cv",40,2,191.83162182387,0.901571275357942,4.52513089749452,-4.42965117092723
"cv",40,3,191.83162182387,0.576102991825359,4.67417090162831,-4.88349450060144
"cv",40,4,208.145755655755,4.92028660278026,3.77049846002986,-4.52287275338052
