"","","","","par1","par2","par3"
"cv",20,1,95.0226410813496,0.755032214569796,-1.512081628996,-2.0107466654378
"cv",20,2,96.4562079813013,2.38531073944457,-1.15195084994225,-4.8751287846475
"cv",20,3,96.1288211623183,0.689213017629894,-1.97561043389572,-2.21647146294033
"cv",20,4,95.2294300846198,0.504385406523261,-1.63021199598235,-1.81248413960192
"cv",40,1,191.257740005882,0.37279257831265,0.862418776992806,-4.81969902997279
"cv",40,2,184.503268594905,0.14711220941292,-0.915932343118884,-2.61447870091301
"cv",40,3,184.484098240071,0.579068588466421,-0.763497258853695,-2.75401854323233
"cv",40,4,184.368000340526,-0.179416593491493,-0.960185088009556,-2.46335543973987
