"","","","","par1","par2","par3"
"cv",20,1,57.7604095207331,1.41590079908329,-3.91774678254559,-3.44128970952363
"cv",20,2,80.9492361441319,1.45366145359046,-1.93272086568134,-3.87791667253595
"cv",20,3,57.4796456770858,1.29320357189628,-2.76920545992958,-3.56589233328806
"cv",20,4,62.8301686516752,1.32822424075142,-4.4206032200382,-3.23465077832325
"cv",40,1,175.073021823255,1.3402682559234,-1.62563327075261,-4.12855321580304
"cv",40,2,160.248062295483,1.76032707418757,-1.36192941776605,-4.61993800412556
"cv",40,3,73.8908617611182,1.56072270998956,-1.61731103484768,-4.14675452760347
"cv",40,4,44.3830247474341,1.35479135494489,-1.69157755527656,-3.82886836076041
