"","","","","par1","par2","par3"
"cv",20,1,94.0730124257147,-1.68242413953667,3.76893315573007,-2.65481556580933
"cv",20,2,94.0730124257147,-0.831038280755549,3.21793160457287,-1.08981217770826
"cv",20,3,94.0730124257147,-4.82861388859782,4.41570868267204,-1.82217015464362
"cv",20,4,94.0730124257147,-4.41232127728127,3.83208076032248,-0.391253310946223
"cv",40,1,184.139263695584,-3.45810364632652,-0.443380949692848,-3.66527085976422
"cv",40,2,184.139263695584,-2.54909877389201,2.81664685113356,-2.46097404138201
"cv",40,3,184.139263695584,0.114997834669733,0.71492995063509,-2.91791871555264
"cv",40,4,184.139263695584,-0.801130024640416,2.69708534115361,-1.38416850954474
