"","","","","par1","par2","par3"
"cv",20,1,96.6399274620668,0.501708231672496,-1.39268691949129,-1.85179736795638
"cv",20,2,94.9998967550627,1.80015247190072,-1.24261848203099,-2.80377522398565
"cv",20,3,96.6019637564605,-4.99999247721512,-1.92842324200709,-1.67913462919948
"cv",20,4,95.6232996994079,3.67813211438157,0.636176554148356,-4.96295969177935
"cv",40,1,188.072776996645,0.428013269390123,3.84478796424785,2.54455252736973
"cv",40,2,184.830236636459,0.738777599089824,3.95277828316416,2.0861197489824
"cv",40,3,187.969698419685,-0.0158264748875121,3.9394457657621,2.82335244903696
"cv",40,4,184.85137560877,0.603792612122815,3.85919586406801,2.57412589469486
