"","","","","par1","par2","par3"
"cv",20,1,94.0730124257147,0.274183351608038,1.55917713583789,-4.07428162056764
"cv",20,2,94.0730124257147,-0.334231884834438,-0.570731899612402,-4.822368942022
"cv",20,3,94.0730124257147,-1.69747678966846,1.68135505538254,-2.74282392820021
"cv",20,4,94.0730124257147,1.64787649034223,2.89936917169063,-2.78810420320964
"cv",40,1,184.139263695584,-1.50583587565401,4.93927212094776,-4.68763147503471
"cv",40,2,184.139263695584,-2.50440360813519,4.29789235868756,-1.84799787667968
"cv",40,3,184.139263695584,0.566878645704339,3.58297238729957,-2.27322895371812
"cv",40,4,184.139263695584,-0.163479678177155,1.89022069597919,-3.95207753084185
