"","","","","par1","par2","par3"
"cv",20,1,94.0730124257147,-4.29219311951962,4.21376831301953,-1.66665510179575
"cv",20,2,94.0730124257147,1.8040585262799,3.49998246069021,-2.78934118626007
"cv",20,3,94.0730124257147,-4.74774696535303,4.68167213489219,-0.03514132031647
"cv",20,4,94.0730124257147,-2.25357500509335,3.41359699089772,-0.512502346730854
"cv",40,1,187.621359718342,1.25459702291674,3.69083308820621,1.71646505167913
"cv",40,2,198.461367428853,0.8633497381738,-0.904647031453909,-4.08180041095385
"cv",40,3,185.176914065203,2.24103533781654,3.67024310605414,0.109657310214486
"cv",40,4,185.262036684006,1.50572459548053,3.83630763808153,1.24686639251405
