"","","","","par1","par2","par3"
"cv",20,1,142.154049184278,-0.295610046756145,3.33189908503412,-4.62782550106041
"cv",20,2,96.7304225734242,2.17620435648642,-2.85493395977163,-4.8327594172452
"cv",20,3,101.631943615185,1.87747095533561,-2.70526178254175,-4.59546694437101
"cv",20,4,95.3480737741806,2.3509077859489,-3.26979592567266,-4.91379603355576
"cv",40,1,214.188616763368,-0.0830155791892662,-1.19055088080139,-3.99456865447885
"cv",40,2,185.235158855176,-4.99999995864612,-1.61408515071814,-2.31357241454525
"cv",40,3,186.489408944121,-4.99999972511518,-1.68235686550603,-2.47390134936917
"cv",40,4,186.958628377624,-4.99999992586995,-1.69349970102577,-2.45431775448629
