"","","","","par1","par2","par3"
"cv",20,1,94.0730124257147,-2.56245027322684,2.15068240920316,-0.811832548536008
"cv",20,2,94.0730124257147,-2.3605778590343,3.23371644967843,-2.34888546855878
"cv",20,3,94.0730124257147,0.483927050506474,0.566383654260669,-3.24313993760248
"cv",20,4,94.0730124257147,-2.81232749567648,1.53275762698106,-2.11951706559616
"cv",40,1,184.139263695584,-4.28580560162647,4.8724131800475,0.39088695902488
"cv",40,2,184.139263695584,-1.58093793238013,2.395035043212,-3.81416139931973
"cv",40,3,184.139263695584,-1.26606756018321,2.28465551640351,-2.08345660686537
"cv",40,4,184.139263695584,-2.05525858693012,2.43351599023703,-1.00162570665323
