"","","","","par1","par2","par3"
"cv",20,1,94.0730124257147,-2.26970533396942,0.720761760133295,-3.02927054478245
"cv",20,2,94.0730124257147,-1.60443529537081,4.30656866708535,-0.61854299772787
"cv",20,3,94.0730124257147,-0.81996072010855,4.46387238401107,-1.04799545355018
"cv",20,4,94.0730124257147,-1.8418465484865,1.27376230733099,-2.29944369802412
"cv",40,1,184.139263695584,-3.910666426302,2.0750891160265,-2.49152585641238
"cv",40,2,184.139263695584,-1.54328703573629,1.32757317163567,-2.71377745489238
"cv",40,3,184.139263695584,-0.671973991359341,0.818955571275156,-3.4717416610115
"cv",40,4,184.139263695584,-0.454653923371258,1.50324623378895,-1.61348951910651
