"","","","","par1","par2","par3"
"cv",20,1,94.7714708737073,3.68598044489507,3.77933829677585,-1.88241124358471
"cv",20,2,94.7740746993655,4.49776466036625,3.33128928889757,-3.95223088218785
"cv",20,3,94.7374532341373,2.84730223943709,3.8036961584926,-0.73632951368839
"cv",20,4,107.85877002553,-4.37812447805312,2.10970443060483,-0.624137959622546
"cv",40,1,184.139263695584,-0.817446778413033,0.846761251480316,-2.98906572433025
"cv",40,2,184.139263695584,-1.6964299519599,1.64412834012552,-2.79028611326608
"cv",40,3,184.139263695584,-0.509613520876273,3.00249249324302,-1.25955942032894
"cv",40,4,184.139263695584,0.571529535395399,3.71342869447753,-3.10839773075924
