"","","","","par1","par2","par3"
"cv",20,1,224.340413515825,1.17541027551657,-4.70981947584026,-4.26261048619029
"cv",20,2,46.8651632155936,1.7718607662697,-4.99999816166213,-4.04100371336025
"cv",20,3,25.6269609391957,1.99522617205674,-4.99999630234977,-4.47200192592744
"cv",20,4,7.5582245211082,1.9983196402828,-4.99999759123759,-4.51026551899089
"cv",40,1,28.7694531650284,1.87237332518477,-4.99999982192725,-4.99999866292361
"cv",40,2,0.421968505123842,1.96751537933809,-4.99999810228243,-4.99999526794469
"cv",40,3,320.555506530323,1.62934493573555,-1.97488448212974,-4.99999386683593
"cv",40,4,38.7048303534507,1.92390038528151,-4.99999705858579,-4.9999993955089
