"","","","","par1","par2","par3"
"cv",20,1,94.0730124257147,-2.93024071375276,2.14062248935962,-1.68902818209682
"cv",20,2,94.0730124257147,-2.80094858934925,1.23505552793587,-2.19665120196612
"cv",20,3,94.0730124257147,-3.24950597461934,2.90870112565812,-0.585188359237095
"cv",20,4,94.0730124257147,2.19943783711642,3.62081442295253,-4.39275980416679
"cv",40,1,184.139263695584,-3.28560291388846,1.83447687309577,-2.9555304665406
"cv",40,2,184.139263695584,-0.144660034779632,1.12516299532542,-4.34377608488826
"cv",40,3,184.139263695584,1.26627876494047,3.56072958542362,-1.26318286117441
"cv",40,4,184.139263695584,-3.69259574449892,3.29761560753118,-1.61478049056481
