"","","","","par1","par2","par3"
"cv",20,1,93.9928153698238,-2.55686023842766,-4.99999999865144,-1.62357697771901
"cv",20,2,90.6419760872299,-1.80409581792004,-4.9999998718123,-1.62487907279529
"cv",20,3,93.7611963791011,-2.42911732942887,-4.99999999888519,-1.62454934697946
"cv",20,4,96.920200001839,-2.5793408140934,-4.92735483998784,-1.88555105933071
"cv",40,1,192.117104168252,-2.08508763788839,-4.99999999970016,-0.886808063681957
"cv",40,2,190.434729303081,1.14197004888496,-2.57666203422659,-1.74411082184666
"cv",40,3,191.545596255592,0.559209333855172,-2.14502140863967,-1.51062521439778
"cv",40,4,192.121020548802,-2.49104695393994,-4.999999997002,-0.917515538780164
