"","","","","par1","par2","par3"
"cv",20,1,80.8558255609475,1.20990674994766,-4.99999891646182,-3.00996247652128
"cv",20,2,115.30393080675,0.41335876497461,-2.08142493773335,-3.05298647895253
"cv",20,3,85.8396757106736,-4.99998979820358,-4.99999990686778,-2.18682522274247
"cv",20,4,94.6213542134545,0.371481264917547,-4.99999995387381,-2.49327389937276
"cv",40,1,200.053921944513,0.99310836493799,-1.91490419429238,-3.47343028533042
"cv",40,2,76.8203961162282,1.53437747445784,-1.59116928405435,-3.85852115888701
"cv",40,3,182.686242516249,1.4823817276829,-1.52184896018725,-3.97719925048389
"cv",40,4,109.824674773458,1.22722762377611,-1.678467231992,-3.6191265721353
