"","","","","par1","par2","par3"
"cv",20,1,94.0730124257147,-3.78007119271261,2.69037891501951,-2.4271951039398
"cv",20,2,94.0730124257147,-3.37570278001003,1.77079640919494,-3.33422380832977
"cv",20,3,94.0730124257147,0.807069536679706,1.76358111192156,-4.78050962489506
"cv",20,4,94.0730124257147,1.12841466313573,1.49491383923349,-3.92403860921322
"cv",40,1,184.139263695584,-3.02222829569418,1.34191249658116,-1.99803188443184
"cv",40,2,184.139263695584,-0.526531228928221,2.18823127268311,-2.63166078525504
"cv",40,3,184.139263695584,-1.2387451589948,3.76725875670628,-2.57525628169846
"cv",40,4,184.139263695584,-3.92221072717752,1.65568707554595,-1.54603431257396
