"","","","","par1","par2"
"cv",20,1,65.8812134705917,4.99999999999985,-0.863413314267079
"cv",20,2,58.8786163657448,4.99999999999892,-0.832527732108207
"cv",20,3,50.4866684179858,4.99999999998604,-0.781674206930368
"cv",20,4,71.5128517763121,4.99999999999511,-0.892384378699913
"cv",40,1,144.010938633454,4.9999999999982,-0.835216443990451
"cv",40,2,141.968176120875,4.99999999999938,-0.832976113931572
"cv",40,3,135.20179317668,4.99999999999843,-0.816200237216579
"cv",40,4,97.3118949925362,4.99999999999965,-0.697147140247293
