"","","","","par1","par2"
"cv",20,1,79.2037702725854,4.91182055562903,-4.98151051516587
"cv",20,2,83.9954374017154,3.95142211578786,-4.97752727907141
"cv",20,3,81.2975149948275,4.76990296800515,-4.99532591549483
"cv",20,4,77.6677367843749,4.90164820153846,-4.98343358263258
"cv",40,1,158.625840502878,4.811040052021,-4.99216998735693
"cv",40,2,166.229439381423,4.87410763639926,-4.9912053190373
"cv",40,3,155.801013999306,4.77510666850529,-4.97691032943914
"cv",40,4,165.885762605008,4.69862757294214,-4.9974895711183
