"","","","","par1","par2"
"cv",20,1,83.5364865524442,-0.695239368001059,-1.74597438703988
"cv",20,2,73.726464768453,4.99999999999892,-1.75541029721942
"cv",20,3,73.8637254662002,4.99999999999991,-1.75067382114636
"cv",20,4,89.3124865160222,4.99999999999967,-1.82218750344044
"cv",40,1,129.535060289579,-0.780928821436328,-1.85196283366414
"cv",40,2,141.905205893437,-0.920824990554937,-1.90939838698383
"cv",40,3,174.969794316643,-0.607732429518789,-1.99727235075032
"cv",40,4,119.007969741162,-0.387294050746621,-1.82504077251584
