"","","","","par1","par2"
"cv",20,1,78.7268638130647,-3.44419270644687,-4.99195476241275
"cv",20,2,83.8811927984558,0.105899427536836,-4.98940200948439
"cv",20,3,84.33795070206,-4.56069750944152,-4.98313082838775
"cv",20,4,77.0828120354011,-2.56573122719248,-4.99342620951531
"cv",40,1,149.576894616067,-1.82830436683773,-4.97896208660677
"cv",40,2,156.56967837325,-3.1162994375335,-4.98904301156772
"cv",40,3,155.418907902968,-0.743085585622555,-4.9923989203646
"cv",40,4,158.908282211528,-3.3881225448767,-4.99307582141316
