"","","","","par1","par2"
"cv",20,1,110.795086110285,0.969857048188757,-1.93255790736728
"cv",20,2,75.6526180186369,4.99999999999991,-1.6300366998069
"cv",20,3,64.338029890296,4.99999999998988,-1.55621476056957
"cv",20,4,82.6134617648764,-1.39659027745969,-1.68204773065676
"cv",40,1,208.24722696891,4.99999999999641,-1.85646849556472
"cv",40,2,174.186425916128,4.9999999999991,-1.75683616417657
"cv",40,3,141.461105449127,4.99999999999927,-1.63888969615846
"cv",40,4,204.912735543581,-0.159725211154371,-1.62621518541058
