"","","","","par1","par2","par3"
"cv",20,1,68.7100390199149,-4.99904515406468,-1.35169651290484,-1.77875872606884
"cv",20,2,82.7300150858748,-0.447192492104128,-0.955073383110241,-1.52714561553302
"cv",20,3,84.5923695540398,-0.654696275772186,0.348594496583838,-0.229038147704631
"cv",20,4,90.0171659842781,-0.301476856582628,-0.829164702042293,-1.44904809075255
"cv",40,1,142.202968888597,-4.998431366697,3.80047361131953,3.2696775556827
"cv",40,2,163.205397920414,-4.99760974845294,3.79156272563142,3.18462334420364
"cv",40,3,146.206362479603,-4.99906684802491,3.79658117379386,3.25179470178338
"cv",40,4,176.286094877754,-4.99213961742851,3.76596295560388,3.11962543068574
