"","","","","par1","par2"
"cv",20,1,96.2104922681065,-4.9999999938604,-0.786659900884423
"cv",20,2,96.1344252349937,-4.99999995757537,-0.67619812298326
"cv",20,3,95.9158105926925,4.99999999311781,4.99999995096746
"cv",20,4,96.0548248300336,-4.99999999772495,-0.495132097177869
"cv",40,1,191.831622667425,4.99999990226033,4.9999999985616
"cv",40,2,191.831622351481,4.999999973517,4.99999998600675
"cv",40,3,191.831620815699,4.99999999252056,4.99999998822797
"cv",40,4,191.831622671227,4.99999995825248,4.999999933378
