"","","","","par1","par2"
"cv",20,1,82.5645867731938,-3.24277808641316,-4.99381621376307
"cv",20,2,88.8069436507869,-4.60936257167804,-4.99202822819111
"cv",20,3,86.6072702942452,-1.32437108626821,-4.97878112551543
"cv",20,4,85.523587904325,-0.441224135619803,-4.97645803816564
"cv",40,1,168.124615162045,-0.382606665275201,-4.98710507614086
"cv",40,2,155.719873916754,-0.929240903170852,-4.99644829803885
"cv",40,3,169.709927431734,-1.91115122970036,-4.97769182836324
"cv",40,4,168.635169004377,-3.48195372288194,-4.9973974192783
