"","","","","par1","par2"
"cv",20,1,63.9962721781127,-0.571899559195763,-2.50239395517963
"cv",20,2,58.4367351534593,-0.781935335428742,-2.47291824702047
"cv",20,3,46.0705357642034,-1.09938631964064,-2.41941886917013
"cv",20,4,72.2548300703123,-0.828115509914897,-2.56891757793173
"cv",40,1,143.508447637575,-0.094539490138303,-2.53792398029462
"cv",40,2,142.147206697777,-0.0543798050021389,-2.53594725180123
"cv",40,3,130.652307943756,-0.227964554024028,-2.54274662371093
"cv",40,4,83.8126869425126,-0.341457883796095,-2.38037296053155
