"","","","","par1","par2"
"cv",20,1,95.9158112645417,4.99999999881373,4.99999994553343
"cv",20,2,95.9158112115398,4.99999999758656,4.99999998205518
"cv",20,3,95.9158112969359,4.99999999490503,4.99999998980516
"cv",20,4,95.91581124731,4.99999999387413,4.99999999203526
"cv",40,1,191.831622909874,4.9999999963343,4.99999999937875
"cv",40,2,191.831622655987,4.99999998953711,4.99999999718923
"cv",40,3,191.831622831667,4.99999998931872,4.99999999694323
"cv",40,4,191.831622791284,4.99999999900704,4.9999999999012
