"","","","","par1","par2","par3"
"cv",20,1,81.0495264326706,0.98299901165907,-0.607317894512958,-1.42421969199041
"cv",20,2,62.2612330816831,-0.323360662094509,4.81013128584096,3.09217774635103
"cv",20,3,68.7660856759994,1.0134365911292,-0.657191305644042,-1.40320744245036
"cv",20,4,69.2946497573829,0.883019990550535,-1.30107651448536,-2.02972043150842
"cv",40,1,155.93652622406,1.08448186668656,3.92701425328391,3.16351910761008
"cv",40,2,151.775682131122,1.11004529502773,0.85176662393374,0.204775015295316
"cv",40,3,149.926394460506,0.870811902652648,-0.397771909791949,-1.04582587171713
"cv",40,4,155.173805561343,0.80369989951098,4.00583153746807,3.14734254954441
