"","","","","par1","par2"
"cv",20,1,62.4609065842595,-1.75637069895093,-2.22176520689583
"cv",20,2,83.7699713603397,-1.40068115532784,-2.33478810955559
"cv",20,3,87.0950981013556,-1.59903410210679,-2.32954124401206
"cv",20,4,59.6878638500889,-1.81853915435416,-2.19148376004862
"cv",40,1,100.976151845018,-0.828868879039786,-2.50689940990691
"cv",40,2,115.706691150007,-0.827212370075354,-2.53780729083624
"cv",40,3,121.788298103776,-1.03052886046297,-2.56576490597446
"cv",40,4,103.228413956067,-1.03834390686704,-2.51372300721697
