"","","","","par1","par2"
"cv",20,1,81.0927643747913,-1.12021544931944,-4.98620177520322
"cv",20,2,87.5680695894971,0.831446302827718,-4.99219359166574
"cv",20,3,91.2322289402689,-2.83088375186773,-4.98269742421208
"cv",20,4,89.6352107125286,-1.06658219468042,-4.9876650493718
"cv",40,1,169.084669387401,-1.92347570023055,-4.99371378289189
"cv",40,2,178.461470659632,-1.66259485692309,-4.98186036003874
"cv",40,3,165.741201514508,0.245563357339827,-4.99472035559582
"cv",40,4,178.888695519837,-2.21042316006075,-4.99160617010843
