"","","","","par1","par2"
"cv",20,1,56.125987370515,0.822239351423978,-0.740257572817011
"cv",20,2,71.2587879691026,0.796668618326799,-0.821191444793892
"cv",20,3,88.2473145682346,0.770006469792554,-0.901171551221335
"cv",20,4,75.2364362590332,-4.99999999999948,-0.762111254510044
"cv",40,1,127.683060642632,-3.94976441044345,-0.746258905740853
"cv",40,2,151.376488389383,-2.21901153445431,-0.805318536067213
"cv",40,3,125.701383766011,-0.689995725641463,-0.749791004849758
"cv",40,4,139.280771292994,-0.845013802845623,-0.785396594195488
