"","","","","par1","par2"
"cv",20,1,38.471089339519,4.9999999999998,-2.15092866880391
"cv",20,2,81.8260018160853,4.99999999999987,-2.42512463057294
"cv",20,3,45.2223427801244,4.99999999999964,-2.19683551113294
"cv",20,4,34.3738970287417,4.99999999999757,-2.09553593171448
"cv",40,1,88.1236899175613,4.99999999999973,-2.02110010305332
"cv",40,2,115.963238243089,4.99999999999794,-2.12647107223329
"cv",40,3,108.619019697695,4.99999999999934,-2.11554177684762
"cv",40,4,129.185209157674,4.99999999999966,-2.15235116042019
