"","","","","par1","par2"
"cv",20,1,94.7421090740206,2.51416363537322,-4.96919841546512
"cv",20,2,94.7308373254441,2.73607812009224,-4.92461538787636
"cv",20,3,93.4304253620745,-3.64929649640391,-4.98965467751906
"cv",20,4,92.1321280573277,3.48635323950045,-4.89986265446932
"cv",40,1,175.420485653147,-4.87177299102768,-4.98657445557174
"cv",40,2,181.367824053425,1.96934879058972,-4.99698535107582
"cv",40,3,186.982041475223,-0.714381187659889,-4.95904724825993
"cv",40,4,184.08542748989,0.161596689510578,-4.97932577956402
