"","","","","par1","par2"
"cv",20,1,70.0060927338082,-4.99999999999757,-1.96193413601628
"cv",20,2,95.9526548111453,-4.99999999999793,-2.175663555626
"cv",20,3,83.3971248258602,-4.99999999999033,-2.08869378371253
"cv",20,4,81.4116318839296,-4.99999999995952,-2.05972855775207
"cv",40,1,154.538266683735,-4.99999999999901,-2.25285449092392
"cv",40,2,150.80339601298,-4.94014636639396,-2.24481808210339
"cv",40,3,158.777379427805,-4.99999999999133,-2.27658085155165
"cv",40,4,150.065899638655,-4.99999999999909,-2.21491075200868
