"","","","","par1","par2"
"cv",20,1,95.9158111605972,4.99999999433954,4.99999991319059
"cv",20,2,95.9158110209686,4.99999999303933,4.99999998428973
"cv",20,3,95.9158110985731,4.99999998112873,4.999999985239
"cv",20,4,95.9158111852068,4.9999999362584,4.99999997547076
"cv",40,1,191.831622285611,4.99999998754424,4.99999998346489
"cv",40,2,191.831621573315,4.99999998816415,4.99999998989121
"cv",40,3,191.831622223152,4.99999999399017,4.99999999321992
"cv",40,4,192.070248193665,-4.99999983758204,0.996784548575065
