"","","","","par1","par2"
"cv",20,1,80.8210852041225,-3.55488939319924,-4.99996350828401
"cv",20,2,86.433758318774,-2.62374032880434,-4.9988096105695
"cv",20,3,92.1508224319998,-3.22128495962823,-4.99890333090464
"cv",20,4,85.4197127483353,-3.1361788020023,-4.99186963771787
"cv",40,1,176.891185912863,-4.24248616935514,-4.99717945519657
"cv",40,2,170.14690073086,-0.365580265208307,-4.99315395278668
"cv",40,3,184.644588309553,-2.03374772705138,-4.98223249878982
"cv",40,4,178.104217359468,-2.5757665769197,-4.99035661881209
