"","","","","par1","par2"
"cv",20,1,81.2806650418328,3.89256115908399,-4.96839886008069
"cv",20,2,83.4775247171003,1.43882531465304,-4.98688592082594
"cv",20,3,88.2289683753729,1.70929938155362,-4.98897486133501
"cv",20,4,85.8618593899591,-3.89643607048101,-4.94495809060256
"cv",40,1,162.536059854877,-4.40949785582658,-4.99247912147884
"cv",40,2,172.527607601386,-3.526203563449,-4.99083695346709
"cv",40,3,161.903821921967,-4.99566687171777,-4.99801147493738
"cv",40,4,164.793297247358,-0.532828493031404,-4.9933582181085
