"","","","","par1","par2"
"cv",20,1,81.2254145216247,-1.60597701237466,-4.9855727078454
"cv",20,2,79.3569256638423,0.0736116468916836,-4.99732154020745
"cv",20,3,81.444954008707,-1.24745246524678,-4.99835565540941
"cv",20,4,85.3780335779683,-1.52861921247666,-4.99692066435921
"cv",40,1,161.861633051985,-1.10365491055308,-4.97736729097075
"cv",40,2,154.701349629281,-0.121432661189901,-4.97056024096087
"cv",40,3,165.113847360714,-0.80781792679246,-4.99816288972326
"cv",40,4,160.974313744551,-1.5060951533302,-4.98997441142385
