"","","","","par1","par2"
"cv",20,1,101.317953680959,4.99999999999403,-2.27018825343354
"cv",20,2,69.6773174338132,-0.128647133487794,-2.00542215408447
"cv",20,3,76.6461093059165,-4.99999999999957,-2.10140743008554
"cv",20,4,82.9458084515347,4.99999999999197,-2.12731943376942
"cv",40,1,160.457153476211,-2.04514034232972,-2.29460402626933
"cv",40,2,142.394058938075,-1.30459253426791,-2.24122137976386
"cv",40,3,139.833188012823,-4.99999999999781,-2.22357930397248
"cv",40,4,169.827353347995,-2.12647323905664,-2.33409872002475
