"","","","","par1","par2"
"cv",20,1,92.6647930562287,-4.99999999973267,-2.00351139413582
"cv",20,2,86.7061314762071,-4.99999999975357,-2.04344583156349
"cv",20,3,92.2451016161294,-4.99999999995713,-2.00236996807043
"cv",20,4,96.0008998514961,-4.99999999987967,-2.17381799194831
"cv",40,1,190.393798618409,-4.9999999992064,-1.78615768864575
"cv",40,2,182.46815142946,-4.99999999646634,-1.65738226675913
"cv",40,3,186.228010901188,-4.99999999984256,-1.79068353852114
"cv",40,4,191.53243793611,-4.99999999871726,-1.83299811254098
