"","","","","par1","par2"
"cv",20,1,90.317751995265,-4.35186180703605,-4.98846676695827
"cv",20,2,87.749559224297,4.72632019663842,-4.98423186273273
"cv",20,3,83.4441710989468,4.15857133149836,-4.97844195812957
"cv",20,4,90.952294816295,3.97253898839044,-4.98661747913062
"cv",40,1,164.978738314989,-2.41012987215072,-4.98277683325968
"cv",40,2,169.913963404256,-0.908036306042586,-4.99352574694664
"cv",40,3,174.847859713251,-1.92944007733048,-4.95645103745321
"cv",40,4,160.490207195437,-3.06418662890792,-4.97828967084559
