"","","","","par1","par2"
"cv",20,1,67.0464036874331,-0.402588443353519,-2.09278964538013
"cv",20,2,50.5098383002617,-0.491187130740703,-2.02619781475892
"cv",20,3,46.2406973422519,-0.555085344104982,-1.97622165157561
"cv",20,4,74.9739205861755,-4.99999999997878,-2.11255884689761
"cv",40,1,95.9040802783585,-0.166528262728957,-2.00116906445946
"cv",40,2,121.881342141839,0.473881609394423,-2.06730527196038
"cv",40,3,112.214473688111,0.460576675524677,-2.0702653345262
"cv",40,4,130.608440750567,-0.0789433071372045,-2.09203028751065
