"","","","","par1","par2"
"cv",20,1,94.2560768463882,4.45191033107345,-4.98719792891772
"cv",20,2,88.8401444527984,3.92357676909764,-4.98674320257957
"cv",20,3,81.9738976183835,4.16399111688724,-4.94120389997951
"cv",20,4,91.3088522550734,0.0843647104103656,-4.99458784460079
"cv",40,1,186.921009383344,4.9631891048383,-4.98809271708633
"cv",40,2,180.08791355798,4.70482682123005,-4.99038955858515
"cv",40,3,174.434351532156,4.96346382352101,-4.96375040488091
"cv",40,4,198.989574889964,-3.77281878386637,-4.99178282063765
