"","","","","par1","par2","par3"
"cv",20,1,85.0370165946668,-4.9999683210377,-1.12158364953448,-1.56641279695292
"cv",20,2,76.150893406255,-4.99990482495788,-1.12437729296813,-1.44563383382159
"cv",20,3,98.4862873277135,-4.99934354844925,3.80077830935741,3.25485900407737
"cv",20,4,82.8035370767918,-4.99987738372545,-1.01647733676043,-1.43482349402797
"cv",40,1,145.559082055737,0.0807582822686712,0.203219456293681,-0.371801309452033
"cv",40,2,152.100947927596,-0.0867241421308903,3.81715704014251,3.20427679204343
"cv",40,3,173.846519480035,-4.99987107141325,3.48649015388905,2.83844872033344
"cv",40,4,161.45105980637,0.0727989754749107,3.80314548553376,3.16373444023363
