"","","","","par1","par2","par3"
"cv",20,1,55.2314386291836,0.184645268288997,-0.427636960007072,-1.24458007410692
"cv",20,2,59.7536170953149,-0.438425227807372,-0.635861367472184,-1.45135118679208
"cv",20,3,75.2066033129639,-0.0328635851928955,4.23829153448753,2.89601242692256
"cv",20,4,75.2551687171267,0.19396813865925,-0.0346869433663538,-0.937445882407235
"cv",40,1,123.61948948266,0.791686949834041,3.79976937438451,2.9472161825946
"cv",40,2,135.689662755297,0.724349188638999,3.79978033172283,2.91355207234467
"cv",40,3,139.147279347589,0.819597804946271,3.80039316437248,2.91243303894721
"cv",40,4,133.507734731234,-0.557129807303393,4.30164347488754,2.94152103400459
