"","","","","par1","par2"
"cv",20,1,49.4253792882537,-4.99999999998781,-2.35264777179975
"cv",20,2,71.0076864229002,-4.99999999999954,-2.43866987350292
"cv",20,3,75.4407170952101,-4.99999999999016,-2.46779865736794
"cv",20,4,53.9272100317837,-4.99999999999985,-2.37786330648021
"cv",40,1,113.33177449559,-4.84397597431465,-2.28854812213332
"cv",40,2,145.114321098027,-4.99999999998831,-2.34852093904604
"cv",40,3,159.652560792227,-4.99999999999683,-2.36650162635433
"cv",40,4,141.949721659261,-4.99999999999805,-2.34159265814518
