"","","","","par1","par2"
"cv",20,1,75.4042552591635,0.1485694965907,-4.99999999999998
"cv",20,2,29.8927011929168,-0.313486608654441,-2.81470178513938
"cv",20,3,21.2934199511941,-0.468265103647147,-2.7802253131954
"cv",20,4,46.0953738201256,0.896718278899193,-4.9999999999997
"cv",40,1,60.6476463248332,0.23616731621069,-2.79680295720364
"cv",40,2,172.936337288859,1.1263188880451,-4.99999999999988
"cv",40,3,68.3063268778834,-0.251701443375526,-2.78743375728202
"cv",40,4,56.4583623707552,-0.16928456691431,-2.79753253783378
