"","","","","par1","par2","par3"
"cv",20,1,69.5836944661993,2.77364962628899,-4.33981020282211,-4.99999025101409
"cv",20,2,65.1618326956563,2.72730891007417,-4.38689879089056,-4.99945161870621
"cv",20,3,25.6085634937277,2.98166042934248,-4.2857129830287,-4.99651608550792
"cv",20,4,78.0846902893077,-4.93160388297002,-1.70821377891263,-2.68904755119965
"cv",40,1,145.871858370811,2.55786963830934,-3.97008718401801,-4.54138415219967
"cv",40,2,148.350031948095,1.96482430825267,-3.16400122985078,-3.7322920041775
"cv",40,3,105.19477160839,1.96115364172211,-2.52628921365876,-3.21380273555266
"cv",40,4,29.6785817779513,2.9465177018799,-4.28924420548976,-4.89402228409388
