"","","","","par1","par2","par3"
"cv",20,1,96.9525601722103,0.414130039688613,3.80037157484183,3.01905383954553
"cv",20,2,62.0131599189138,0.425497410836914,0.306725905565282,-0.239320862234427
"cv",20,3,76.3925859573487,-4.99969413035587,3.79609458402333,3.17152324288397
"cv",20,4,79.3936677452702,0.436177505646765,3.79964943425014,3.11189796410861
"cv",40,1,155.853043844467,-4.99988051510082,-1.25122082113672,-1.96859183330638
"cv",40,2,136.385584456979,-0.763195337688629,-1.16373720909887,-1.81696816896352
"cv",40,3,136.401112779595,-0.744404907540424,-0.886975592299734,-1.55359616396158
"cv",40,4,168.696572055124,-0.112487240769868,0.237197588864785,-0.51728097235609
