"","","","","par1","par2"
"cv",20,1,67.9547496390787,-0.64071270184255,-0.74508740914061
"cv",20,2,79.8029519487033,-0.504878943645111,-0.797562827303169
"cv",20,3,64.155624510066,-0.723675903619861,-0.71713370310056
"cv",20,4,70.7466868556182,-4.99999999999962,-0.747863609347496
"cv",40,1,106.116385598887,-0.827913700129296,-0.803010396257998
"cv",40,2,124.7591357644,-0.679406402175383,-0.844909045622025
"cv",40,3,133.660200016981,-3.20317648057535,-0.85267077982822
"cv",40,4,140.318947804346,-3.43016921156903,-0.869548901673205
