"","","","","par1","par2"
"cv",20,1,89.0006262753834,-3.20789075396787,-4.9966123661894
"cv",20,2,80.3057134109503,-2.12391894408857,-4.99998853798274
"cv",20,3,80.2123517422038,-2.79926031176971,-4.99814240335891
"cv",20,4,85.8426415624677,-0.161968710295865,-4.99787592331942
"cv",40,1,165.35222373011,-3.38280019221525,-4.99323323474051
"cv",40,2,165.120800624191,-3.07200620475126,-4.99283715038341
"cv",40,3,165.158945417656,0.287753410800096,-4.99347564428884
"cv",40,4,161.858199953859,-1.88154550484499,-4.98502184411745
