"","","","","par1","par2"
"cv",20,1,44.8950464716904,-0.790968040613165,-2.69539019244079
"cv",20,2,74.0007579846744,0.00435978327093389,-2.9161262458521
"cv",20,3,36.3045364675314,-0.225331996482115,-2.65803719418476
"cv",20,4,32.1834681707096,-0.351110346702122,-2.62538697466108
"cv",40,1,96.5464468129175,0.268390971967886,-2.88398455821439
"cv",40,2,74.6219320314191,-0.236016304057606,-2.76897023646618
"cv",40,3,67.2314103327847,0.115702620137225,-2.76145591195713
"cv",40,4,86.0462089707696,0.350151676545638,-2.84391864670802
