"","","","","par1","par2"
"cv",20,1,87.88339823937,-1.97221016051716,-4.99442230372681
"cv",20,2,93.8636028656707,-4.50943754268387,-4.99089111936968
"cv",20,3,82.7476057158509,-2.78154593107112,-4.98771409181975
"cv",20,4,85.2176092586876,-2.01827257407698,-4.98395857678622
"cv",40,1,171.729532150199,-3.01300373288188,-4.97872063210751
"cv",40,2,159.968720849838,-3.05218719976702,-4.99274907917058
"cv",40,3,178.914853895493,-2.73197511162985,-4.99240980922175
"cv",40,4,162.328606344815,-1.87575792009314,-4.99518813963292
