"","","","","par1","par2","par3"
"cv",20,1,71.7309626878041,-4.99989053403477,-1.16138471323084,-1.91718958401795
"cv",20,2,72.7768950240333,-0.12861849188594,0.905597184618477,0.139055693367248
"cv",20,3,65.415314769391,0.181985198723807,-0.108663388266941,-0.828529857359853
"cv",20,4,75.9502054055558,-0.172753510346846,4.02644528266486,3.02276698739731
"cv",40,1,122.548836627393,0.439440446244751,1.8047532332877,0.907015387557156
"cv",40,2,117.228025219984,0.693600735071393,0.271831074201432,-0.625200733168648
"cv",40,3,119.903965027622,0.506692260507167,0.15826833871215,-0.740283590308483
"cv",40,4,134.903015298869,-0.381138833630141,4.65491849179143,2.8669829249146
