"","","","","par1","par2"
"cv",20,1,47.9363984491486,4.99999999999909,-0.921179341967509
"cv",20,2,63.6447101633657,4.99999999999908,-0.997053279870278
"cv",20,3,68.6408443587913,4.99999999999944,-1.02778235278945
"cv",20,4,121.251982621864,-0.219982708274084,-0.999711769702636
"cv",40,1,116.803372026349,-4.99999999999888,-0.741672813751527
"cv",40,2,149.86046018838,-4.99999999999935,-0.816281157894239
"cv",40,3,120.196463250512,-4.99999999999915,-0.742083130695436
"cv",40,4,153.369020148496,-4.99999999998773,-0.822451957120917
