"","","","","par1","par2"
"cv",20,1,77.3579229633796,-4.99999999999269,-1.50006701289135
"cv",20,2,78.5126882841089,-4.99999999999956,-1.49317753570624
"cv",20,3,77.696245240336,-4.99999999999077,-1.46786629309273
"cv",20,4,104.033629606689,-4.99999999999804,-1.74402189004739
"cv",40,1,167.50633591352,-0.876807515270135,-1.74576942212131
"cv",40,2,155.464421051058,-0.910407641535198,-1.71744275530888
"cv",40,3,159.441869925683,-4.99999999997435,-1.71797980764875
"cv",40,4,156.265612563122,-1.7433979881878,-1.7223872174013
