"","","","","par1","par2"
"cv",20,1,95.9158111163702,4.99999998136662,4.99999999238976
"cv",20,2,95.9158111410384,4.99999999625512,4.99999996290167
"cv",20,3,95.9158112319667,4.99999998021382,4.99999999314417
"cv",20,4,95.9158111736157,4.99999995189346,4.99999997112868
"cv",40,1,191.831622857581,4.99999999756021,4.99999999367621
"cv",40,2,191.831622506074,4.99999999663021,4.9999999994324
"cv",40,3,191.831622688533,4.99999999716617,4.99999998983125
"cv",40,4,191.831622588529,4.99999999999762,4.99999999875873
