"","","","","par1","par2","par3"
"cv",20,1,59.1828688991044,2.9055030014324,-4.6884657782377,-4.99546010199768
"cv",20,2,41.0757219053996,-4.99999142445226,-1.77014920863038,-2.2905662771165
"cv",20,3,94.8867437405256,2.8979454798214,-4.4948436396434,-4.9982891075119
"cv",20,4,84.4987623207517,2.81890413163811,-4.59918966366152,-4.99765036526827
"cv",40,1,55.1038441111767,2.78562961516324,-4.58078902003696,-4.99796706395868
"cv",40,2,89.4408942969927,2.05182545362783,-2.89723109548918,-3.52216095184013
"cv",40,3,78.6851496924974,2.42802446004466,-3.64765856353979,-4.22868984629505
"cv",40,4,155.969751580148,2.74994303212027,-4.50035473723716,-4.99960900529976
