"","","","","par1","par2"
"cv",20,1,73.9274512130931,-4.99999999999998,-2.28982977025969
"cv",20,2,75.05875349618,-4.99999999999685,-2.28879983513754
"cv",20,3,69.5317722412958,-4.99999999999807,-2.2291512503048
"cv",20,4,74.8325552858344,-4.99999999999869,-2.26308879279462
"cv",40,1,123.074021386628,-0.757972044175259,-2.49104517601131
"cv",40,2,126.65475883449,-0.477260964511858,-2.50288267487926
"cv",40,3,125.821676930376,-0.939720045982242,-2.46995308088699
"cv",40,4,139.885664014303,-0.584372964683579,-2.5271370799393
