"","","","","par1","par2"
"cv",20,1,88.0662623113792,3.65116816896329,-4.98525458447658
"cv",20,2,83.4030122828485,3.85940977785099,-4.97558746296581
"cv",20,3,83.7979152040183,3.55955886528974,-4.99830025058289
"cv",20,4,85.7451067902235,4.76288367528468,-4.97923673818729
"cv",40,1,175.76568848053,3.20018834878241,-4.9832466297848
"cv",40,2,176.169615566424,3.05695456318658,-4.9978964422726
"cv",40,3,171.70837951338,2.26870512601159,-4.99551829598304
"cv",40,4,173.157062537914,3.43128060059586,-4.99492814975038
