"","","","","par1","par2"
"cv",20,1,84.469760235846,-3.55726107526504,-4.99316852698655
"cv",20,2,86.9233033153408,-3.78133425325008,-4.99814998705647
"cv",20,3,94.2942556715067,-4.53317796928498,-4.98872644756332
"cv",20,4,85.7987055107484,-2.97338676944876,-4.94290308024356
"cv",40,1,160.967210943256,-3.54068627423538,-4.98981491894548
"cv",40,2,165.205065824633,-4.84877827660757,-4.99406649978501
"cv",40,3,163.866893104537,-2.65085166373459,-4.9870997664539
"cv",40,4,179.029472436434,-1.20231055548656,-4.99374916733268
