"","","","","par1","par2"
"cv",20,1,81.0999806329906,4.73650998059853,-4.9935132505437
"cv",20,2,84.8530747945225,4.71695515677835,-4.99746782602739
"cv",20,3,84.6560416577637,4.55691657062673,-4.99418645177644
"cv",20,4,78.3142782046492,4.65646600205785,-4.97293545336565
"cv",40,1,167.103474916829,4.38564905976163,-4.98553996381201
"cv",40,2,174.103144119456,4.79768497420533,-4.98378160646045
"cv",40,3,156.555739544203,4.90209137009711,-4.99013897357459
"cv",40,4,153.32908373927,4.55142387166905,-4.95484396631174
