"","","","","par1","par2","par3"
"cv",20,1,65.5169255372159,-4.99963803564209,-0.77742902000055,-1.75327132306584
"cv",20,2,46.6049182958912,-4.99867164289601,-0.710626647290856,-1.61271225374117
"cv",20,3,44.273045542879,-4.99998891128385,-0.755297679636836,-1.6429222738785
"cv",20,4,70.7973442637057,-4.99976362482045,3.79915633701274,2.81795182852078
"cv",40,1,93.4352077680638,-0.313480345929252,3.8000275988709,2.87646864336706
"cv",40,2,120.68429600607,0.392087672469159,3.79885534243102,2.79845463849626
"cv",40,3,109.75314648219,0.40316564455483,3.80026857205339,2.82421991881075
"cv",40,4,118.139400831134,-0.0601578539996282,3.80060948692377,2.8189785842471
