"","","","","par1","par2"
"cv",20,1,83.6148081736712,-4.9999999999889,-2.18190635450159
"cv",20,2,73.3078059682993,2.69535775608986,-2.29087790153906
"cv",20,3,72.4989911487312,2.29184619891883,-2.2824070500203
"cv",20,4,88.868706845186,2.71884689383248,-2.36086764565601
"cv",40,1,134.930814854621,-4.99999999999843,-2.31588581127088
"cv",40,2,142.296871390094,-4.9999999999924,-2.35458375395644
"cv",40,3,172.273246517837,-4.99999999999872,-2.42032165581736
"cv",40,4,122.258435070206,-4.99999999998596,-2.26493726317099
