"","","","","par1","par2"
"cv",20,1,95.5379418436815,-4.99999998513524,-0.929758037931975
"cv",20,2,95.4358056447508,-4.99999998941768,-0.59679625176304
"cv",20,3,97.143180318779,-4.99999999763474,-1.49297592494308
"cv",20,4,95.604359531616,-4.99999998626098,-1.00535985233253
"cv",40,1,191.831622420697,4.99999999876506,4.99999998953413
"cv",40,2,191.831622562747,4.99999998356075,4.99999997066791
"cv",40,3,191.831622581397,4.99999998748989,4.99999999754276
"cv",40,4,191.831622429226,4.99999999467381,4.99999999724137
