"","","","","par1","par2"
"cv",20,1,55.0222798131451,0.387544315004818,-0.818380055759074
"cv",20,2,59.3369058854559,0.058330236382247,-0.815784802747385
"cv",20,3,75.0977956477363,0.540425674611923,-0.901408724263349
"cv",20,4,75.3234168988806,0.342811836171861,-0.902124150606829
"cv",40,1,123.609912204571,0.793701344463714,-0.852629443216215
"cv",40,2,135.698513385512,0.726927907812976,-0.886429638452681
"cv",40,3,139.139512446477,0.820413069087247,-0.888111288459853
"cv",40,4,133.645685080787,-0.0052919436483434,-0.860281560578203
