"","","","","par1","par2"
"cv",20,1,71.5411923413153,1.35191871807856,-1.7025886431143
"cv",20,2,87.5507074571468,4.9999999999997,-1.78907849832714
"cv",20,3,89.3204839567753,4.99999999999949,-1.76612645908323
"cv",20,4,62.6324290809482,4.99999999999998,-1.58641603221098
"cv",40,1,119.401387326906,4.99999999999863,-1.92760847379745
"cv",40,2,137.451998157506,4.99999999999438,-1.98651824288068
"cv",40,3,137.478923053524,4.99999999999943,-1.98177388760327
"cv",40,4,114.280667957503,4.99999999999954,-1.90251883688771
