"","","","","par1","par2","par3"
"cv",20,1,42.5193405540082,2.29946132180516,-3.31436506939648,-3.91445377750555
"cv",20,2,55.5596661395487,2.27005578231906,-3.24777093958278,-3.81566482265527
"cv",20,3,45.0761220713426,1.89102353038741,-2.78557090379937,-3.43876363717915
"cv",20,4,64.4694129199291,2.72059112382014,-3.44145410063304,-4.25376606444583
"cv",40,1,118.38196999219,1.83500552604764,-2.30371670575511,-3.09613466441388
"cv",40,2,114.139259572259,2.03474500468376,-2.40020711378821,-3.213017237914
"cv",40,3,58.465498853152,2.32155155563588,-2.70911724215599,-3.48396881901947
"cv",40,4,66.2818974909665,-4.99998673527476,-1.70765905902621,-2.70203059899908
