"","","","","par1","par2"
"cv",20,1,24.1987561022819,2.21218282272647,-4.99999999998816
"cv",20,2,73.3909666539666,1.62878561823675,-4.11116644732052
"cv",20,3,38.6442401671131,2.27087033340585,-4.99999999930112
"cv",20,4,1.36997461507332,2.26174575564068,-4.99999999919911
"cv",40,1,32.9154604731692,1.4683537389445,-3.74100406044119
"cv",40,2,64.0992876560592,2.24393175293705,-4.99999999865895
"cv",40,3,57.5090263715591,1.4261444828292,-3.63714951316056
"cv",40,4,44.8821277141962,2.22945011442015,-4.88116658007418
