"","","","","par1","par2"
"cv",20,1,77.8413721457642,4.1122091860007,-4.97488405310376
"cv",20,2,83.9727588372148,3.68177097276423,-4.98031049501151
"cv",20,3,80.8693381207129,4.42044106669614,-4.96262423454492
"cv",20,4,75.2013963153148,4.70643407635067,-4.99303189268938
"cv",40,1,162.163739011007,4.8334178422547,-4.98177018385243
"cv",40,2,152.464020700268,4.81310150419002,-4.99529220464206
"cv",40,3,159.0806332962,4.67771610637551,-4.9990435027124
"cv",40,4,161.467012292504,4.5951253146957,-4.99501216597271
