"","","","","par1","par2"
"cv",20,1,45.4180725551634,-0.21015425922084,-2.1026627165641
"cv",20,2,64.006911538974,-0.164002160051875,-2.1616122922341
"cv",20,3,54.5096054998587,-4.99999999997766,-2.134599761358
"cv",20,4,40.4982636121785,-0.262626893660442,-2.11205618465386
"cv",40,1,145.384787548387,-4.99999999989399,-1.97550500042449
"cv",40,2,94.8788566558299,-0.692385786604659,-1.90260602885813
"cv",40,3,120.400926793078,-0.526248411605329,-1.99084505875921
"cv",40,4,146.117984878149,-4.99999999995288,-1.99218268062359
