"","","","","par1","par2"
"cv",20,1,59.3197962955079,-4.99999999999826,-2.56737843402672
"cv",20,2,46.231111743434,-4.99999999999812,-2.53459838541287
"cv",20,3,52.788881792999,-4.95474041589492,-2.57484145429252
"cv",20,4,52.0841526196463,-4.44024048477161,-2.55006001712927
"cv",40,1,138.603908212946,-4.99999999999931,-2.51323421059525
"cv",40,2,115.146172879309,-4.9999999999944,-2.47969508575305
"cv",40,3,117.534006673606,-4.9999999999994,-2.48250871097659
"cv",40,4,110.027095639224,-4.99999999999878,-2.49047905068856
