"","","","","par1","par2","par3"
"cv",20,1,57.1684270092388,-4.99982475674886,-1.10349434849548,-1.80744184209721
"cv",20,2,81.5018845013924,-4.99997355420502,-1.15985169747729,-1.98618697325871
"cv",20,3,79.7092331604758,-4.99985682748122,-1.20522203737109,-2.02223191049676
"cv",20,4,69.9985524502566,-4.99932648535806,3.7992139272177,3.06033723231009
"cv",40,1,145.247602015522,-4.98519018044535,3.783856797514,3.04154390079323
"cv",40,2,120.342440488666,-4.99709146642526,3.79998982944598,3.12382389222211
"cv",40,3,148.496770396452,-4.99997591418579,3.80010247850672,3.05622329291915
"cv",40,4,151.67595872448,-4.99908189859548,3.80086645102456,3.04075985706325
