"","","","","par1","par2"
"cv",20,1,67.8754993467304,4.99999999999261,-1.97399804716149
"cv",20,2,66.5413202514881,4.99999999999926,-1.96577380294796
"cv",20,3,45.8236945857541,4.99999999999941,-1.9055362464646
"cv",20,4,52.9517042588325,4.99999999999748,-1.90264167105594
"cv",40,1,66.6826567402889,4.99999999999965,-2.16483784748419
"cv",40,2,124.055990165621,4.99999999999934,-2.3043386727667
"cv",40,3,66.0289130052324,4.99999999999981,-2.2013735626307
"cv",40,4,91.0262432987406,4.99999999999957,-2.24640785234233
