"","","","","par1","par2","par3"
"cv",20,1,53.1525456681242,-4.99852515062457,-1.34521240239135,-2.22793840838371
"cv",20,2,51.3579527369801,-4.99991227142701,-1.32806316145614,-2.20494110692673
"cv",20,3,59.7588580048444,-4.99784940829437,-1.24405940434587,-2.14144287443249
"cv",20,4,73.3501205984075,-4.99981319602459,-1.19175897008904,-2.15144345886304
"cv",40,1,138.655037064229,-0.292252093600841,0.920217078800378,-0.0143277479617057
"cv",40,2,99.7357128578334,-0.982044271746381,-0.046435690540519,-0.893496936529881
"cv",40,3,124.597153378713,-0.841438423369329,-0.118175114873186,-1.0187310969422
"cv",40,4,118.471892934187,-0.621097228515233,0.623235765857785,-0.266189368231086
