"","","","","par1","par2"
"cv",20,1,49.566438542069,4.99999999999963,-2.0211569465534
"cv",20,2,65.1031576703532,4.99999999994164,-2.05689345022533
"cv",20,3,70.8981677341426,4.99999999999986,-2.08446873719484
"cv",20,4,117.625921230211,-0.188918783934322,-2.0737889531456
"cv",40,1,115.148239204675,-4.99999999997182,-1.92528453946696
"cv",40,2,148.846874779904,-4.99999999998291,-1.98021183231296
"cv",40,3,120.411072140992,-4.99999999999157,-1.92441131711868
"cv",40,4,152.561862388359,-4.99999999947946,-1.9884891093035
