"","","","","par1","par2"
"cv",20,1,78.2853179175606,0.217676660977304,-4.98999943318045
"cv",20,2,84.2503896987923,-2.88736817459105,-4.99888736298304
"cv",20,3,84.6847734414114,-4.98929629497416,-4.99105851733909
"cv",20,4,86.5090930404714,-2.5287144920448,-4.98020332554657
"cv",40,1,156.531229957624,-1.33674168607397,-4.98092838927179
"cv",40,2,165.804118514594,-2.77097763083977,-4.99633638345921
"cv",40,3,162.540083990069,-1.97254186307314,-4.97989891520866
"cv",40,4,164.285763370301,-1.47560014139464,-4.98286449531075
