"","","","","par1","par2"
"cv",20,1,104.826058017957,4.99999999998024,-0.80058013392524
"cv",20,2,74.6031649255724,4.99999999999873,-0.639108208366648
"cv",20,3,64.0254408032466,4.99999999999958,-0.562687765407224
"cv",20,4,85.6423214598331,-1.91402923469807,-0.689938465781102
"cv",40,1,204.234980759796,4.99999999999983,-0.760037226220223
"cv",40,2,173.365422782696,4.99999999999983,-0.682058305380129
"cv",40,3,139.124569490478,4.99999999999986,-0.576199156033046
"cv",40,4,216.175466091384,-0.518395586554208,-0.571986585739857
