"","","","","par1","par2"
"cv",20,1,95.915810887635,4.99999999237145,4.99999997255986
"cv",20,2,95.9158111948541,4.99999993817029,4.99999998381991
"cv",20,3,95.9158112039466,4.99999998622897,4.99999999803631
"cv",20,4,95.9158111202028,4.99999999891222,4.99999993388767
"cv",40,1,191.83162195603,4.99999999288679,4.99999998063441
"cv",40,2,191.831622080652,4.99999999825129,4.99999999710291
"cv",40,3,191.831621883944,4.99999994675225,4.99999998844956
"cv",40,4,191.831622682058,4.9999999805429,4.99999998064225
