"","","","","par1","par2"
"cv",20,1,69.0074133754765,-4.44413684661088,-2.41116615819676
"cv",20,2,64.0913757581651,-4.84053014575547,-2.39233413595267
"cv",20,3,73.1308004653173,-4.67485549949787,-2.43021423364012
"cv",20,4,52.9124735899152,-4.54288071725066,-2.32395028867212
"cv",40,1,131.170218436343,-4.58829326888188,-2.35701420215666
"cv",40,2,152.506835307731,-3.68559489133087,-2.42891059129872
"cv",40,3,134.90597829652,-4.46086805936106,-2.37238359177209
"cv",40,4,125.975407441725,-4.63832091990256,-2.352568477501
