"","","","","par1","par2"
"cv",20,1,57.5276807543682,0.161093959593149,-0.69474315249404
"cv",20,2,81.0791106881902,0.213432303630805,-0.81646109553068
"cv",20,3,78.9579948163049,0.251939880693035,-0.807485673487192
"cv",20,4,70.0555804517558,-4.99999999999181,-0.73878478480242
"cv",40,1,145.244100802273,-4.99999999999192,-0.742478718811419
"cv",40,2,120.326509066279,-4.99999999998938,-0.67654025214575
"cv",40,3,148.491224377412,-4.9999999999905,-0.743877917483829
"cv",40,4,151.664674051042,-4.99999999999954,-0.759045689794145
