"","","","","par1","par2"
"cv",20,1,34.681763387881,-4.99999999999925,-0.825605504193425
"cv",20,2,78.6499274048275,-4.99999999999314,-1.00343230675329
"cv",20,3,49.7015777588801,-4.99999999999911,-0.890460639663265
"cv",20,4,71.326639045005,-4.9999999999989,-0.987546952493697
"cv",40,1,137.849687386771,-4.99999999999763,-1.06142598167128
"cv",40,2,63.5603976683624,-4.9999999999986,-0.920839954968775
"cv",40,3,98.859317230929,-4.99999999999684,-0.990399957783586
"cv",40,4,105.327621913328,-4.99999999999981,-1.00702096428451
