"","","","","par1","par2"
"cv",20,1,95.9158112518362,4.99999998496721,4.99999998533288
"cv",20,2,95.9158112618202,4.99999998868353,4.99999998430988
"cv",20,3,95.9158111939479,4.99999999170087,4.99999999250645
"cv",20,4,95.9158112407146,4.99999998923558,4.99999999814876
"cv",40,1,191.83162276199,4.99999999954197,4.9999999998293
"cv",40,2,191.831622796183,4.99999999606704,4.9999999878675
"cv",40,3,191.831622651756,4.99999999742201,4.99999998968781
"cv",40,4,191.831622582527,4.99999999814475,4.99999997712328
