"","","","","par1","par2","par3"
"cv",20,1,95.1358672345842,-4.99999678360061,-2.15200126209193,-2.36904009056821
"cv",20,2,95.329703092796,-4.99999326583731,-2.15589949364993,-2.37738973212988
"cv",20,3,83.7745560616405,-4.99997847464075,-1.72662466767639,-1.79089691918197
"cv",20,4,87.704700840772,-4.99998632486191,-2.40419734355167,-2.41407278830952
"cv",40,1,169.803656016481,-4.99997666810019,-1.84753782364717,-2.14645593211277
"cv",40,2,170.137578263847,-4.99996934070206,-1.82586220298449,-2.13207696498451
"cv",40,3,178.569429296993,-4.99991891253508,-1.22272182463941,-1.62646964749791
"cv",40,4,176.186850146225,-4.99996611701233,-1.61643113205344,-2.00497130332834
