"","","","","par1","par2"
"cv",20,1,91.0488998199993,-4.6521006792702,-4.98915307688235
"cv",20,2,84.8060447148648,-0.878749728400919,-4.99654415669854
"cv",20,3,85.8913943563498,-1.63629398628988,-4.92164959431105
"cv",20,4,89.1613634346173,-0.571455408642125,-4.97906695948561
"cv",40,1,165.532771798759,-2.74167494724535,-4.99235998322504
"cv",40,2,171.073898402583,-0.428887645916297,-4.99604558050919
"cv",40,3,164.487356637099,-2.36943794057916,-4.98549186250796
"cv",40,4,167.438436286357,-0.242626222195265,-4.99003493359174
