"","","","","par1","par2"
"cv",20,1,74.6803854221428,-4.99999999998779,-1.67863799343142
"cv",20,2,80.688757014346,-4.9999999999965,-1.71061952715022
"cv",20,3,67.5950132560955,-4.99999999999417,-1.63379134689842
"cv",20,4,87.3558158747132,-4.99999999998808,-1.78598137112409
"cv",40,1,155.054765986731,-4.99999999998331,-1.7339443319629
"cv",40,2,162.715930012529,-4.99999999999926,-1.75584331177405
"cv",40,3,160.074237586561,-4.99999999999008,-1.76929266588319
"cv",40,4,144.797511175832,-4.99999999999061,-1.67537317233741
