"","","","","par1","par2"
"cv",20,1,84.8326342096274,0.207498079742102,-1.54355810756701
"cv",20,2,87.2752640172404,0.117870742324085,-1.56603620233469
"cv",20,3,83.2067536165327,0.641336718996929,-1.5004053220054
"cv",20,4,80.5048715634843,0.265940979831546,-1.50267763502218
"cv",40,1,140.475924629406,-4.99999999999948,-1.73824124953026
"cv",40,2,149.661899554372,-4.99999999999975,-1.79464155505585
"cv",40,3,153.839014214188,-4.99999999999607,-1.80213739744093
"cv",40,4,169.438652726715,-4.99999999999263,-1.84327527994503
