"","","","","par1","par2"
"cv",20,1,78.9711465444037,2.52283326217224,-4.99999999984416
"cv",20,2,93.2974793906372,1.29354636410501,-3.20563572293493
"cv",20,3,97.66496068798,1.1973096939748,-3.11667161841362
"cv",20,4,80.6760375857414,1.01989495527323,-2.97402506044392
"cv",40,1,94.6106721044364,1.85321857861822,-3.93292246904626
"cv",40,2,96.0093252699152,1.32884661185912,-3.16446052008222
"cv",40,3,101.513010921299,1.30008630905655,-3.12398834698356
"cv",40,4,88.5386552691601,1.19530149678563,-3.11965681299105
