"","","","","par1","par2"
"cv",20,1,55.3675338299477,-4.99999999999318,-0.551409766540439
"cv",20,2,78.1002896436218,-4.99999999999142,-0.701587409971874
"cv",20,3,94.1871966360542,-4.99999999999265,-0.787379499735309
"cv",20,4,73.4890003720903,-4.99999999999827,-0.687456460869938
"cv",40,1,163.257098487035,-4.99999999999194,-0.487357233623885
"cv",40,2,149.380530902299,-4.99999999999757,-0.41420158259305
"cv",40,3,185.439517269752,-4.99999999999655,-0.571267780392952
"cv",40,4,162.677341234939,-4.99999999999514,-0.482513044091955
