"","","","","par1","par2"
"cv",20,1,66.9553193857012,-4.99999999998792,-1.68083629679523
"cv",20,2,71.7867384444316,-4.99999999999182,-1.6869116074473
"cv",20,3,72.5915045083824,-4.99999999999091,-1.7505483453298
"cv",20,4,92.4325438575844,-4.99999999997863,-1.87263909472526
"cv",40,1,148.158494372063,-4.9999999999912,-1.70605672108761
"cv",40,2,147.347307518019,-4.9999999999861,-1.69565167533958
"cv",40,3,170.629768301364,-4.99999999999004,-1.75177480411381
"cv",40,4,147.809913993661,-4.99999999999057,-1.72276875803486
