"","","","","par1","par2"
"cv",20,1,95.0975015730179,2.3898634779228,-4.99999999999572
"cv",20,2,100.129473987687,2.27073187734504,-4.99999999996787
"cv",20,3,98.2482152673316,2.32316569170344,-4.99999999998571
"cv",20,4,95.9157427363641,4.99999995315115,4.9999999683793
"cv",40,1,191.831622640355,4.99999999628178,4.99999999168289
"cv",40,2,191.83162262377,4.9999999946961,4.99999999062279
"cv",40,3,191.831622080863,4.9999999956105,4.99999999167352
"cv",40,4,191.831622521873,4.99999998689272,4.99999999531171
