"","","","","par1","par2"
"cv",20,1,104.585292465086,0.420326412604971,-1.87196613459499
"cv",20,2,66.5092595634003,0.66698041775862,-1.5318683263271
"cv",20,3,79.3197301206583,-4.99999999999436,-1.63721260267812
"cv",20,4,80.6956984917961,0.462631245086882,-1.67893750707029
"cv",40,1,155.160003480592,0.199024733556632,-1.84794155334841
"cv",40,2,139.249727296695,0.513738493124488,-1.79303256738759
"cv",40,3,138.108248235806,0.302174228683243,-1.79031051556444
"cv",40,4,175.426108271434,0.176686879622335,-1.91886639464837
