"","","","","par1","par2","par3"
"cv",20,1,34.6630363613214,-4.99455496355399,3.81135631007449,2.97413942372105
"cv",20,2,78.6532753313636,-4.99991178182663,3.79984899105169,2.79633473107581
"cv",20,3,49.7060978899578,-4.98506426326423,3.67772268020578,2.78747478989238
"cv",20,4,71.3325673397091,-4.98993526182878,3.799640840492,2.81182060623955
"cv",40,1,137.871425046535,-4.99822608484574,3.80550977158353,2.73862278007596
"cv",40,2,63.5432258378599,-4.99820552588572,3.80113619961949,2.87917030792809
"cv",40,3,98.8587283525377,-4.98552296438947,3.79864200348936,2.80717280449353
"cv",40,4,105.329565804069,-4.99784356353385,3.80109591879054,2.79353680650246
