"","","","","par1","par2"
"cv",20,1,95.9158112093182,4.99999998983977,4.99999998260649
"cv",20,2,95.9158111897776,4.99999999901508,4.99999999361894
"cv",20,3,95.9158111951238,4.99999999577512,4.99999996936704
"cv",20,4,95.9158111105956,4.99999999542709,4.99999996874949
"cv",40,1,191.831622551515,4.9999999941673,4.99999999913682
"cv",40,2,191.831622688155,4.99999999715363,4.99999997453148
"cv",40,3,191.831622718048,4.99999999484748,4.99999997777311
"cv",40,4,191.831622772622,4.99999997978293,4.99999999862428
