"","","","","par1","par2"
"cv",20,1,45.9721372546009,-0.798627060452814,-2.28714176209762
"cv",20,2,82.1887674929448,-0.356177820279822,-2.43562409563848
"cv",20,3,49.9432102826997,-0.579084718704931,-2.25716344110615
"cv",20,4,95.1728282980593,-0.521337172001346,-2.53036311681302
"cv",40,1,71.2088589856074,-0.229823853236882,-2.57624228656587
"cv",40,2,177.823029384538,1.08722668483036,-4.9999999984542
"cv",40,3,96.4432512423731,0.170067551004606,-2.64227084487
"cv",40,4,93.2265601613999,-0.214899693239279,-2.63377023219772
