"","","","","par1","par2"
"cv",20,1,55.272751460848,-4.99999999999031,-1.04234859662685
"cv",20,2,41.1758898695459,0.0629613928559631,-1.01496581919513
"cv",20,3,47.1361068970514,0.152345463207136,-1.04066105795081
"cv",20,4,56.841585264465,0.154900598062231,-1.08955692518147
"cv",40,1,134.760807633137,-4.99999999999315,-1.17084781252788
"cv",40,2,63.432311871385,-2.0231341477265,-1.03088740719304
"cv",40,3,71.404190722969,-1.84360032126498,-1.04000008354899
"cv",40,4,90.8471561977663,-1.28362960184582,-1.07991786083023
