"","","","","par1","par2"
"cv",20,1,81.4985762659669,-1.21950664248735,-4.9918638067723
"cv",20,2,87.1923327373225,-4.68017826534753,-4.9883946280849
"cv",20,3,85.9827815507662,-3.59988422947276,-4.97300230666965
"cv",20,4,86.3884281498969,-2.74700167280348,-4.98283063327562
"cv",40,1,179.600772481169,-4.670705297095,-4.99902970045507
"cv",40,2,176.941268929305,-1.93389884840474,-4.98870064153895
"cv",40,3,169.416206812515,-4.73389352257316,-4.98899063354205
"cv",40,4,161.422842663205,-0.928069995636711,-4.97236310011374
