"","","","","par1","par2"
"cv",20,1,66.2239986243413,-4.99999999999575,-0.952009051952488
"cv",20,2,42.5853380488193,-4.9999999999882,-0.856585582026575
"cv",20,3,60.7582409356173,-4.99999999999743,-0.932638235370672
"cv",20,4,58.2248200177452,-4.99999999999886,-0.918962273153178
"cv",40,1,114.361322292967,-4.99999999999616,-0.783285303476369
"cv",40,2,130.60744216112,-4.99999999999191,-0.819818295899051
"cv",40,3,137.140277056863,-4.99999999996597,-0.834377495837096
"cv",40,4,138.488055460473,-4.99999999999508,-0.835095521475255
