"","","","","par1","par2"
"cv",20,1,56.7315605026738,-4.9679322727802,-2.39230155619147
"cv",20,2,57.6777180867479,-4.9999999999187,-2.40486459545422
"cv",20,3,69.458510565564,-4.99999999999861,-2.42810700072489
"cv",20,4,65.76494809627,-2.19480645097649,-2.45456191767685
"cv",40,1,123.332117923605,-4.99999999999852,-2.41419656748143
"cv",40,2,105.625944893307,-4.99999999998711,-2.3859892665413
"cv",40,3,145.348656179456,-4.96544024056719,-2.49668413108269
"cv",40,4,127.467004236312,-4.91068154895941,-2.45067371483176
