"","","","","par1","par2"
"cv",20,1,84.8420182096754,-0.438400149075308,-4.99241090469426
"cv",20,2,91.8865347988633,-1.43508938251254,-4.99963961553317
"cv",20,3,88.3717599018479,-1.69417802640148,-4.99479156613309
"cv",20,4,85.802493317032,-3.77970548222557,-4.99539936549005
"cv",40,1,171.926615151406,-0.374590877984338,-4.98558602772821
"cv",40,2,173.780653840642,-0.43333199857986,-4.97828237560617
"cv",40,3,172.877672446253,-1.03859203124869,-4.9989806808237
"cv",40,4,165.957591207026,-0.71286116754246,-4.99428405533617
