"","","","","par1","par2"
"cv",20,1,95.9111276828341,4.99999999988565,-4.99999999474533
"cv",20,2,96.0692058557348,-4.99999992760892,-0.0921146354513925
"cv",20,3,95.9277317088093,4.47001046348144,-4.99999998441617
"cv",20,4,95.9075143761788,4.99999999197542,-4.99999999945063
"cv",40,1,191.856730312707,4.9999999981274,-4.99999999672497
"cv",40,2,191.831620698541,4.99999997305012,4.99999997800596
"cv",40,3,191.831621790812,4.99999999027392,4.9999999684106
"cv",40,4,191.835878279044,4.99999999485392,-4.99999798397362
