"","","","","par1","par2"
"cv",20,1,90.9208971998955,-4.99999999999013,-1.76421177429359
"cv",20,2,73.3569548759526,-4.99999999997583,-1.56228369597098
"cv",20,3,78.5328070128367,-4.99999999999796,-1.61713370885849
"cv",20,4,83.6518421078075,-4.99999999998943,-1.67723249088593
"cv",40,1,135.072939525237,-1.43814960694928,-1.74505521113931
"cv",40,2,155.23400530639,-1.37812481152378,-1.77669322436632
"cv",40,3,145.855689512749,-0.618092582500307,-1.77475504459747
"cv",40,4,161.176096281187,-0.636098672013483,-1.81080289328232
