"","","","","par1","par2","par3"
"cv",20,1,106.2235917885,-4.99999640062909,-1.85544647090637,-2.76903025980357
"cv",20,2,69.7752580218745,-4.99980447934682,-1.9987635282594,-2.70719296205854
"cv",20,3,56.8251403774739,-4.99999996526494,-1.99528011178025,-2.61900249212953
"cv",20,4,65.3652237725366,-4.99835980835223,-1.17867733092656,-1.87305610346748
"cv",40,1,191.929060976338,1.56237067804913,-2.58373928647844,-3.19662580978077
"cv",40,2,168.446537075421,1.6066687739154,-2.80391840500736,-3.28438808143979
"cv",40,3,145.118445227264,1.51888171768369,-3.05319542044893,-3.35113310763206
"cv",40,4,96.2011477502768,-4.99992153679713,-1.64057401335026,-2.2183891563795
