"","","","","par1","par2"
"cv",20,1,95.9158112243429,4.99999998826971,4.99999995716471
"cv",20,2,95.9158113384959,4.99999999771373,4.99999998780176
"cv",20,3,95.9158111786776,4.99999999538693,4.99999996714895
"cv",20,4,95.91581113876,4.99999999485794,4.99999998545181
"cv",40,1,191.831622820731,4.99999998069944,4.99999998625946
"cv",40,2,191.831622630175,4.99999999287074,4.99999998210719
"cv",40,3,191.831622673642,4.99999999699593,4.99999998929929
"cv",40,4,191.831622526106,4.99999999884619,4.99999997310743
