"","","","","par1","par2"
"cv",20,1,83.1327757578257,-3.0127026022952,-4.99897376277069
"cv",20,2,85.2275480968927,-4.37862502999546,-4.98432459002994
"cv",20,3,78.461103808837,0.288546523019041,-4.99604457919516
"cv",20,4,87.640535090685,-0.0475618006128868,-4.9673638928733
"cv",40,1,156.464167203318,-1.85503525696631,-4.98760421644666
"cv",40,2,171.971559445582,-3.65100240343345,-4.9956778481977
"cv",40,3,155.455963122616,-0.83612219445928,-4.99769903130152
"cv",40,4,153.70432163042,0.612719200786554,-4.99685981793462
