"","","","","par1","par2"
"cv",20,1,81.7234729965806,-4.99999999999734,-2.24161791304368
"cv",20,2,76.8968420958512,-0.953658214223287,-2.20316958011245
"cv",20,3,73.2015679594923,-4.99999999999214,-2.18023418542708
"cv",20,4,73.7545284513933,-0.876181415668424,-2.18851230492995
"cv",40,1,153.288827148273,-3.09868717840189,-2.33389366379991
"cv",40,2,140.914741504265,-4.99999999999529,-2.29169642439475
"cv",40,3,152.082220622533,-4.99999999999917,-2.31887748808569
"cv",40,4,139.975139064634,-4.99999999999275,-2.2886297204234
