"","","","","par1","par2"
"cv",20,1,79.4065759811424,4.10450910482217,-4.99586360116374
"cv",20,2,85.4791508783575,3.93829691168108,-4.98950829976143
"cv",20,3,80.6970898160162,3.98242450641577,-4.99146395861997
"cv",20,4,86.4948172719363,4.43400371533101,-4.98756935214095
"cv",40,1,162.930699348027,4.90980740923973,-4.99540325624465
"cv",40,2,150.537277310239,4.88242120409682,-4.99607308336329
"cv",40,3,170.771873268073,4.27643558585521,-4.99490868351634
"cv",40,4,165.096161175683,4.6457704432464,-4.99002388577188
