"","","","","par1","par2"
"cv",20,1,98.758024774623,2.29278639568631,-4.9999999999584
"cv",20,2,98.362071518593,2.26302822400184,-4.99999999999814
"cv",20,3,31.5997766031474,2.39973219925532,-4.99999999999286
"cv",20,4,59.2132945180243,2.47613044921795,-4.99999999997221
"cv",40,1,191.900565294956,2.30517319879352,-4.99999999994022
"cv",40,2,196.643420919907,2.09518806127788,-4.66516884470948
"cv",40,3,109.290051068008,2.48807645382052,-4.99999999750379
"cv",40,4,36.3027992771071,2.40917200376709,-4.99999999991419
