"","","","","par1","par2"
"cv",20,1,50.8402153855053,-4.79795603396845,-2.5446091298227
"cv",20,2,45.7674983488428,-4.99999999996821,-2.54274065548994
"cv",20,3,59.6699680933078,-4.9999999999877,-2.58274012784904
"cv",20,4,48.4028271817511,-4.99999999999661,-2.53213134910336
"cv",40,1,105.997571688207,-4.91478458540538,-2.51533368346239
"cv",40,2,123.83086228499,-4.90030994348364,-2.57717839599969
"cv",40,3,111.300612578551,-4.8048481472447,-2.55737894585971
"cv",40,4,98.7741178399558,-4.99999999999286,-2.52916804054834
