"","","","","par1","par2"
"cv",20,1,67.4147951010654,-4.99999999998941,-0.902206389627101
"cv",20,2,59.0758585378273,-4.99999999985282,-0.867327959937363
"cv",20,3,68.8404444522258,-4.99999999999981,-0.904034537677123
"cv",20,4,48.6382628755139,-4.99999999999965,-0.816882307751669
"cv",40,1,123.575356864744,-4.99999999999822,-0.789541942172695
"cv",40,2,148.455903547285,-4.99999999999882,-0.847241705672063
"cv",40,3,128.517685708954,-4.99999999999572,-0.803546498871138
"cv",40,4,120.632939463957,-4.99999999999029,-0.785759699618185
