"","","","","par1","par2"
"cv",20,1,46.2226456768149,-0.0935861217557154,-2.47902114545474
"cv",20,2,65.9790320746569,-0.218396754940295,-2.56973909058671
"cv",20,3,85.0744968245419,0.202080684538884,-2.65914545046396
"cv",20,4,27.7888948263613,-0.527155197655777,-2.36238577009246
"cv",40,1,109.581676963211,0.491321152767897,-2.6504842683467
"cv",40,2,111.137397404549,0.38862544026148,-2.66055290313164
"cv",40,3,79.1047381138465,-0.826890602590361,-2.61606510760741
"cv",40,4,94.5741645575739,-0.514412337230476,-2.65452046575801
