"","","","","par1","par2","par3"
"cv",20,1,55.6550682920597,-2.07451316653208,0.0304753865138525,-0.943799933621512
"cv",20,2,54.409595869041,-2.2265765604017,-0.184816165485717,-1.15499367537861
"cv",20,3,50.6176654292133,-4.99671397981719,3.79376455937728,2.83836876781079
"cv",20,4,54.6627787514165,-1.53086855898576,0.325308586929711,-0.634566587179994
"cv",40,1,129.040701902124,-4.99981140075838,3.80280142915027,2.89754414879982
"cv",40,2,135.305204000614,-4.99999220292524,3.80073488407651,2.8862781911291
"cv",40,3,108.875910273334,-4.99981991101727,3.79902809220531,2.93748720459008
"cv",40,4,102.158687623797,-4.99942038186576,3.78397565880078,2.9352181879807
