"","","","","par1","par2","par3"
"cv",20,1,43.5647602283502,-4.99758869257857,3.80020720722571,2.9120208415371
"cv",20,2,71.6897665499024,-4.98502533776997,3.8010044107318,2.80151236211035
"cv",20,3,51.7841338801955,-4.99736112892337,3.82966105212434,2.88195037784236
"cv",20,4,58.7904552485063,-4.99704070932567,3.86148234632191,2.85375219506439
"cv",40,1,141.200512370793,-0.021625144948512,0.658431513539863,-0.165712803180865
"cv",40,2,138.790744738908,-0.319702574057341,3.9587077174465,2.98675846281303
"cv",40,3,150.276551960395,-0.172794911962874,1.18246657584485,0.344255117080479
"cv",40,4,112.002593121285,-1.42373685082859,1.31226872384713,0.587221906369082
