"","","","","par1","par2","par3"
"cv",20,1,51.8350297961432,-4.9999234587402,-0.857127670794281,-1.65304396655124
"cv",20,2,53.3381941521152,-4.99853994019925,-0.857760860600644,-1.65929098513282
"cv",20,3,76.7064761095471,-4.99614052081409,-1.05862711190542,-1.96203789221766
"cv",20,4,76.0370386528718,-4.99692656383184,3.82176922337086,2.92034928574185
"cv",40,1,153.175034165332,0.123106277189737,1.42369523999188,0.471456264517572
"cv",40,2,88.3305607545761,-0.765310410199367,-0.517563068907002,-1.32379209144035
"cv",40,3,132.750829824103,-1.30708700861258,3.80003320988224,2.90971597648699
"cv",40,4,127.703523085776,-0.181795120539582,0.0405637257292106,-0.867123622285327
