"","","","","par1","par2"
"cv",20,1,82.4423307929624,4.36304388359976,-4.95394414412264
"cv",20,2,79.8932299562829,4.07448026076171,-4.99284698479983
"cv",20,3,94.1617743662181,4.97056814650419,-4.98717280380972
"cv",20,4,90.2842871807577,4.20262775312019,-4.97439084133158
"cv",40,1,155.694599513615,4.62562563551082,-4.98982571419751
"cv",40,2,166.863644645318,4.72375067317747,-4.98814899622559
"cv",40,3,168.067635930862,4.8050285147503,-4.99910081424551
"cv",40,4,173.875138164955,4.95263055720168,-4.99986488519285
