"","","","","par1","par2"
"cv",20,1,70.2022880954316,0.0578270884661181,-0.754662387265906
"cv",20,2,72.8699740139215,-0.0341843897110438,-0.766787306413705
"cv",20,3,65.4101152783391,0.405652638012818,-0.721284412030014
"cv",20,4,75.9575876774739,0.109789666081761,-0.777613192763864
"cv",40,1,122.628757723383,0.463615450735273,-0.897846963852293
"cv",40,2,117.092850853245,0.796408469824264,-0.89680393045646
"cv",40,3,119.649055188244,0.64461517894775,-0.898744751680767
"cv",40,4,135.046540270475,0.756088788793268,-0.936576586496496
