"","","","","par1","par2"
"cv",20,1,65.1191590780264,-4.99999999999778,-2.16038430169266
"cv",20,2,79.1851484125215,-4.99999999998552,-2.24875191382591
"cv",20,3,78.1190744067222,-3.92278776831009,-2.27120936179445
"cv",20,4,76.8897017552033,-4.99999999999846,-2.24621904226055
"cv",40,1,167.541246738024,-4.99999999999927,-2.3864109524811
"cv",40,2,135.011324445603,-4.99999999999963,-2.26799746415578
"cv",40,3,150.514115484929,-4.99999999999944,-2.34092256151286
"cv",40,4,126.109231674633,-4.99999999999904,-2.26855611613903
