"","","","","par1","par2"
"cv",20,1,78.6799438166033,0.123605781022362,-1.73915910351868
"cv",20,2,78.2041242633003,0.447101075756122,-1.73121773337
"cv",20,3,73.1279712587832,0.754971200188346,-1.67834918154222
"cv",20,4,71.9020286331908,0.669589666720799,-1.69373777957799
"cv",40,1,150.867091891716,-4.99999999990966,-1.87494501213949
"cv",40,2,139.196527701283,-4.9999999999975,-1.83364738802927
"cv",40,3,150.847090070235,-4.9999999999882,-1.85545091710514
"cv",40,4,137.62277603265,-4.99999999996767,-1.82467565217125
