"","","","","par1","par2","par3"
"cv",20,1,74.7030439481455,-4.9956214452668,3.78527026059221,3.16902654689878
"cv",20,2,80.9678043343985,-4.99995824800621,3.79986313507573,3.14734354385313
"cv",20,3,67.3932097419885,-4.99917745083429,3.80040174105827,3.2393510227507
"cv",20,4,84.2030385600799,-4.99876048324811,3.79782609272815,3.12454777935045
"cv",40,1,153.622928236528,-4.99767505252696,3.7994467401582,3.18127662657924
"cv",40,2,162.633669156148,-4.99818200429481,3.80128262913486,3.14959097065885
"cv",40,3,156.523179767765,-4.99915436194082,3.79732729540479,3.16859862089699
"cv",40,4,142.979197692123,-4.99366935483982,3.79041521891936,3.20998237838528
