"","","","","par1","par2"
"cv",20,1,78.0732360834053,0.0841305738550454,-0.714003952401267
"cv",20,2,76.5407319326327,0.315899433882279,-0.699804752245499
"cv",20,3,72.105496602436,0.704877772902443,-0.673344252070636
"cv",20,4,71.2486182225335,0.558137130138164,-0.676200447775336
"cv",40,1,148.873326389531,-1.08026369708002,-0.746894675405673
"cv",40,2,136.214580789845,-4.9999999999961,-0.714244158907818
"cv",40,3,147.47852281881,-4.99999999999684,-0.74141825931721
"cv",40,4,135.946262786697,-1.40697142060851,-0.717767392805945
