"","","","","par1","par2"
"cv",20,1,110.003245378024,-1.49012212564743,-2.46855709035172
"cv",20,2,71.5554965760301,-1.40314597772831,-2.26422140684728
"cv",20,3,59.5170577620178,-1.25903068135687,-2.194528933768
"cv",20,4,81.6760976587265,-4.99999999999877,-2.18516402496212
"cv",40,1,209.747687322682,-0.455327684032169,-2.50522587204507
"cv",40,2,170.546227901212,-0.384080158578418,-2.40886593550474
"cv",40,3,131.324624721315,-0.377086066073618,-2.29755111855779
"cv",40,4,108.728156134818,-1.49661113332873,-2.13558486431969
