"","","","","par1","par2"
"cv",20,1,95.4367031087001,-2.37743963536371,-1.85537758727585
"cv",20,2,96.4938903328136,-2.35524113745079,-1.88328087098233
"cv",20,3,84.6343062851799,-3.18788119174196,-1.62124827151057
"cv",20,4,86.2635507252314,-2.13712516268202,-1.67426181587881
"cv",40,1,166.454369597954,-2.4913847953409,-1.94213866577194
"cv",40,2,168.282222847427,-2.50793294120207,-1.93252558197893
"cv",40,3,175.843702618546,-3.50136731342148,-1.99490343228097
"cv",40,4,178.136694300664,-2.56011271910423,-2.01727936270016
