"","","","","par1","par2"
"cv",20,1,91.1941888065301,-4.99999999996425,-1.43496936013922
"cv",20,2,83.447106579379,4.99999999998524,-1.32431894223213
"cv",20,3,84.760399815764,4.99999999999172,-1.32821702385808
"cv",20,4,99.2831401563258,4.99999999999493,-1.47778882932059
"cv",40,1,174.024326772617,-4.99999999994128,-1.49859976379661
"cv",40,2,175.542590054,-0.212824985398523,-1.53488627467518
"cv",40,3,175.399565754245,-0.313551500421436,-1.52547518601456
"cv",40,4,174.449785577527,-0.256402433127954,-1.50565623603546
