"","","","","par1","par2"
"cv",20,1,95.9158111551722,4.99999999148925,4.99999999598728
"cv",20,2,95.9158111826596,4.99999999137132,4.99999998661943
"cv",20,3,95.9158112413068,4.99999998248871,4.99999999446324
"cv",20,4,95.9158113275559,4.99999998971868,4.99999999571359
"cv",40,1,191.831622472168,4.99999999269461,4.99999998372026
"cv",40,2,191.831622853071,4.99999998939515,4.99999998728659
"cv",40,3,191.831622597962,4.9999999910055,4.99999998973309
"cv",40,4,191.831622764846,4.99999999721223,4.99999994799027
