"","","","","par1","par2"
"cv",20,1,81.5219004366558,1.28846848014128,-0.820437930970843
"cv",20,2,62.7025730748966,1.18717723357409,-0.709661699253936
"cv",20,3,69.2416183393926,1.32703688976702,-0.749246485545813
"cv",20,4,68.2286663052392,1.5206807841939,-0.733904203845658
"cv",40,1,155.580647350361,1.36725968825767,-0.654058927853996
"cv",40,2,151.916472306737,1.15240096897628,-0.647181869379439
"cv",40,3,149.595486103544,1.0740661574306,-0.649738106540218
"cv",40,4,155.345697113988,1.31140939622725,-0.657159091353696
