"","","","","par1","par2"
"cv",20,1,78.1508651828803,-4.99999999999901,-2.07430619201565
"cv",20,2,54.8196699368784,-4.99999999999371,-1.97636694421814
"cv",20,3,68.5475013358473,-4.99999999999078,-2.04867849405515
"cv",20,4,57.3571691315251,-4.99999999999477,-1.98599418490585
"cv",40,1,145.949686296404,-4.99999999995918,-2.01715216650365
"cv",40,2,127.253489457272,-2.5435551631105,-2.01287362981911
"cv",40,3,107.473944554976,-2.82650074164657,-1.93472299296862
"cv",40,4,132.040863554633,-2.42922025305192,-1.99927490333997
