"","","","","par1","par2"
"cv",20,1,81.3888568238476,0.146819950784637,-2.36910700790979
"cv",20,2,64.3628669236229,-0.380445456432556,-2.25304732747327
"cv",20,3,69.5254242838211,0.0401580441842183,-2.30033440923849
"cv",20,4,69.4889641242049,-0.0382964153757304,-2.27907520886604
"cv",40,1,157.371750995013,0.248695663576295,-2.25233199642853
"cv",40,2,152.15417739013,0.124556427788143,-2.21328343629195
"cv",40,3,150.771530204199,-0.202171093843393,-2.22702331741146
"cv",40,4,158.147109611679,0.0536546208689518,-2.25135869056646
