"","","","","par1","par2"
"cv",20,1,95.9047062197878,-4.99999999229016,-1.14733483325852
"cv",20,2,96.2223283143202,-4.99999999607503,-1.35141882601706
"cv",20,3,95.9158106060405,4.99999992806013,4.99999997237376
"cv",20,4,96.1057576840412,-4.99999999704446,-1.26616309752935
"cv",40,1,191.831622382991,4.99999999129454,4.99999999854676
"cv",40,2,191.831622584374,4.99999999865623,4.99999999943811
"cv",40,3,191.83162265449,4.99999999992689,4.99999998944507
"cv",40,4,191.831622599679,4.99999998834072,4.99999998856648
