"","","","","par1","par2"
"cv",20,1,41.7581230555509,-4.99999999999206,-1.77517623723588
"cv",20,2,81.0347192917424,-4.99999999999435,-1.94160041745417
"cv",20,3,66.6471317244268,-4.99999999999706,-1.88535004948591
"cv",20,4,69.4457393184717,-4.99999999999592,-1.84612141304374
"cv",40,1,106.971710242818,-4.9999999999544,-1.96699979259686
"cv",40,2,142.030341094952,-4.99999999999601,-2.05246012058475
"cv",40,3,122.671118076175,-4.99999999999939,-1.98086295369163
"cv",40,4,135.208365948458,-4.99999999998494,-2.02015506194183
