"","","","","par1","par2"
"cv",20,1,78.3582072294129,-0.416738146696324,-4.99794280066966
"cv",20,2,77.0021377171873,-2.12937675012591,-4.99097213935493
"cv",20,3,83.5806111980341,-0.741717428913237,-4.99149318459237
"cv",20,4,81.5424563532838,-4.12762429261879,-4.99558487062709
"cv",40,1,161.826584474586,-0.835329577487266,-4.98603258707478
"cv",40,2,161.539063711501,-4.33535628858045,-4.98370812409059
"cv",40,3,157.355031445345,-0.876876251084062,-4.98122368642283
"cv",40,4,156.347353756007,-2.8525457294947,-4.97878115884551
