"","","","","par1","par2"
"cv",20,1,51.7072434413548,-4.999999999993,-1.95115235827177
"cv",20,2,75.1350136910833,-4.99999999999887,-2.05500448216595
"cv",20,3,66.6924743578899,-4.99999999998124,-2.02771245544723
"cv",20,4,33.3370508022568,-4.99999999998528,-1.93116862774095
"cv",40,1,79.6613592331285,-4.99999999995273,-2.12959681305146
"cv",40,2,100.931546795725,-4.99999999997099,-2.1647487818039
"cv",40,3,93.4065751438058,-4.99999999997487,-2.15846356928159
"cv",40,4,108.723032773216,-4.99999999999068,-2.18405993703953
