"","","","","par1","par2"
"cv",20,1,80.2308945070052,-4.99999999998814,-1.40543514526434
"cv",20,2,91.1122110602045,-4.99999999998849,-1.5612968658331
"cv",20,3,90.1083745920293,-4.99999999997365,-1.54050746716353
"cv",20,4,76.1317346981252,-4.99999999997697,-1.39251498860261
"cv",40,1,133.740878710242,-4.99999999998011,-1.80465275048288
"cv",40,2,130.223901668456,-4.99999999999042,-1.75876309897531
"cv",40,3,180.207503677905,-4.99999999999707,-1.93737896643913
"cv",40,4,143.526443723078,-4.99999999993504,-1.81066727874654
