"","","","","par1","par2","par3"
"cv",20,1,55.3775097704417,-4.9932504517121,3.79871989068185,3.24757648072751
"cv",20,2,78.1024179457883,-4.99973708721774,3.80005441512007,3.09855840449185
"cv",20,3,94.1948192367517,-4.99903216078285,3.80002665594683,3.01240130697016
"cv",20,4,73.4903415968123,-4.99999915185484,3.79820331319516,3.11067066408298
"cv",40,1,163.260988695913,-4.9999342260743,3.80016375325095,3.3128799583943
"cv",40,2,149.386183066673,-4.99976410375793,3.80079628354197,3.38619848902594
"cv",40,3,185.433868264234,-4.9997243106701,3.80118246445778,3.22942426066592
"cv",40,4,162.682547908294,-4.99995018788581,3.80067341155918,3.31799275778956
