"","","","","par1","par2"
"cv",20,1,78.3297832192488,-2.42564696023269,-4.99106683895141
"cv",20,2,81.1379777428584,-3.3544205225297,-4.99522693220083
"cv",20,3,86.8677665593131,-3.19128294801637,-4.91090295300409
"cv",20,4,86.5794158673807,-2.16425609461537,-4.98774190119758
"cv",40,1,165.062523472252,-2.25906510363034,-4.98946379883292
"cv",40,2,149.928624985224,-0.922978131898851,-4.99553449869897
"cv",40,3,172.204283994479,-2.93422280768391,-4.9977071733981
"cv",40,4,167.681046087045,-3.0523026897227,-4.98854874357741
