"","","","","par1","par2"
"cv",20,1,61.0826722493938,-4.99999999999767,-2.32897773708959
"cv",20,2,71.3650186952024,-4.99999999999013,-2.35964638438055
"cv",20,3,76.8733423223355,-4.99999999999911,-2.38436136459831
"cv",20,4,72.138706718317,-4.99999999999335,-2.36181987005449
"cv",40,1,171.725051313607,-4.5608813434223,-2.29074260135342
"cv",40,2,165.107650107379,-4.86483912860411,-2.277737856877
"cv",40,3,154.235927327038,-1.8821902777087,-2.2266003846318
"cv",40,4,133.867271841269,-4.95933437775253,-2.15925083952567
