"","","","","par1","par2"
"cv",20,1,50.0296357521698,1.15004636308807,-1.91390607242399
"cv",20,2,66.6056127113225,1.22383895422153,-2.0752422139954
"cv",20,3,53.0935661474203,1.40058427126902,-1.95040333588848
"cv",20,4,69.9177756936009,1.33937795702646,-2.04300281485882
"cv",40,1,107.559202843365,4.99999999999965,-2.0707925303749
"cv",40,2,74.7490407976392,4.99999999999855,-1.97900294306133
"cv",40,3,141.632703139221,4.99999999999949,-2.17128935437443
"cv",40,4,118.740212893786,4.99999999999762,-2.10370189665489
