"","","","","par1","par2"
"cv",20,1,60.0309209647175,0.479904083663816,-3.09760766200526
"cv",20,2,95.0741117421825,0.872508556749543,-3.60050704282483
"cv",20,3,56.659594315518,0.172324150762863,-2.90215320171429
"cv",20,4,97.7848803134965,1.79091287539542,-4.99999999997562
"cv",40,1,136.530636448199,0.974639111023124,-3.93961184897702
"cv",40,2,102.373486148891,1.04116438470078,-3.72045718191372
"cv",40,3,155.60572160609,1.29392488627179,-4.00338653570592
"cv",40,4,115.455692984719,1.26680145238798,-4.18949488570648
