"","","","","par1","par2"
"cv",20,1,95.9158113858611,4.9999999941332,4.99999999912413
"cv",20,2,95.9158112206168,4.99999999448483,4.9999999981527
"cv",20,3,95.9158112253829,4.99999999248135,4.9999999941244
"cv",20,4,95.9158113183178,4.99999999250408,4.99999999225599
"cv",40,1,191.831622547066,4.99999999270879,4.99999998565502
"cv",40,2,191.831622434877,4.99999998329789,4.99999999863242
"cv",40,3,191.831622750195,4.99999998633673,4.99999998040748
"cv",40,4,191.831621653443,4.99999998372479,4.99999998733916
