"","","","","par1","par2"
"cv",20,1,67.0084498068654,4.99999999999978,-1.90630443043372
"cv",20,2,61.4417557567018,4.9999999999996,-1.87236618925519
"cv",20,3,54.5294240943997,4.99999999999764,-1.81684444309776
"cv",20,4,79.2167671451801,4.99999999999968,-2.01075662085677
"cv",40,1,148.38528283677,4.99999999999905,-1.93295527421328
"cv",40,2,145.898574458381,4.99999999999978,-1.92488891009844
"cv",40,3,139.276526657538,4.99999999999956,-1.93658866632745
"cv",40,4,105.35109082821,4.99999999999958,-1.77898270614498
