"","","","","par1","par2"
"cv",20,1,95.9158111978877,4.99999999421835,4.99999997974419
"cv",20,2,95.9158111806149,4.99999999918144,4.99999995284919
"cv",20,3,95.9158110751479,4.99999999738355,4.99999999898956
"cv",20,4,95.9158111525511,4.99999999842647,4.99999998036214
"cv",40,1,191.8316226334,4.99999999417934,4.99999995549205
"cv",40,2,191.831622543915,4.99999999581595,4.99999999470443
"cv",40,3,191.831622546284,4.99999999542574,4.99999998229958
"cv",40,4,191.831622541483,4.99999998931969,4.99999998107182
