"","","","","par1","par2"
"cv",20,1,71.4902480063238,-3.1843087815322,-0.724269099659348
"cv",20,2,78.042397054831,-2.83020207438777,-0.758394465398977
"cv",20,3,66.844084731918,-4.99999999999763,-0.691531345944196
"cv",20,4,68.951464484266,-4.99999999999492,-0.712191973976235
"cv",40,1,109.884622595079,-4.99999999999975,-0.898195378024168
"cv",40,2,116.017844793366,-4.99999999998715,-0.914432415761545
"cv",40,3,107.129159332374,-4.99999999998882,-0.888944589060222
"cv",40,4,126.786697158049,-4.99999999999082,-0.927682988984992
