"","","","","par1","par2"
"cv",20,1,95.9158105072279,4.99999999132589,4.99999992891177
"cv",20,2,96.353115509283,-4.99999998936086,-0.952664125004775
"cv",20,3,95.9668762493983,-4.99999998724738,-0.70727103801352
"cv",20,4,95.9912918374896,-4.99999999138345,-0.591520163014302
"cv",40,1,191.831622837973,4.99999998968807,4.99999998085944
"cv",40,2,191.831622688079,4.99999998060408,4.99999999913864
"cv",40,3,191.831622665694,4.99999999516746,4.99999999810053
"cv",40,4,191.831622417765,4.99999998514478,4.99999999207871
