"","","","","par1","par2"
"cv",20,1,33.3713392597437,-4.99999999999362,-2.0380515491724
"cv",20,2,50.1856288357296,-4.99999999999471,-2.06540560624434
"cv",20,3,63.0891739563754,-4.999999999994,-2.10499264855306
"cv",20,4,65.386783594663,-4.99999999998904,-2.11502355631693
"cv",40,1,120.388541649486,-4.99999999997617,-1.89854943900441
"cv",40,2,140.027760214492,-4.99999999999069,-1.92256272198066
"cv",40,3,126.647944551173,-4.99999999997665,-1.92355083014912
"cv",40,4,152.485235684899,-4.99999999999574,-1.94863401778099
