"","","","","par1","par2"
"cv",20,1,76.365978591652,-4.43380666820178,-4.99939722616704
"cv",20,2,87.0739727043222,-0.131587919154836,-4.96737482777453
"cv",20,3,80.5790824578366,-2.19903000231446,-4.9765201761573
"cv",20,4,80.9542605261993,-2.09473646759535,-4.98845992092782
"cv",40,1,161.886680629484,-3.89480215552694,-4.99602359587864
"cv",40,2,147.810422036219,-3.1148142079153,-4.99851342792976
"cv",40,3,152.592626931562,-0.434588533184751,-4.97618398817417
"cv",40,4,156.199814402015,-1.21196343718301,-4.99545372002478
