"","","","","par1","par2"
"cv",20,1,95.9158111650734,4.99999999660218,4.99999999150758
"cv",20,2,95.9158111396234,4.99999998931728,4.99999998444854
"cv",20,3,95.9158111316023,4.99999999920236,4.9999999937689
"cv",20,4,95.915811175824,4.99999999950249,4.99999998863042
"cv",40,1,191.831622651937,4.99999999507763,4.99999999776331
"cv",40,2,191.83162258376,4.99999999635492,4.99999999432142
"cv",40,3,191.831622619022,4.99999998137177,4.99999995896177
"cv",40,4,191.831622528561,4.99999998370212,4.99999999930698
