"","","","","par1","par2","par3"
"cv",20,1,77.3377220755708,-4.99964638196745,3.80233459889062,2.87953578944776
"cv",20,2,54.4293260640595,-4.99598047359856,3.79862600805848,2.97578362382554
"cv",20,3,67.7414929858502,-4.99911879216018,3.80201094873585,2.9124297509336
"cv",20,4,55.1389430710437,-4.99797751976877,3.80989051976605,2.96778471994126
"cv",40,1,147.731138581652,-3.71636463356528,3.93320379238216,2.90973530774206
"cv",40,2,124.318240647224,-4.96127889442976,3.7895406632916,2.9499386463897
"cv",40,3,105.97570320655,-3.22323647717061,4.06831356376732,2.99770056554303
"cv",40,4,126.98126250715,-1.71536088362263,3.80347649527852,2.95224892483191
