"","","","","par1","par2"
"cv",20,1,79.1388481929037,4.98230712400436,-4.97260013514946
"cv",20,2,77.0519285095529,4.69494335719934,-4.99497436436143
"cv",20,3,77.4994717957987,4.22375115724219,-4.99952947679563
"cv",20,4,80.7778425125844,4.32884479555191,-4.98591866964712
"cv",40,1,157.854843359937,4.64901569819687,-4.99293978356848
"cv",40,2,167.725096521907,4.66025442227755,-4.99824184677442
"cv",40,3,162.662039410034,4.89726359048905,-4.99360502434161
"cv",40,4,158.399470509351,4.79951828350591,-4.97983136912808
