"","","","","par1","par2"
"cv",20,1,95.9158112616529,4.99999999359532,4.99999994243969
"cv",20,2,95.915811214864,4.99999999485981,4.99999999982181
"cv",20,3,95.9158109382887,4.99999999706005,4.99999997500356
"cv",20,4,95.9158111212386,4.99999999093238,4.999999994874
"cv",40,1,191.831622000088,4.99999999440256,4.99999999000051
"cv",40,2,191.831622576709,4.99999999343772,4.99999999481018
"cv",40,3,191.831622653741,4.99999998837527,4.99999996789643
"cv",40,4,191.831622008697,4.99999999271579,4.9999999864904
