"","","","","par1","par2"
"cv",20,1,95.9158111802747,4.99999998279439,4.9999999795143
"cv",20,2,95.9158112313069,4.99999998227069,4.99999998303148
"cv",20,3,95.9158113349492,4.99999999320016,4.99999999626764
"cv",20,4,95.9158111545677,4.99999999616594,4.99999999148917
"cv",40,1,191.831622799749,4.99999999511616,4.99999999785287
"cv",40,2,191.831622608353,4.9999999975988,4.99999999998003
"cv",40,3,191.831622526158,4.99999998368837,4.99999999383544
"cv",40,4,191.831622763227,4.99999999321466,4.99999997732983
