"","","","","par1","par2"
"cv",20,1,53.899524898811,4.99999999999993,-1.25049524580613
"cv",20,2,38.3685547246742,4.99999999999925,-1.11791626208941
"cv",20,3,30.1714104903997,4.99999999999915,-1.10317565861863
"cv",20,4,49.0474751933685,4.99999999999977,-1.20200004734802
"cv",40,1,83.2702597267031,4.9999999999946,-1.0617446060183
"cv",40,2,134.103404001778,4.99999999999899,-1.23294669165866
"cv",40,3,84.0524716528713,4.99999999999928,-1.0583515985118
"cv",40,4,72.5291788402395,4.99999999999401,-1.04435746687367
