"","","","","par1","par2"
"cv",20,1,76.8960778633335,0.17254778026707,-2.31443393793758
"cv",20,2,68.3646986327077,-0.854515962898088,-2.27363640853898
"cv",20,3,70.4837193412782,-0.448533760277917,-2.26526819123953
"cv",20,4,71.7195335715652,-0.143817977583245,-2.30498727431804
"cv",40,1,144.347418350403,0.0544877119523108,-2.42726362346283
"cv",40,2,131.659587485674,0.531874313395086,-2.32330115813944
"cv",40,3,134.517581132942,-0.0803997931514921,-2.35383072106873
"cv",40,4,147.527261687139,-0.15675988731803,-2.41830530647147
