"","","","","par1","par2"
"cv",20,1,84.7195612941603,-1.11687979141784,-0.438964147878964
"cv",20,2,76.0893570164347,-0.920921674537961,-0.315696084600677
"cv",20,3,98.5013877462744,-4.99999999999878,-0.545654358515653
"cv",20,4,82.7471422992979,-0.977731294342367,-0.413599076492111
"cv",40,1,145.137650960078,0.124179727989374,-0.575518586280608
"cv",40,2,152.10500238447,-0.0632991330336196,-0.596942134009178
"cv",40,3,173.852705532507,-4.99999999999755,-0.647973103659514
"cv",40,4,161.459538821608,0.0794831456267813,-0.637076167189441
