"","","","","par1","par2"
"cv",20,1,95.9158112423274,4.99999999176775,4.99999996666505
"cv",20,2,95.9158111693011,4.99999999901123,4.99999998966769
"cv",20,3,95.9158111648638,4.99999999406761,4.99999999351204
"cv",20,4,95.9158112849644,4.99999999315268,4.99999999228112
"cv",40,1,191.831622635138,4.99999999945484,4.9999999904994
"cv",40,2,191.831622613356,4.9999999912795,4.99999999875436
"cv",40,3,191.831622859442,4.99999999741454,4.99999999253056
"cv",40,4,191.831622771012,4.99999999829814,4.99999999835722
