"","","","","par1","par2"
"cv",20,1,31.4336061542188,0.520716649503724,-2.70069054821399
"cv",20,2,108.461838056726,1.13594755898477,-4.99999999999992
"cv",20,3,43.6668921518824,-0.248931932258178,-2.78097802914367
"cv",20,4,31.1231412276441,-1.01422612610569,-2.69269526562185
"cv",40,1,66.1995394258905,0.439889728596777,-2.6144895354181
"cv",40,2,102.734776701656,1.25267004909556,-4.99999999999992
"cv",40,3,110.974529919868,1.29627401353949,-4.99999999999978
"cv",40,4,107.258325314713,0.396841895856981,-2.74528038901302
