"","","","","par1","par2"
"cv",20,1,80.5480624195674,-4.99999999999791,-0.626492320699928
"cv",20,2,97.1447046607324,-4.99999999998026,-0.721210375793328
"cv",20,3,67.1212512973072,-4.99999999999228,-0.521872719971301
"cv",20,4,71.1691379706849,-4.99999999999781,-0.562997710981915
"cv",40,1,139.810394755795,-4.99999999999923,-0.750382840873142
"cv",40,2,116.126626745499,-4.99999999999753,-0.686090389161687
"cv",40,3,177.934530969973,-4.99999999999851,-0.835642528284403
"cv",40,4,131.887291766669,-4.99999999999775,-0.726567505711886
