"","","","","par1","par2"
"cv",20,1,81.8398247349283,4.99999999999845,-1.58836786309622
"cv",20,2,97.5985288774595,4.99999999999933,-1.67526621948331
"cv",20,3,81.8989759123476,4.99999999999844,-1.53421719848141
"cv",20,4,76.2492630895943,1.26692478801132,-1.48134767512714
"cv",40,1,172.898743261029,4.99999999999929,-1.55500577331402
"cv",40,2,170.583883179819,4.99999999999696,-1.55060119776598
"cv",40,3,155.29225837811,4.99999999993153,-1.49102534005651
"cv",40,4,166.556289848165,4.9999999999997,-1.53667818877372
