"","","","","par1","par2"
"cv",20,1,80.9593389995467,4.99999999999977,-0.484314492828741
"cv",20,2,96.3014510013016,4.99999999999918,-0.588663374500402
"cv",20,3,80.736064719779,4.99999999999949,-0.486026903930349
"cv",20,4,67.4170395522631,4.99999999999681,-0.357083586233431
"cv",40,1,171.231111149223,4.99999999999891,-0.505309639234162
"cv",40,2,167.805291220091,4.99999999999557,-0.497481155440227
"cv",40,3,147.947541257655,4.99999999999983,-0.403195569451462
"cv",40,4,162.824250815107,4.99999999999979,-0.474674914011199
