"","","","","par1","par2"
"cv",20,1,71.1772631122176,0.0409005710692823,-1.77755348317627
"cv",20,2,77.3366483702824,0.00817769752589474,-1.80581990400357
"cv",20,3,70.8292072981843,0.407285622288778,-1.72937440728753
"cv",20,4,77.0410589738273,0.178052793221209,-1.76268145176787
"cv",40,1,123.401518698339,0.553681216475766,-2.05912927285665
"cv",40,2,121.686600141804,0.869001292366127,-2.07161829847447
"cv",40,3,120.76596889715,0.700229729595135,-2.04188907791355
"cv",40,4,139.10577427267,0.815977973872626,-2.10325796152317
