"","","","","par1","par2"
"cv",20,1,82.2425106868112,-0.57033415392071,-0.719962842765452
"cv",20,2,72.5633306870173,4.99999999999173,-0.697406989762366
"cv",20,3,70.3033957446996,4.99999999999673,-0.686934092350187
"cv",20,4,88.4513647027539,4.99999999999747,-0.779674578223199
"cv",40,1,128.564591689468,-1.28209179885534,-0.739740176156966
"cv",40,2,140.987123926924,-1.52299173438184,-0.770144494124868
"cv",40,3,169.469288465809,-0.864409724252269,-0.836146421020136
"cv",40,4,116.789744459345,-0.479316407285402,-0.706364088980351
