"","","","","par1","par2","par3"
"cv",20,1,80.8736913390062,-1.04763097647861,-1.33436012252811,-2.04690420615132
"cv",20,2,76.5310812443252,0.286405995630454,3.82130614151969,3.10002166036867
"cv",20,3,72.506618387815,0.61680203178829,-0.702636424799954,-1.37542548750515
"cv",20,4,71.2161055770847,0.537926989401244,0.613449690460291,-0.0622207281930054
"cv",40,1,148.885419810115,-1.67840393835308,4.39971822535369,3.05318354323005
"cv",40,2,136.222901475881,-4.99973765888612,3.80071614694046,3.08603052117925
"cv",40,3,147.47842387931,-4.99999330896163,3.79920344306068,3.05767220109461
"cv",40,4,135.952422185857,-1.47520583926483,3.90304256749198,3.08154334308178
