"","","","","par1","par2"
"cv",20,1,56.3841578855882,0.846108842173313,-1.77090070659257
"cv",20,2,72.9560153115437,0.802780187796381,-1.84498498269782
"cv",20,3,88.0101982768339,0.772812903460081,-1.92712839860886
"cv",20,4,77.1120391953841,-4.99999999998973,-1.82235875613717
"cv",40,1,130.287017755463,-0.97294730119581,-1.81435936681699
"cv",40,2,151.990815811405,-4.99999999999599,-1.87516093740875
"cv",40,3,129.33505872342,-0.763862045564815,-1.79505923202531
"cv",40,4,140.862961584583,-0.893581102855597,-1.86018409942855
