"","","","","par1","par2"
"cv",20,1,70.4540386028967,-4.99999999999798,-2.47936463723334
"cv",20,2,49.659203012611,-4.99999999999379,-2.37589923185129
"cv",20,3,66.1197018110323,-4.99999999999377,-2.48954721694502
"cv",20,4,61.3876364177932,-4.90904537336023,-2.44289518791507
"cv",40,1,120.890535495149,-4.99999999999723,-2.38734113794714
"cv",40,2,135.201979408344,-4.99999999999974,-2.41891082543585
"cv",40,3,143.702693562916,-4.99999999999948,-2.45300504888397
"cv",40,4,141.300705696758,-3.7412384056937,-2.43868335887813
