"","","","","par1","par2"
"cv",20,1,91.1389065771756,4.5339061776319,-4.96113809468327
"cv",20,2,91.3310790626422,4.21885767631229,-4.98763630337192
"cv",20,3,89.1311012196411,3.95621428836776,-4.96152910810464
"cv",20,4,81.2800603234215,3.54852832739903,-4.96024535049126
"cv",40,1,181.383704052356,4.61782670092522,-4.9523249741253
"cv",40,2,176.510741360632,4.68482610568818,-4.99931996679366
"cv",40,3,171.456385580678,4.37143760855117,-4.95697774948141
"cv",40,4,180.033474014513,3.75320597784594,-4.97438957270829
