"","","","","par1","par2"
"cv",20,1,78.0731101241906,-4.99999999999985,-1.9883816888132
"cv",20,2,79.2683456158888,-4.999999999989,-1.99399710606684
"cv",20,3,78.1297295053947,-4.99999999999332,-1.9627380948987
"cv",20,4,101.167923063143,-4.99999999998126,-2.1913917513895
"cv",40,1,168.704510332861,-1.98272522496305,-2.17341804995558
"cv",40,2,159.391382544377,-2.10875442508805,-2.15981202432953
"cv",40,3,160.576236386606,-4.99999999998915,-2.14235281562043
"cv",40,4,159.771479429111,-2.46542783658551,-2.16348132951952
