"","","","","par1","par2"
"cv",20,1,95.9158111924366,4.99999999661104,4.99999999780774
"cv",20,2,95.915811243588,4.99999999588866,4.99999999942866
"cv",20,3,95.9158111124178,4.99999999882178,4.99999998608193
"cv",20,4,95.9158111876731,4.99999998488053,4.99999999013103
"cv",40,1,191.831622699167,4.99999999362326,4.99999999433109
"cv",40,2,191.831622441442,4.99999998809537,4.99999998989947
"cv",40,3,191.831622602625,4.9999999805536,4.99999997309719
"cv",40,4,191.83162267722,4.99999998574391,4.99999999887642
