"","","","","par1","par2","par3"
"cv",20,1,66.8594575792075,0.343870733784228,3.83332408667034,2.876229507876
"cv",20,2,64.9337023862004,0.108955366714931,3.98742010793391,2.88360119476172
"cv",20,3,39.5869649280673,0.38762507496416,3.81139403787007,3.00459856350201
"cv",20,4,81.6868252848346,-4.99673722590446,3.89711356640047,2.85867320843544
"cv",40,1,101.849718984835,-0.118209007722626,3.88227840863495,2.89645182648974
"cv",40,2,164.072500373977,-0.50701883907182,3.87405426529922,2.79260472278603
"cv",40,3,102.472065062757,-0.54951331596056,3.81103302764124,2.90685338945225
"cv",40,4,97.4250723291,0.00016567083024957,3.79298270549273,2.89998092307818
