"","","","","par1","par2"
"cv",20,1,52.3817936103386,4.99999999999953,-1.9020774715301
"cv",20,2,90.4088286935463,4.99999999998988,-2.10334634845136
"cv",20,3,49.5999442851898,4.99999999999945,-1.88758120233763
"cv",20,4,62.5985831698788,4.99999999999963,-1.95908774771986
"cv",40,1,91.1236998351456,4.99999999999986,-2.13090397015524
"cv",40,2,140.285168793785,4.9999999999983,-2.3022559300211
"cv",40,3,120.622056444834,4.99999999999296,-2.22378475555529
"cv",40,4,69.4394334518876,4.99999999999787,-2.09510325558818
