"","","","","par1","par2"
"cv",20,1,72.1121014150704,2.27036609555577,-2.64671972743474
"cv",20,2,59.2180827961199,2.31082594229565,-2.52412739031602
"cv",20,3,81.4899828409983,2.89947244657228,-2.59467615092193
"cv",20,4,64.5165886813007,3.12698009086735,-2.61406223239235
"cv",40,1,138.472874161266,3.28067432896046,-2.59083526488579
"cv",40,2,171.987615029091,3.54298806781941,-2.63276168745179
"cv",40,3,163.363227970819,3.21138748284291,-2.53420397270293
"cv",40,4,153.167294169093,3.05072932927129,-2.61673466133841
