"","","","","par1","par2","par3"
"cv",20,1,44.5939826987131,-0.292216745132499,-0.826021660032617,-2.59053195745958
"cv",20,2,49.9188460585347,-0.240301932059869,-0.836758438845273,-2.63540499038158
"cv",20,3,59.295261126647,-0.201513678257882,-0.875552908830631,-2.7787434017487
"cv",20,4,64.7419827990532,-0.293950438788912,-0.782405289821814,-2.65858265781947
"cv",40,1,129.102339711575,-0.45272763370932,-0.706092994797009,-2.49539375105761
"cv",40,2,95.5776569270571,-0.387243390990484,-0.682848511101397,-2.43276942434551
"cv",40,3,119.911258212252,-0.418352421843719,-0.729787308530984,-2.51058681485525
"cv",40,4,112.666289855998,-0.422075714000531,-0.691497414265283,-2.49255238520167
