"","","","","par1","par2","par3"
"cv",20,1,60.7702850876491,-0.195382069301354,-0.648181205620227,-2.49981481198232
"cv",20,2,50.2927507915716,-0.150660144959217,-0.771336261224236,-2.57408905117146
"cv",20,3,71.3766974776849,-0.0864730808630863,-0.702663849277674,-2.6302678820672
"cv",20,4,46.4871368370963,-0.169479529121092,-0.712757240121625,-2.50583507334799
"cv",40,1,146.102426184077,-0.356706035985903,-0.767609142070836,-2.53132009380105
"cv",40,2,124.27248675144,-0.295155867742924,-0.669333030591654,-2.41509970417384
"cv",40,3,147.663423821322,-0.332533251621323,-0.664355929480431,-2.46162598879824
"cv",40,4,87.4030751554414,-0.2950509581781,-0.780114337574628,-2.49274588683061
