"","","","","par1","par2"
"cv",20,1,63.2154694509911,1.99580157603295,-2.55812496404328
"cv",20,2,73.539882354194,1.72278924932403,-2.61213109405382
"cv",20,3,89.4962687853027,1.45632466637835,-2.71100557974814
"cv",20,4,49.9135915681458,1.52743979956858,-2.59288838557328
"cv",40,1,81.9879629056292,1.34397306156382,-2.75017308860837
"cv",40,2,91.9067235955498,1.11637636785292,-2.72213254452898
"cv",40,3,97.9712844473998,0.760844498465109,-2.78702442385514
"cv",40,4,92.3294850767932,1.10291877592816,-2.82448191588324
