"","","","","par1","par2"
"cv",20,1,78.4679628917009,-2.65368175525386,-4.95231827899089
"cv",20,2,79.4451158572534,-0.727651322407562,-4.98401221774694
"cv",20,3,85.2005322472515,-0.732482264052405,-4.97864926147314
"cv",20,4,76.9175963026251,-0.715461571153309,-4.97407970287277
"cv",40,1,149.208423948213,-0.840323556558243,-4.97330082316705
"cv",40,2,152.79931617504,-3.75418804207165,-4.98099441419882
"cv",40,3,158.547354037751,-0.780353847637579,-4.99107770050685
"cv",40,4,152.011787922403,-4.81345760770795,-4.99739896782419
