"","","","","par1","par2"
"cv",20,1,41.0413540032836,0.934116658147977,-2.72550630816176
"cv",20,2,50.4328393177355,0.841841770981678,-2.65469439624217
"cv",20,3,54.0648784397872,2.12154207950694,-2.85807843380297
"cv",20,4,56.7522892703938,2.02850547735513,-2.72017287049177
"cv",40,1,131.598828512148,0.951931289000626,-2.81495924136359
"cv",40,2,107.816293579417,2.02124603143548,-2.70550335832876
"cv",40,3,62.9738664281362,2.21543504348574,-2.67946297057184
"cv",40,4,87.6875336440479,3.12678702564769,-2.76684900884776
