"","","","","par1","par2"
"cv",20,1,85.1277535457991,-3.33211618868644,-4.99844303873243
"cv",20,2,85.932235889097,-0.825602839096497,-4.98801131077939
"cv",20,3,85.0579073783048,-1.53556816358794,-4.99642851727961
"cv",20,4,88.5760030862527,-2.31437937069759,-4.98398114833043
"cv",40,1,164.437443370777,-1.5758247918114,-4.98013678136457
"cv",40,2,163.453487581037,-0.765973261404896,-4.99753288534721
"cv",40,3,165.122738556175,-2.57395343772326,-4.9902990708007
"cv",40,4,173.322459880478,-2.54054685367237,-4.99360082912562
