"","","","","par1","par2"
"cv",20,1,87.1528172474298,-0.674204081271732,-4.99052415610785
"cv",20,2,79.3255385108599,-0.739579610025772,-4.99844050355812
"cv",20,3,82.5589533837471,-0.804582470276468,-4.9760100659052
"cv",20,4,79.7648703711348,-0.721430765373533,-4.99204995694276
"cv",40,1,172.296153123803,-0.725694029543952,-4.95151585737712
"cv",40,2,162.908815614279,-0.804343514537298,-4.99749300864274
"cv",40,3,155.092447174573,-0.69369304876402,-4.97796691159424
"cv",40,4,163.29940398179,-0.638925240224194,-4.99893064590594
