"","","","","par1","par2","par3"
"cv",20,1,37.7970083558519,0.608758734989817,-1.21564472698319,-2.76583657444966
"cv",20,2,48.0598954765335,0.283410217304277,-1.26962538693719,-2.71655149166878
"cv",20,3,49.5529900984427,0.190006436435438,-1.28870500659247,-2.86125693934346
"cv",20,4,56.0595484746073,0.0681231745410148,-1.19708154376696,-2.7702477008098
"cv",40,1,124.465932218472,0.165835231391926,-1.98364953774473,-2.83330875602638
"cv",40,2,108.243747164771,-0.50838631940812,-1.16246083859792,-2.78234189337394
"cv",40,3,64.2295502741043,-0.326632676758941,-1.27571929694494,-2.7144572140223
"cv",40,4,62.7974385256442,-0.473885900749761,-1.18247140747097,-2.70528854793977
