"","","","","par1","par2"
"cv",20,1,77.8064666459795,4.99999998282438,-4.99999999967815
"cv",20,2,78.868081901857,4.99999998437841,-4.99999999580544
"cv",20,3,90.0257767574874,-1.75675245497219,-1.24834652032224
"cv",20,4,83.330589664556,4.99996025936857,-4.99999694298199
"cv",40,1,158.091690597728,4.99999996512402,-4.99999999879837
"cv",40,2,158.588145954833,4.99999997502122,-4.99999999692261
"cv",40,3,152.998139859341,4.99999954479765,-4.99999999102751
"cv",40,4,154.361523823861,4.99998089800966,-4.99999889422243
