"","","","","par1","par2"
"cv",20,1,51.0174761933872,-0.347688827728685,-3.02739052538632
"cv",20,2,81.763859733965,-0.486960956199715,-3.19814631606526
"cv",20,3,69.3305423891737,-0.481068314159188,-3.14481242498523
"cv",20,4,56.4738650333327,-0.448101681420355,-3.12337462945037
"cv",40,1,166.701641359778,-0.459603766060224,-3.12170269667198
"cv",40,2,139.515597961459,-0.48013879802432,-3.05700114824339
"cv",40,3,95.4576327109653,-0.495816088235733,-2.82340799038955
"cv",40,4,179.997872885861,-0.633063709662392,-3.15798511575224
