"","","","","par1","par2"
"cv",20,1,57.9054392022988,-0.22522058731602,-2.39775954409591
"cv",20,2,66.0680357511159,-0.335856953514978,-2.46046837228834
"cv",20,3,79.3653652656853,-0.268498837105832,-2.51712147769127
"cv",20,4,63.4845361952726,-0.328470974930088,-2.43240474776552
"cv",40,1,139.467346445909,-0.378235172297318,-2.49826515872082
"cv",40,2,103.836376945879,-0.297673512472412,-2.42369855386912
"cv",40,3,137.850354727083,-0.378516669031246,-2.49161537499563
"cv",40,4,158.670055197426,-0.308631493034697,-2.59588059374045
