"","","","","par1","par2"
"cv",20,1,98.1086668176041,0.00643649857929759,-2.30713359462223
"cv",20,2,66.9165408850281,-0.019946804756622,-2.0689204538597
"cv",20,3,77.1936467514093,0.0114467992854894,-2.16247546153743
"cv",20,4,80.7505909334886,-0.0320943500678317,-2.15827230092422
"cv",40,1,158.793826802373,-0.189002537423417,-2.42774622031065
"cv",40,2,139.399736812702,-0.177870740752764,-2.37953298963989
"cv",40,3,137.91832520731,-0.162729128026059,-2.37140912300435
"cv",40,4,171.706113645143,-0.165400171560988,-2.50204967511514
