"","","","","par1","par2"
"cv",20,1,80.602201467291,-0.520436503383371,-2.68324503695808
"cv",20,2,85.1144943160175,-0.350693334746308,-2.78108008241993
"cv",20,3,72.7951672490013,-0.508596845294204,-2.59480622328053
"cv",20,4,71.9397189358506,-0.487100916946511,-2.63996725297983
"cv",40,1,153.132828949858,-0.502953472459439,-3.01590718711507
"cv",40,2,143.638167991982,-0.482156410069829,-2.96429902840828
"cv",40,3,155.525048695302,-0.532601095944051,-2.9468493058593
"cv",40,4,140.053119921872,-0.485949158780434,-2.92085740901765
