"","","","","par1","par2"
"cv",20,1,61.5988414232267,-0.526408939955596,-2.30882437117181
"cv",20,2,72.596389852824,-0.336522508177806,-2.37182361430242
"cv",20,3,75.5359923820056,-0.441058610176776,-2.42468056802104
"cv",20,4,83.2151742463641,-0.400207186739602,-2.44882653454598
"cv",40,1,142.152499577374,-0.405902553827031,-2.32404770983383
"cv",40,2,149.760790743471,-0.497034082127408,-2.44113601067173
"cv",40,3,146.187478407038,-0.44271655324724,-2.37770183300779
"cv",40,4,158.962533685599,-0.465460831231535,-2.41643050107659
