"","","","","par1","par2"
"cv",20,1,55.5779895610327,-1.79531774290701,-1.77505502888235
"cv",20,2,54.2946658942515,-1.79509200087863,-1.77099972178664
"cv",20,3,50.5966478896375,-2.84668774490732,-1.76025687836068
"cv",20,4,54.5445260954787,-1.79458545241012,-1.7601935834856
"cv",40,1,129.066106735358,-1.88671949043863,-1.70800986575425
"cv",40,2,135.323589495279,-2.68115330695122,-1.71896669299285
"cv",40,3,108.896103210215,-3.53389548678637,-1.66643593138542
"cv",40,4,102.17216503749,-4.09463251509078,-1.65384686810065
