"","","","","par1","par2"
"cv",20,1,94.7853910039796,2.82320294764769,-2.22592449615926
"cv",20,2,89.1278078126983,2.81014917744529,-2.43351825946373
"cv",20,3,97.0597479967489,2.47858304875479,-2.11307329594149
"cv",20,4,96.5056031952244,2.82214272681321,-2.21416983650669
"cv",40,1,60.9127186200592,2.9445764391699,-1.5614933366754
"cv",40,2,245.367590031137,2.4692660884209,-2.46030287667261
"cv",40,3,393.599486783488,3.08314314932943,-2.96961696549719
"cv",40,4,192.101412468099,2.72221063221544,-2.08342720792786
