"","","","","par1","par2"
"cv",20,1,52.6718518177067,1.06150375144551,-2.53463771210702
"cv",20,2,78.1390809229017,3.27906354888156,-2.72410852141202
"cv",20,3,70.3630512194651,3.19614786206062,-2.88036796500654
"cv",20,4,91.388893577683,1.10029770531891,-2.71749498360794
"cv",40,1,144.969012276998,4.89658669110416,-2.79910920232941
"cv",40,2,152.786757256672,4.75010913682467,-2.69645197921561
"cv",40,3,182.017311751821,4.14959600547347,-2.61194307017591
"cv",40,4,160.862618131419,2.7752233420903,-2.59146885173558
