"","","","","par1","par2"
"cv",20,1,41.9860067782754,-2.15973903627719,-1.63583592602112
"cv",20,2,87.6860798900533,-2.12685458017136,-1.83241244031111
"cv",20,3,60.3450697279201,-3.43372893659418,-1.72662912851649
"cv",20,4,48.5318816959848,-4.17071815614118,-1.67319936127028
"cv",40,1,155.118840714119,-1.69258632909632,-1.66821995191824
"cv",40,2,134.128264697481,-1.68087145109721,-1.63024605711438
"cv",40,3,80.3119432841065,-1.68451981365431,-1.48314208427306
"cv",40,4,164.848414459619,-1.68398796154627,-1.69968584340035
