"","","","","par1","par2"
"cv",20,1,83.1918013051661,-1.18925859087997,-4.99564432163812
"cv",20,2,89.8532455090915,-1.07502932437746,-4.99765163902993
"cv",20,3,89.918342530139,-0.80020279816832,-4.96179569031753
"cv",20,4,91.176505097054,-1.71657148532329,-4.98274533472515
"cv",40,1,171.983951425401,-0.573798688661883,-4.99783311148242
"cv",40,2,172.995082609516,-0.672641828881619,-4.99836809846636
"cv",40,3,167.173910183375,-0.622179303318262,-4.99950291135327
"cv",40,4,178.331869745999,-0.611281951805378,-4.98210845051964
