"","","","","par1","par2"
"cv",20,1,35.1649679652867,-0.454319816438306,-3.17549134388914
"cv",20,2,56.9707054902248,-0.372354041197652,-3.21545824134508
"cv",20,3,68.6543168749201,-0.331562871495033,-3.37693241793733
"cv",20,4,29.7363173670526,-0.334147161085678,-3.236834585321
"cv",40,1,87.7820968992441,-0.435740198983111,-3.30541855995974
"cv",40,2,93.2266464984071,-0.457513593907019,-3.31669834068049
"cv",40,3,124.422331020513,-0.467312466950433,-3.30603740019138
"cv",40,4,92.3430324747343,-0.481572980972754,-3.19875367890911
