"","","","","par1","par2"
"cv",20,1,66.3000679304235,0.242414212455056,-2.21184793329132
"cv",20,2,80.4490019257548,0.0196340806054965,-2.3546327822296
"cv",20,3,87.5160175213252,-0.0136711788823603,-2.3258742776004
"cv",20,4,78.6831724385671,0.00766263216781657,-2.36800942046521
"cv",40,1,159.67608627848,0.161175346672973,-2.390876904237
"cv",40,2,146.933352549047,0.152099667845506,-2.35828230724718
"cv",40,3,179.316733659689,0.130792187063178,-2.43451784361688
"cv",40,4,159.9476867395,0.13783240812975,-2.39279641275984
