"","","","","par1","par2","par3"
"cv",20,1,79.5606910128988,-0.0547533328806729,-0.883431741954085,-2.32992457949308
"cv",20,2,90.5496315287112,-0.20070959995677,-0.713389660243742,-2.1937897300126
"cv",20,3,64.3038983087256,0.0905962878452008,-0.880518233493156,-2.25224887847271
"cv",20,4,67.1647686621372,-0.0447859732650085,-0.831395969476007,-2.2358731474942
"cv",40,1,133.840143309495,-0.361177890827643,-0.594733135249992,-2.22028999257717
"cv",40,2,108.608079827415,-0.320024323403235,-0.597764303720593,-2.17753881281639
"cv",40,3,167.394804060434,-0.355233207700787,-0.562817334009402,-2.23075708775599
"cv",40,4,133.796021806702,-0.232954801609988,-0.646505555148321,-2.29503717029337
