"","","","","par1","par2"
"cv",20,1,83.7083509509183,-0.221190415619463,-2.86249893684717
"cv",20,2,69.3003304562572,-0.282716511181322,-2.78424869217162
"cv",20,3,67.928513813581,-0.272129796504043,-2.77003747873512
"cv",20,4,84.7143296821141,-0.149751594468462,-2.9135419832427
"cv",40,1,124.227168359984,-0.453110805859653,-2.97426402700718
"cv",40,2,138.83587663053,-0.459430244781249,-3.06208741337761
"cv",40,3,175.896883580199,-0.442448552412938,-3.15044297264941
"cv",40,4,125.28514831331,-0.316035033962414,-3.0300362817656
