"","","","","par1","par2"
"cv",20,1,89.9503693828326,-0.695724364838643,-4.9956106865217
"cv",20,2,84.9197625511213,-2.89359532203542,-4.99440312952974
"cv",20,3,85.8228368914917,-0.689534374340805,-4.99800904236244
"cv",20,4,89.8128332564704,-0.766305825144341,-4.99004842834184
"cv",40,1,162.010272284464,-0.65547909059512,-4.99840146939631
"cv",40,2,169.516634555486,-0.86444460361041,-4.97231600895353
"cv",40,3,168.231712076901,-0.792163304705399,-4.97100289670543
"cv",40,4,167.223644043492,-0.614488404606378,-4.97565772030166
