"","","","","par1","par2"
"cv",20,1,85.7326802432034,-0.327374241711724,-2.46665971092026
"cv",20,2,84.8701834534444,-0.347363557671659,-2.52409656841713
"cv",20,3,88.7238905200309,-0.355545515708493,-2.52962417812273
"cv",20,4,102.057554398277,-0.368826915000972,-2.81042465378846
"cv",40,1,184.166964588028,2.41162292196189,-3.86882775666274
"cv",40,2,212.720089706126,2.4690623145315,-4.89388466591263
"cv",40,3,192.60276592236,-0.534092088890405,-2.60963657819106
"cv",40,4,206.45703011861,-0.545496085422819,-2.72074696244949
