"","","","","par1","par2"
"cv",20,1,51.4223514348145,0.0173210195282569,-3.35275700510956
"cv",20,2,85.7287860685167,0.00969400234334857,-3.38256710799431
"cv",20,3,48.578889020078,0.122851755119099,-3.3225725424444
"cv",20,4,80.3248941414558,2.01467909120225,-3.55932168282098
"cv",40,1,130.792166000624,0.0176752006003398,-3.56179508489119
"cv",40,2,102.767320844397,0.115736852135761,-3.36377531571408
"cv",40,3,148.007393052515,0.0804331308415837,-3.36911508191437
"cv",40,4,93.7600118276321,0.0939119289607681,-3.48107545665622
