"","","","","par1","par2"
"cv",20,1,99.5022813582515,4.01096044019711,-4.99999999759673
"cv",20,2,86.8690561048716,4.99999969436419,-4.99999970050687
"cv",20,3,101.082771986446,-1.6380952398828,-0.864577814166779
"cv",20,4,86.6606677391472,4.99999999797458,-4.99999999478993
"cv",40,1,154.712641665787,4.99999916870828,-4.99999999857569
"cv",40,2,164.511651275958,4.99999998765216,-4.99999997955905
"cv",40,3,154.617806323436,4.99999978923891,-4.99999999855357
"cv",40,4,152.56278118439,4.9999999372297,-4.99999999926044
