"","","","","par1","par2"
"cv",20,1,87.2957998055973,-1.68477197745383,-1.44523827357056
"cv",20,2,80.2516838463639,-1.68486147771222,-1.3865477112246
"cv",20,3,77.4229841317094,-1.69420060022778,-1.37976804793848
"cv",20,4,74.0258632510172,-1.69393095470087,-1.3432189026103
"cv",40,1,161.089080771961,-1.64958167153388,-1.26877397052675
"cv",40,2,172.019994999598,-1.6485778158672,-1.31220657132807
"cv",40,3,170.863574164526,-4.63735407426137,-1.31518999844181
"cv",40,4,164.591205899068,-1.72597442374184,-1.28455165000571
