"","","","","par1","par2"
"cv",20,1,72.9775773235005,3.2228573042026,-2.92702754083641
"cv",20,2,58.84775819251,4.99999999990601,-2.9507189954843
"cv",20,3,62.445637500511,3.31311395010194,-2.93384922302845
"cv",20,4,89.5787664670896,4.99999999989042,-3.43814431374728
"cv",40,1,155.652436269475,4.99999999993952,-3.12290956690124
"cv",40,2,89.456559184749,4.99999999980434,-3.04857599562776
"cv",40,3,126.045223252697,4.98274138135946,-3.04229519166871
"cv",40,4,127.747102473822,4.99999999998722,-3.1202000387927
