"","","","","par1","par2"
"cv",20,1,71.0417353116439,-0.227675642946144,-2.83029589831718
"cv",20,2,78.4019682820985,-0.181962031558815,-2.92760528700374
"cv",20,3,66.8853714175277,-0.139109454055082,-2.87180286739028
"cv",20,4,91.0511145353633,-0.236853271883069,-3.03170756683076
"cv",40,1,153.684445591519,-0.263812628399378,-3.02760936487481
"cv",40,2,155.0413286526,-0.364990605898671,-2.9228445533558
"cv",40,3,165.788456530752,-0.235459064151929,-3.1030524452393
"cv",40,4,144.297171631385,-0.239406538728174,-2.924079143188
