"","","","","par1","par2"
"cv",20,1,42.6524347176123,-0.187653479138636,-2.4724337265624
"cv",20,2,59.273502911468,-0.211483410663876,-2.53644562998653
"cv",20,3,75.7167110158972,0.083427633876347,-2.53355659972017
"cv",20,4,67.4767592936216,-0.210053422519961,-2.52990029374679
"cv",40,1,127.027645416505,-0.216917803556943,-2.42049853995285
"cv",40,2,149.167979857986,-0.18613863258552,-2.49582057660374
"cv",40,3,131.663468402151,-0.258777018167853,-2.46716811392775
"cv",40,4,156.048049214039,-0.203475820958648,-2.47973635486557
