"","","","","par1","par2"
"cv",20,1,81.2612597746587,-1.79256554364571,-1.49427937673435
"cv",20,2,78.9117494397584,-2.37658883856154,-1.47155766619908
"cv",20,3,70.4645564105166,-1.79509221972777,-1.41813031968532
"cv",20,4,71.4382746480933,-1.79393208103173,-1.43141479182326
"cv",40,1,148.384668235598,-1.76138751873627,-1.54474945844315
"cv",40,2,136.185709271806,-1.77385253247971,-1.51932230993106
"cv",40,3,147.452259138955,-1.78987741093605,-1.54650423620961
"cv",40,4,135.72150339416,-1.69653494327167,-1.51790206887312
