"","","","","par1","par2"
"cv",20,1,101.703042705488,1.41583885558973,-4.3211813634095
"cv",20,2,98.8536404420692,3.17455584041449,-2.92513124913723
"cv",20,3,95.0307132057477,1.51659663688441,-3.24243733359385
"cv",20,4,95.9569600450062,2.48095771233256,-2.20285657816868
"cv",40,1,191.326040757623,2.20422717007017,-1.98921474081839
"cv",40,2,131.799434634308,2.18467878843361,-2.02958431680213
"cv",40,3,209.592767835355,2.26788042134514,-2.11604301877477
"cv",40,4,129.529278721142,2.07240709433347,-1.84192669946751
