"","","","","par1","par2","par3"
"cv",20,1,53.5482477953291,-0.352541440383714,-0.585345700343403,-2.42385008985217
"cv",20,2,41.0095622772536,-1.79368585648493,4.99869386199862,2.81727359753909
"cv",20,3,44.2137184766694,-0.397244347831724,-0.559962809281389,-2.37635722382523
"cv",20,4,54.8414867039999,-0.38486681264269,-0.671841493976679,-2.55561199305264
"cv",40,1,118.96618773366,-0.412722862052395,-0.650789788245925,-2.64874781075518
"cv",40,2,53.7361156461493,-0.374612522984365,-0.685699366319442,-2.60817011886585
"cv",40,3,69.1432988366307,-0.302605057756999,-0.682774258395235,-2.6465060864925
"cv",40,4,89.1593729312287,-0.323567254148277,-0.8022966141345,-2.77834251876087
