"","","","","par1","par2"
"cv",20,1,95.6250593851885,-0.500785396930342,-2.10958694416861
"cv",20,2,93.2738801930007,-0.567821466327257,-0.597268213200752
"cv",20,3,92.5122616952542,-0.44606593017754,-1.96104878041318
"cv",20,4,139.398586467386,1.63492176571359,-4.12829764154255
"cv",40,1,188.448184023971,1.26797557783575,-2.56276285469363
"cv",40,2,187.41581607809,1.39802811806665,-2.44317637124805
"cv",40,3,190.841447793563,1.27556109598756,-2.77260484536098
"cv",40,4,213.487688059598,1.33360480952193,-3.47985283373752
