"","","","","par1","par2"
"cv",20,1,78.1082202195226,-0.893635525161275,-4.9843525483869
"cv",20,2,82.2651917074011,-0.828138545150757,-4.99757800253383
"cv",20,3,80.1173367462984,-2.28789623834632,-4.98938580573092
"cv",20,4,77.9146063405079,-0.912991563278793,-4.99689120992141
"cv",40,1,173.656197664936,-1.98857923740128,-4.98220244332308
"cv",40,2,152.180793536849,-1.12911678053609,-4.99866740222356
"cv",40,3,162.066105478638,-0.770092936858237,-4.99336774496003
"cv",40,4,164.774597500906,-2.80040292850052,-4.99836930931018
