"","","","","par1","par2"
"cv",20,1,75.0723216787527,-0.405152836426831,-1.67707681806525
"cv",20,2,75.0780997736251,-0.644058102799873,-1.61432463361112
"cv",20,3,62.4284419429509,-0.658466172634527,-1.5467885528104
"cv",20,4,73.8406160771849,-0.668395184562362,-1.62569220982501
"cv",40,1,153.015634830996,4.99989618130693,-4.99998400615324
"cv",40,2,179.229850525894,-1.51137352654796,-1.54760220288642
"cv",40,3,146.103022748148,-1.68955992130767,-1.52031554665394
"cv",40,4,180.700514104896,-1.58425137210388,-1.57722733269801
