"","","","","par1","par2"
"cv",20,1,69.8848496378621,-0.125060496429596,-2.38069298822604
"cv",20,2,85.5187386821309,-0.0838266593346329,-2.47009623473695
"cv",20,3,57.2528152601594,-0.1156751020474,-2.2992428227073
"cv",20,4,72.1226849161243,-0.123095108550674,-2.37510670116099
"cv",40,1,146.181121986128,-0.233512487315057,-2.45296346513211
"cv",40,2,126.630591452542,-0.283489994823531,-2.38837679080735
"cv",40,3,138.690813158822,-0.220802160477448,-2.48033117824561
"cv",40,4,175.319330993599,-0.250490014349224,-2.57843528726784
