"","","","","par1","par2","par3"
"cv",20,1,30.9082436249847,1.49583091664344,-3.05137803949539,-2.66746612237897
"cv",20,2,69.8464103738916,1.19607827639418,-1.49669587837695,-2.87110276945682
"cv",20,3,34.4067963273679,1.3629216075907,-4.59362705213708,-2.77252803080261
"cv",20,4,48.3141522581731,1.46707471550538,-3.19153657533762,-2.86308286187374
"cv",40,1,47.7101224392359,-0.485471215969524,-1.43624359096137,-2.77070931812384
"cv",40,2,91.9219484192171,1.27991215578054,-4.99999997840696,-2.82237800699248
"cv",40,3,107.083866762669,-0.498276639462537,-1.45519610223205,-2.92811517649797
"cv",40,4,53.8882944177657,0.150234002996251,-1.31984187149384,-2.76481776410906
