"","","","","par1","par2"
"cv",20,1,60.3831040614137,-0.485165784677145,-1.50776238662946
"cv",20,2,77.9964190070806,-0.671552557329393,-1.56527538889429
"cv",20,3,75.1013597561192,-3.2192066845671,-1.53687112079075
"cv",20,4,73.1442803147512,-0.639197544061902,-1.55095398764278
"cv",40,1,168.650810881125,-1.80139088301295,-1.62267684430265
"cv",40,2,129.199246240181,-1.78553364637462,-1.52890847128638
"cv",40,3,143.892102843089,-1.79946196707211,-1.57062173354691
"cv",40,4,117.319474103554,-1.79959233151885,-1.49772937674158
