"","","","","par1","par2","par3"
"cv",20,1,73.5995951298287,0.156565249973647,-0.770015231734549,-2.15917493008835
"cv",20,2,78.8930248311661,-0.214816067247655,-0.660279218746699,-2.0461251597105
"cv",20,3,91.2858963475373,-0.310638032464646,-0.47227535611868,-1.95590941768703
"cv",20,4,72.1544450100694,-0.278007126664576,-0.747441046054248,-2.06717251228648
"cv",40,1,136.844992994619,-0.274348242241259,-0.794576740427817,-2.29850248439025
"cv",40,2,120.769911255164,-0.378007568214894,-0.702107661904933,-2.21941493834509
"cv",40,3,123.326281208264,-0.350364287022087,-0.667583615034515,-2.17437081976566
"cv",40,4,169.382033893847,-0.430239991298827,-0.577997260200383,-2.18079573658748
