"","","","","par1","par2"
"cv",20,1,88.0205367250857,-0.712492293773694,-4.9831821717607
"cv",20,2,85.0682368176401,-0.566485927334217,-4.98637809475546
"cv",20,3,91.9891916358686,-2.57779928560807,-4.98282969142131
"cv",20,4,87.7291436798377,-0.913802981928097,-4.99489741665325
"cv",40,1,169.186448845283,-0.604690339488816,-4.99410566111287
"cv",40,2,168.388905470515,-0.823134018328253,-4.99442736034592
"cv",40,3,182.365146161449,-3.29967485822434,-4.99404101491607
"cv",40,4,173.673574290708,-3.40196985475771,-4.98675428438908
