"","","","","par1","par2"
"cv",20,1,86.8570445934159,2.11461341576712,-2.51714338082896
"cv",20,2,75.702031974753,2.29200474470247,-2.62389395573981
"cv",20,3,75.5407450242823,2.10182995451126,-2.54870180866426
"cv",20,4,71.8798108116532,2.07815289861125,-2.55674301730629
"cv",40,1,152.564319139925,2.69273966190793,-2.59472837318968
"cv",40,2,150.653256241135,3.63339386984775,-2.79829309518045
"cv",40,3,154.484423126861,3.74046069006098,-2.81492531566337
"cv",40,4,167.534132796865,4.99999999999526,-2.83748840567553
