"","","","","par1","par2"
"cv",20,1,53.3088666673523,0.0209164319374053,-3.47159042489693
"cv",20,2,42.5477876519998,0.436981384236859,-3.2576972862397
"cv",20,3,69.3322347288108,0.107002061988889,-3.21747831339697
"cv",20,4,2.72101221238846,0.372191196772945,-3.29208750998991
"cv",40,1,85.1088950401286,0.518680399489052,-3.1012200880685
"cv",40,2,93.0406180516705,0.421501599808426,-3.1318218985358
"cv",40,3,55.3792119165937,0.848085455832919,-2.93817535739662
"cv",40,4,60.8592626519587,0.411173677884908,-2.96330214719476
