"","","","","par1","par2"
"cv",20,1,93.6364202396413,-3.01637309313593,-4.98738015882515
"cv",20,2,83.4495155573317,-2.75230596223955,-4.9976022167096
"cv",20,3,81.5736826202236,-2.48629186839641,-4.98799023857436
"cv",20,4,90.3386615397534,-0.860359656689353,-4.98883456222142
"cv",40,1,184.510697848105,-1.23047521154438,-4.95253136824407
"cv",40,2,173.155987844661,-2.32618354119544,-4.98850433163939
"cv",40,3,170.105566501073,-1.39711796589075,-4.99888451030951
"cv",40,4,199.43205447277,-3.62453382171901,-4.99819783797975
