"","","","","par1","par2"
"cv",20,1,79.5750420595293,3.28406599413454,-2.53462600284297
"cv",20,2,84.2904984716371,2.39177087598422,-2.41841399172231
"cv",20,3,83.7417287815195,3.42303336919666,-2.72022191043529
"cv",20,4,93.8369279617025,3.03937127948708,-2.71933682648112
"cv",40,1,166.46719548834,2.62988857095892,-2.90728773946849
"cv",40,2,161.438140491027,2.97404797390614,-2.86263986368722
"cv",40,3,135.362681478174,2.6508380103497,-2.76695612375307
"cv",40,4,156.354241553472,2.77794814516402,-2.83257714817895
