"","","","","par1","par2"
"cv",20,1,79.3596620607475,4.99999998409764,-4.99999999916138
"cv",20,2,79.202847728567,4.99999991836429,-4.99999996707653
"cv",20,3,83.9679254654057,4.99999998658263,-4.99999999784672
"cv",20,4,75.8606576517977,4.99999999444864,-4.99999999703657
"cv",40,1,155.678291262347,4.99999992034906,-4.99999999472262
"cv",40,2,158.462571965188,4.99999999766487,-4.99999998752366
"cv",40,3,160.003160265067,4.99999988939633,-4.9999999929349
"cv",40,4,160.16802604256,4.99999976955803,-4.99999998984336
