"","","","","par1","par2"
"cv",20,1,45.2249945295175,-0.447037108552585,-2.84429503463359
"cv",20,2,85.9850284024784,-0.462661571426084,-3.13512764269908
"cv",20,3,53.474265585161,-0.41806905638984,-2.94795629221878
"cv",20,4,94.6462099646799,-0.55868376862447,-3.23582990358256
"cv",40,1,127.442774136253,-0.527732401715528,-3.45040680322781
"cv",40,2,57.6709356301103,-0.456339912353088,-3.29982601858103
"cv",40,3,114.639785100364,-0.510694401748508,-3.35866972051423
"cv",40,4,104.108703314931,-0.47421435210917,-3.31317421910307
