"","","","","par1","par2"
"cv",20,1,69.455093587452,-0.478601695555211,-3.09440006265495
"cv",20,2,59.9670062682283,-0.457487691624506,-3.04697033619682
"cv",20,3,39.6149699246033,-0.297084036852812,-3.11152381058057
"cv",20,4,84.2043686691677,-0.444598018110253,-3.22675340745333
"cv",40,1,119.540461074982,-0.722262762353984,-3.05145207304995
"cv",40,2,183.94425060111,-0.718716537466582,-3.31199511767867
"cv",40,3,115.178046387679,-0.725912743063128,-2.98588401865697
"cv",40,4,114.881460470155,-0.763276186543916,-3.10698221932316
