"","","","","par1","par2"
"cv",20,1,52.1634438998889,-2.95292840332179,-2.0051748346976
"cv",20,2,23.0444427978311,-2.67945816932344,-1.87648317191875
"cv",20,3,42.9391243474004,-2.19528849485379,-1.96615097112203
"cv",20,4,38.9705240846714,-4.35203732381888,-1.94555508386395
"cv",40,1,85.6997687836929,-3.28089201847157,-1.74878849471693
"cv",40,2,107.326663327722,-1.92543022730466,-1.78737658493043
"cv",40,3,113.47733006602,-3.22583364600567,-1.79888142269501
"cv",40,4,104.826194891872,-3.82037062197924,-1.78052528095879
