"","","","","par1","par2"
"cv",20,1,42.5765047392265,-0.358645978128673,-3.03319194019227
"cv",20,2,67.6885557426429,-0.435467245796622,-3.09165868881869
"cv",20,3,76.2075514907196,-0.489764992742614,-3.17962572836959
"cv",20,4,47.0035998891975,-0.40121698509003,-3.03602667425727
"cv",40,1,109.89921158506,-0.409874544771213,-3.04219483049285
"cv",40,2,136.139426740429,-0.452639660364714,-3.00952883197348
"cv",40,3,153.843468492601,-0.371654949232493,-3.01537162361639
"cv",40,4,138.050660804273,-0.426898589080849,-3.02873149141591
