"","","","","par1","par2","par3"
"cv",20,1,43.6467586573026,-0.148989507439293,-0.378739803241112,-2.0720585286582
"cv",20,2,85.1459027732067,-0.390169231755923,-0.185553769454563,-1.99743645561805
"cv",20,3,56.5211527262984,-0.318763744411614,-0.0392480578222978,-1.79848605125178
"cv",20,4,47.8392729098404,-0.148861980822091,-0.212293246777292,-1.93970630926585
"cv",40,1,155.20381750529,-0.353931631064099,-0.651866895989225,-2.35753492927262
"cv",40,2,129.115999384638,-0.388172463914323,-0.62963964116706,-2.28719874277643
"cv",40,3,69.8198983516398,-0.469567902128822,-0.702683673005241,-2.19191063297468
"cv",40,4,157.04499537559,-0.565776957476108,-0.555381637130315,-2.24010111218652
