"","","","","par1","par2"
"cv",20,1,80.211331909506,2.51991121202749,-2.69124949184395
"cv",20,2,91.8338208204926,2.60792366721912,-2.95255692611261
"cv",20,3,80.4114078150916,2.32475523489877,-2.88051893395823
"cv",20,4,79.5903333331996,2.50119852417484,-2.77002318502285
"cv",40,1,163.082219115744,2.50199262008623,-2.70912777103207
"cv",40,2,159.782265251493,2.60986132095561,-2.62800276693944
"cv",40,3,181.596251444603,3.24708371874616,-2.69731534549683
"cv",40,4,177.289661287507,2.60054134666453,-2.75014981682621
