"","","","","par1","par2"
"cv",20,1,83.4890036952761,1.17867433416668,-2.45250300246998
"cv",20,2,82.3260583847814,1.83466805789117,-2.45811830263284
"cv",20,3,79.0651769213798,1.95096205459489,-2.46975724553012
"cv",20,4,79.2064043700662,1.98288227308282,-2.51418568801998
"cv",40,1,158.208403493742,0.9421824207684,-2.33606515597775
"cv",40,2,157.765013380416,0.829106435751615,-2.33004950339759
"cv",40,3,162.242583944544,0.916510228749435,-2.34649497173587
"cv",40,4,171.916281389591,0.921397826629135,-2.3285928394473
