"","","","","par1","par2"
"cv",20,1,95.9159074848085,1.64897638461079,4.99243644995156
"cv",20,2,95.9162543606583,-2.24069304133133,3.96393852889369
"cv",20,3,96.4913263009407,-4.61044936057657,-3.18458541529253
"cv",20,4,96.150449703713,-1.58449141495433,-2.13568432249437
"cv",40,1,259.397610119913,4.88551448161903,-2.6573257913333
"cv",40,2,192.200290846916,2.58706718525841,-2.32261554479555
"cv",40,3,192.302620492552,2.57511128889264,-2.37906191030467
"cv",40,4,192.088666334578,2.53734745705768,-2.34820872749658
