"","","","","par1","par2"
"cv",20,1,36.531073113957,-0.230156089765665,-2.96357683605232
"cv",20,2,80.693549334665,-0.253617497353142,-3.10769832427851
"cv",20,3,65.3017681879567,-0.198558373020842,-3.08216611438127
"cv",20,4,66.9401121226025,-0.217072881444782,-2.99335674742213
"cv",40,1,101.862488543442,-0.352186359640507,-3.16726147613346
"cv",40,2,144.611974176957,-0.348290291048068,-3.27360843680797
"cv",40,3,122.083986279244,-0.297032295450843,-3.17506542326673
"cv",40,4,134.692288344018,-0.34226648520129,-3.20996430397509
