"","","","","par1","par2"
"cv",20,1,79.5466726909038,4.99999997413426,-4.99999999402838
"cv",20,2,80.5186293237196,4.9999999827182,-4.99999999901355
"cv",20,3,78.1057340257278,4.99999999686157,-4.99999999477528
"cv",20,4,81.6534735758406,4.61348402148456,-4.99999999978034
"cv",40,1,156.717971449302,4.99999996079149,-4.99999999469453
"cv",40,2,168.903927364878,4.99999988704831,-4.99999999901465
"cv",40,3,147.261652628124,4.99999996651781,-4.99999999934824
"cv",40,4,152.691830874159,4.99999998055673,-4.99999999534596
