"","","","","par1","par2"
"cv",20,1,73.0294367304876,0.497340414410462,-2.51033942687762
"cv",20,2,87.2229083211165,2.77960402785744,-2.57972511562244
"cv",20,3,86.3454851982061,0.664498746784702,-2.67837379869686
"cv",20,4,91.6934942683689,1.47656542030674,-2.51528815249118
"cv",40,1,184.848493739697,3.68431083715915,-2.98370729132926
"cv",40,2,160.328169950461,3.33067507708701,-2.90721164653284
"cv",40,3,163.375931520551,4.99999999999125,-3.14576144717143
"cv",40,4,147.154446890406,4.99999999999019,-3.27456252679183
