"","","","","par1","par2"
"cv",20,1,78.5637412782585,3.17647904742472,-2.58763132707104
"cv",20,2,71.4759034758514,3.09466633666123,-2.51575957418299
"cv",20,3,78.251560204688,2.97913725045571,-2.54155810975546
"cv",20,4,57.5255029613744,3.32066345922926,-2.52237622908333
"cv",40,1,163.059586057327,3.67455378635368,-2.65736707245914
"cv",40,2,163.777364402099,3.24628952889407,-2.59257026753295
"cv",40,3,132.993063711455,3.43220830264833,-2.65275361309089
"cv",40,4,156.714667411239,4.14136546920711,-2.7341990559764
