"","","","","par1","par2"
"cv",20,1,89.9689291460732,-1.95727099270329,-4.98464226284019
"cv",20,2,86.6838270417475,-2.89787612363012,-4.99796534083706
"cv",20,3,86.7427550925027,-3.25858638857306,-4.99949133908277
"cv",20,4,86.7015796163578,-0.896639009885865,-4.9726033434426
"cv",40,1,169.986077240588,-0.696242889488249,-4.98379176234589
"cv",40,2,166.904342274191,-3.30293356564007,-4.96713411583834
"cv",40,3,169.142344219314,-0.847275034237338,-4.99417776375978
"cv",40,4,164.509088058696,-3.30751064692092,-4.97494603092223
