"","","","","par1","par2"
"cv",20,1,78.8491423912799,-0.599736149770352,-1.26930234330222
"cv",20,2,90.6466512849775,-3.37378649848494,-1.34695826184321
"cv",20,3,89.010474452588,-0.337954879138086,-1.43174344127479
"cv",20,4,74.4502509750756,-0.459870776857067,-1.24497273298117
"cv",40,1,136.128829850599,-0.214600678248587,-1.67069442579052
"cv",40,2,126.80122676196,-2.70662560810714,-1.46571771485112
"cv",40,3,174.029511615138,-2.21342084178219,-1.58903788169973
"cv",40,4,142.641763941279,-0.71917133697234,-1.51964429803833
