"","","","","par1","par2"
"cv",20,1,80.0311966898943,0.113366522433632,-2.24374732923919
"cv",20,2,72.2163142519706,0.161752475397934,-2.23924472610096
"cv",20,3,67.785605663236,0.170575105284056,-2.2075242993254
"cv",20,4,93.6214411360623,0.64291162620858,-2.28943603343887
"cv",40,1,134.063150938189,-0.297434950544679,-2.45088978755821
"cv",40,2,141.042012239731,-0.286441598540055,-2.50050085930794
"cv",40,3,169.374131864189,-0.236388791206708,-2.54424647276643
"cv",40,4,134.174985861416,-0.0870245791844899,-2.43182647692022
