"","","","","par1","par2"
"cv",20,1,66.9492954378307,-0.183960127746494,-2.85553870333006
"cv",20,2,79.454330498548,-0.182905412444965,-2.93730140667629
"cv",20,3,75.8768801795731,-0.310828668721943,-2.91032174188166
"cv",20,4,77.0971867723354,-0.234508158511196,-2.90513328213078
"cv",40,1,172.546629041522,-0.398079312241835,-3.08237221399427
"cv",40,2,133.210062487854,-0.305088552503835,-2.95632115225877
"cv",40,3,151.241670723389,-0.327497496554031,-3.0599880496471
"cv",40,4,118.771470535791,-0.323073941683579,-2.955297550992
