"","","","","par1","par2","par3"
"cv",20,1,64.5013448394996,-0.225108677895367,-0.768574008208553,-2.50408676379881
"cv",20,2,74.6453005518761,-0.349710972407306,-0.689173778223059,-2.40767080207717
"cv",20,3,40.1961562649231,-0.226685172359595,-0.802083394889219,-2.38863285356923
"cv",20,4,55.7939916093594,-0.220619966347603,-0.711369086711237,-2.3891746564348
"cv",40,1,112.660444419391,-0.430766290414078,-0.631316851629406,-2.35989009055964
"cv",40,2,108.723573334959,-0.455466852609724,-0.543898887214374,-2.25667775041803
"cv",40,3,98.6960956754098,-0.30937256924063,-0.715778609865946,-2.42117845137728
"cv",40,4,127.655216214125,-0.369420055017916,-0.682441362587525,-2.47230633534516
