"","","","","par1","par2"
"cv",20,1,83.9183672051254,-0.337863438413713,-2.51961790938419
"cv",20,2,78.6624587218361,-0.13492948392715,-2.60114716235135
"cv",20,3,101.565972921587,-0.288359161718954,-2.78115056499867
"cv",20,4,83.0308753427716,-0.267456152253281,-2.61931182627596
"cv",40,1,144.934278270948,-0.480421253863517,-2.67826390446476
"cv",40,2,163.566365475508,-0.358717900437431,-2.95961649843747
"cv",40,3,173.17618360056,-0.411280916900368,-2.88128595125476
"cv",40,4,160.17448004661,-0.41236364052754,-2.78996278606972
