"","","","","par1","par2","par3"
"cv",20,1,48.6115734769865,-0.170212676460505,-0.812670596861767,-2.44338675188188
"cv",20,2,49.4797066101457,-0.196246001273133,-0.786169396278111,-2.4228814812769
"cv",20,3,70.9222776799556,-0.235883230699434,-0.822989462607953,-2.54893302790255
"cv",20,4,65.7797884720893,-0.185628249990918,-0.720807550755603,-2.44902567528213
"cv",40,1,142.297346794428,-0.393626035048148,-0.751500017808586,-2.47239404571129
"cv",40,2,85.9608492993225,-0.256958170349498,-0.799836995715363,-2.42164377369407
"cv",40,3,119.336271880025,-0.356958640467334,-0.638113606029448,-2.34101019052716
"cv",40,4,124.881163154342,-0.300579578508465,-0.836158692576837,-2.55550740851956
