"","","","","par1","par2","par3"
"cv",20,1,52.7406776407817,-0.440510933425049,-0.702511615635844,-2.59662559231967
"cv",20,2,37.8670980458098,-0.406492018816527,-0.670580225891945,-2.53401208657266
"cv",20,3,49.9703800675901,-0.380445023500222,-0.65309405734609,-2.53572711433668
"cv",20,4,39.9454916816693,-0.490569029085775,-0.545632946459773,-2.38945588732093
"cv",40,1,139.623864533623,-0.404201546447273,-0.682562012111637,-2.51859788209552
"cv",40,2,104.461998753555,-0.472875207137375,-0.545113330169991,-2.28650946757975
"cv",40,3,99.9364633140299,-0.470959763746031,-0.608497773697588,-2.3420405114573
"cv",40,4,106.074097812717,-0.389234925485768,-0.617480835980501,-2.34263334810827
