"","","","","par1","par2"
"cv",20,1,52.92178499009,-1.77577630346522,-1.65302188296046
"cv",20,2,51.4177982476,-1.77592737936383,-1.64601760908711
"cv",20,3,62.6398803062382,-1.79439287913884,-1.68507908496516
"cv",20,4,75.6138628619121,-1.80099169490431,-1.74320403540121
"cv",40,1,137.81380973579,-1.76175944041461,-1.71615964471199
"cv",40,2,100.457122554851,-1.73214661784785,-1.63952999583301
"cv",40,3,125.018909589001,-1.76542211796072,-1.69045062597954
"cv",40,4,119.171827827463,-1.76590342306064,-1.67977459363652
