"","","","","par1","par2"
"cv",20,1,69.6151956388109,0.556188505531777,-2.13463562633987
"cv",20,2,82.8572962080515,0.0293535904124657,-2.24318703475811
"cv",20,3,81.8772691051422,0.0920226822567691,-2.23766154607704
"cv",20,4,93.7291926368614,0.0795783094471092,-2.3566263118649
"cv",40,1,140.741463478508,-0.109354412920232,-2.26736711263314
"cv",40,2,166.593594098418,-0.0793980563759041,-2.3700185011517
"cv",40,3,153.540775321411,0.0448640736520093,-2.34536798453731
"cv",40,4,177.066706402833,-0.0491145614501249,-2.40781797943588
