"","","","","par1","par2"
"cv",20,1,94.3659451126331,1.13920909729012,-2.6335634498152
"cv",20,2,95.7953331762464,1.61310925290351,-2.63863672275441
"cv",20,3,74.0705292638286,1.71172851613572,-2.44706332258696
"cv",20,4,80.5666296817754,1.04995452846475,-2.61019760767942
"cv",40,1,173.933140378497,0.874027226531002,-2.30407577711104
"cv",40,2,172.431369032299,0.904276468526257,-2.26570598393664
"cv",40,3,171.180286119278,1.0036625514232,-2.33193501569226
"cv",40,4,174.247933170576,0.823771980557013,-2.28449095185306
