"","","","","par1","par2"
"cv",20,1,82.4166285414778,-0.224801872895926,-2.53805130798903
"cv",20,2,51.7574421307773,-0.143461575290956,-2.35028869732673
"cv",20,3,53.1657328526284,-0.1527814377391,-2.41112267669539
"cv",20,4,81.042705888421,-0.0237721329883735,-2.50817820600345
"cv",40,1,142.471366359197,-0.297406045155554,-2.54670429547238
"cv",40,2,147.009072367888,-0.192457833840813,-2.52989355166086
"cv",40,3,127.730720946494,-0.283743079158409,-2.50038651480037
"cv",40,4,140.34034074056,-0.237688935754067,-2.57190234815168
