"","","","","par1","par2"
"cv",20,1,79.3397172931415,-3.39876576118933,-4.98849710545127
"cv",20,2,78.0805168946115,-1.00060467156776,-4.98270984916501
"cv",20,3,81.9253083251094,-1.13402308272504,-4.99381222832331
"cv",20,4,82.0466811995487,-2.53153864056029,-4.97264695655663
"cv",40,1,154.049966525709,-1.01974701788732,-4.99600222593307
"cv",40,2,165.17063450149,-0.989392729243282,-4.97948502072277
"cv",40,3,164.821034719447,-1.26988673403553,-4.99880201028089
"cv",40,4,162.946378152572,-2.18054853175772,-4.99456734037616
