"","","","","par1","par2"
"cv",20,1,61.507979922951,-0.386113385406545,-2.54069322747334
"cv",20,2,60.116039691112,-0.442423686924484,-2.51770115902028
"cv",20,3,62.401757315561,-0.324400144600467,-2.53817655410723
"cv",20,4,62.5306454387453,-0.336506976445127,-2.53380203104119
"cv",40,1,138.421749010825,-0.475312079743066,-2.53048671076614
"cv",40,2,139.523659562122,-0.463217238467848,-2.48933220930419
"cv",40,3,120.846435460224,-0.518603121037036,-2.4231521271846
"cv",40,4,122.253837093292,-0.381712075190898,-2.43916146872848
