"","","","","par1","par2","par3"
"cv",20,1,62.8382455367706,-0.240755718766082,-0.740520087968094,-2.37889670722065
"cv",20,2,76.5845411458711,-0.194523347337778,-0.709475994565831,-2.43145400231601
"cv",20,3,59.1295237198257,-0.226746145171851,-0.764692525665146,-2.40585349535815
"cv",20,4,70.2109058039507,-0.15488024648601,-0.702330894782091,-2.35105799241801
"cv",40,1,102.446498777836,-0.336020425025826,-0.780558336160776,-2.44578416491227
"cv",40,2,118.006960008565,-0.398477341542469,-0.809815419468994,-2.50541160918385
"cv",40,3,126.989992474009,-0.35968248635414,-0.792140282339055,-2.54517860347449
"cv",40,4,132.442388497191,-0.392195837007188,-0.782696209859984,-2.51845668170728
