"","","","","par1","par2"
"cv",20,1,84.4398373440318,-0.477707620602654,-3.10107252201504
"cv",20,2,46.5818181882003,-0.427389223962309,-2.88319011387443
"cv",20,3,47.0779729397295,-0.39915175343448,-2.97630623727538
"cv",20,4,77.4663764836631,-0.351453717105618,-3.08417925929309
"cv",40,1,137.6461828134,-0.434508559209564,-3.19759276752274
"cv",40,2,146.493535483445,-0.323466319348701,-3.25710597479253
"cv",40,3,114.719832159921,-0.406715414209772,-3.13446945990016
"cv",40,4,130.090772570246,-0.369017296999349,-3.23655406920133
