"","","","","par1","par2"
"cv",20,1,67.4216367452578,-3.21176756850311,-1.70708822680282
"cv",20,2,59.0812306817378,-3.07489307134249,-1.67220935072151
"cv",20,3,68.8497910557164,-4.15895631542552,-1.70890241314017
"cv",20,4,48.6449438621038,-3.49600346147053,-1.62175155888598
"cv",40,1,123.598439436809,-3.1611218680086,-1.59450875717293
"cv",40,2,148.482697212071,-2.44494514717795,-1.65221115131157
"cv",40,3,128.539405466406,-4.15256259826645,-1.6085224947822
"cv",40,4,120.652940601203,-2.99905220540737,-1.59073346471201
