"","","","","par1","par2"
"cv",20,1,82.5435327876296,-0.637191008337581,-4.97068768917055
"cv",20,2,89.0875381199045,-0.720581871346862,-4.96371106868677
"cv",20,3,92.4189339875635,-4.99471401088163,-4.97749983419605
"cv",20,4,86.5899697768052,-0.744127123755733,-4.99293362442048
"cv",40,1,162.890406155975,-0.834251073082039,-4.9961581728609
"cv",40,2,161.613259138679,-0.594372638535694,-4.99817911404259
"cv",40,3,164.082327977349,-0.592703297029035,-4.98178616227138
"cv",40,4,178.128099562465,-0.906148681173042,-4.99344844794558
