"","","","","par1","par2"
"cv",20,1,71.6109409939707,-0.416668163159185,-2.68854508134831
"cv",20,2,82.4959152440097,-0.478788623633138,-2.75609380731045
"cv",20,3,76.6860935783376,-0.37515099317508,-2.68577791902553
"cv",20,4,78.5966104992778,-0.40698379349018,-2.6755485864226
"cv",40,1,151.727211291246,-0.520375874253511,-3.17339355238332
"cv",40,2,124.41637490691,-0.619426393295394,-3.07754357054487
"cv",40,3,133.684302503868,-0.574841120598289,-3.03265114746634
"cv",40,4,145.253573560156,-0.602092246939939,-3.09363502605676
