"","","","","par1","par2","par3"
"cv",20,1,47.6166900455812,-0.290472322018719,-1.10070092310236,-2.94793056303003
"cv",20,2,61.9384135244618,-0.191431284100245,-0.926361943697463,-2.86292242040487
"cv",20,3,69.4474997244596,-0.103077567678074,-0.93605583981115,-2.70350989258055
"cv",20,4,40.1708962967248,-0.201587887427591,-1.08868403898038,-2.78811053725703
"cv",40,1,116.100800935193,-0.144242573917201,-1.88372843342847,-3.78502007690021
"cv",40,2,175.470585921209,0.414543201803905,-1.79452965003861,-3.23061699284401
"cv",40,3,63.2312832475888,-0.277209558208351,-1.54373099055803,-3.22088648294994
"cv",40,4,42.1992738676999,-0.433469080197568,-1.51550014880074,-3.12685968729416
