"","","","","par1","par2"
"cv",20,1,87.1051749072142,0.217282436681824,-2.76492268861599
"cv",20,2,81.1364753134867,0.294995122295797,-2.77138499325847
"cv",20,3,64.7646550228243,3.61851701015164,-3.04265492549803
"cv",20,4,64.7004283728168,0.319670649166652,-2.55455465176739
"cv",40,1,181.100926876984,-0.0285474833256099,-2.8309381678749
"cv",40,2,188.720684291602,-0.0497384644744211,-2.87090849203581
"cv",40,3,116.923756136167,0.0258196988536582,-2.60512893128232
"cv",40,4,227.914729100798,3.91585658538435,-3.34996774948092
