"","","","","par1","par2"
"cv",20,1,94.8861649221604,-1.64858592134557,-1.54172558374984
"cv",20,2,61.0950532611543,-1.64852259624831,-1.30820650642641
"cv",20,3,76.27758365403,-2.39378920785569,-1.42880987753076
"cv",20,4,78.2034609520177,-1.64888253751715,-1.44857904566377
"cv",40,1,157.409150842583,-1.76536347218948,-1.48394802870776
"cv",40,2,134.041790928806,-1.6602508400179,-1.40804445587662
"cv",40,3,139.678431103641,-1.66044514378374,-1.43258343530767
"cv",40,4,173.436395608208,-1.65700173828635,-1.5254457444578
