"","","","","par1","par2"
"cv",20,1,56.9686697104848,-3.24769386801501,-1.528343763049
"cv",20,2,68.5498234961679,-3.48099414854683,-1.59309664435899
"cv",20,3,75.5980679272548,-3.27612922536003,-1.62373884243887
"cv",20,4,70.3747385386314,-4.57175795825286,-1.60073687412192
"cv",40,1,171.039153233763,-1.653097135536,-1.49845186479172
"cv",40,2,161.006261541,-2.03894994609459,-1.46497033398521
"cv",40,3,149.327922369303,-1.6525983270874,-1.43298040329415
"cv",40,4,129.657424073537,-1.65242617588759,-1.35857567064422
