"","","","","par1","par2"
"cv",20,1,83.7147779132374,-0.841097671820047,-4.99639441169031
"cv",20,2,87.7964190490436,-1.50561347630319,-4.98946013143696
"cv",20,3,84.4280833195194,-4.30089885663665,-4.97159417021787
"cv",20,4,84.7040534159893,-1.34673750312536,-4.9903193990708
"cv",40,1,169.410788824877,-2.93693388152586,-4.97108351800447
"cv",40,2,163.469632174282,-4.3657904107338,-4.99535897624324
"cv",40,3,158.352391695278,-1.68887121520697,-4.99814217325479
"cv",40,4,173.786096398457,-3.51154656425595,-4.99163787818958
