"","","","","par1","par2"
"cv",20,1,86.3310353284017,0.940548965267181,-2.54187571035652
"cv",20,2,83.7566609124319,0.863843462901956,-2.5452926388737
"cv",20,3,108.258301530176,2.37209866139247,-2.86373109254422
"cv",20,4,86.5796451834919,0.784743521606789,-2.57217967219856
"cv",40,1,168.924022139197,1.97589996141759,-2.54619123729447
"cv",40,2,173.983884156494,1.83431128998519,-2.6839301837277
"cv",40,3,175.058050177667,1.21846134033025,-2.43434292046949
"cv",40,4,192.58378718079,1.85552912145508,-2.74999326503873
