"","","","","par1","par2"
"cv",20,1,78.9641795813694,0.167050250877529,-1.99941863620106
"cv",20,2,88.5407419216664,0.397964140973771,-2.12763239993652
"cv",20,3,97.8782837054434,1.0606668924619,-2.15561492516802
"cv",20,4,77.8305030093077,1.17878066379836,-1.91691097691559
"cv",40,1,147.303477997099,-0.00141750275188941,-2.46748955505134
"cv",40,2,139.510452122573,-0.0828829840566077,-2.35933586643908
"cv",40,3,172.564386825579,-0.160051585833901,-2.48027853829019
"cv",40,4,146.045453044475,-0.208309368335803,-2.38610822254165
