"","","","","par1","par2"
"cv",20,1,75.9417560090126,3.24406662102589,-2.88801814635167
"cv",20,2,89.3375353732115,3.57626243758358,-2.8287698353129
"cv",20,3,63.7301797795466,2.39558078649276,-2.66761581176668
"cv",20,4,69.1015448822274,3.26692848685905,-2.6805793921134
"cv",40,1,141.948131055338,3.64319997856179,-2.81103963624217
"cv",40,2,162.551536161799,4.99999999999831,-2.84741652008248
"cv",40,3,156.784721893899,3.12963975550833,-2.80287925680041
"cv",40,4,144.871775785384,3.5488730812182,-2.90732793077564
