"","","","","par1","par2"
"cv",20,1,82.1117306488087,1.68662030848025,-2.56398115923262
"cv",20,2,93.2217734578734,1.9568477282919,-2.51161757879227
"cv",20,3,88.4008377217761,1.19853174159362,-2.52196057496288
"cv",20,4,80.8904683401396,1.10174798629927,-2.51338380816249
"cv",40,1,165.12508335554,0.503348262266817,-2.3924299323381
"cv",40,2,160.697821738437,0.490584903076987,-2.38771450803215
"cv",40,3,178.75316667353,0.515459353478027,-2.36259528431993
"cv",40,4,188.01795149305,0.752509680458197,-2.40962189353238
