"","","","","par1","par2"
"cv",20,1,79.4815660839453,-0.82636448242892,-4.93851997338024
"cv",20,2,80.4999164194638,-3.34073551578804,-4.96699554477247
"cv",20,3,96.7511023461727,-0.972422155748883,-4.99554039725934
"cv",20,4,93.9748903725627,-2.39612180500548,-4.99560653032682
"cv",40,1,167.5493643811,-4.66963850804797,-4.94066330449367
"cv",40,2,168.774635575991,-1.15576737538933,-4.9954210862157
"cv",40,3,191.653299318852,-0.705986311265473,-4.97520733484422
"cv",40,4,196.862783197061,-0.752306553859675,-4.97308075657765
