"","","","","par1","par2"
"cv",20,1,82.4412249480276,-4.892712472938,-4.99799167749835
"cv",20,2,80.8163778370329,-3.12061999208928,-4.96618648917982
"cv",20,3,80.0002643130981,-4.45663853488916,-4.97649348947725
"cv",20,4,82.211021104197,-3.19356798257482,-4.99009268843665
"cv",40,1,158.375297286944,-2.08637772109877,-4.9947205173907
"cv",40,2,166.961627545455,-3.99200013965107,-4.97676617004991
"cv",40,3,160.564768369165,-1.41131029355593,-4.99607897780627
"cv",40,4,155.967864563512,-2.38863477699246,-4.99925843737623
