"","","","","par1","par2"
"cv",20,1,64.3895980787966,2.94161918815905,-2.52985954089385
"cv",20,2,67.3392948698729,3.07482918818269,-2.74118169859905
"cv",20,3,76.4184455153524,3.09057049798946,-2.69053927259193
"cv",20,4,91.1145780297272,3.01274449224864,-2.80814034059837
"cv",40,1,186.298034503345,1.07972003390654,-2.34648440046487
"cv",40,2,163.926642577824,2.65438780575388,-2.48779668109089
"cv",40,3,191.85841514514,4.99999998507012,-2.94760782632564
"cv",40,4,156.654483086815,0.995853423669961,-2.24562960077829
