"","","","","par1","par2"
"cv",20,1,98.9836678558784,-1.79492992466317,-1.70528314140215
"cv",20,2,79.2729845074049,-1.90596929006246,-1.63028434041384
"cv",20,3,48.7797945396317,-1.77006292273916,-1.45642222361645
"cv",20,4,54.9060732101995,-1.79474533845978,-1.51008856180059
"cv",40,1,144.5799457767,-1.65706715836036,-1.43310051806933
"cv",40,2,145.199899810043,-1.65701092229536,-1.42920092443902
"cv",40,3,172.898833761859,-1.76563285551388,-1.51065953214101
"cv",40,4,141.11999769904,-1.65743954399161,-1.41990280567831
