"","","","","par1","par2"
"cv",20,1,57.2036512057804,-1.65843150524645,-1.47010936413716
"cv",20,2,79.8002343026509,-1.65309188529772,-1.58752015574058
"cv",20,3,77.5317746426638,-1.65777474717636,-1.57893314651445
"cv",20,4,69.9185589800556,-3.48425518801726,-1.54363805630655
"cv",40,1,145.272273199308,-1.79162908392959,-1.54745562366938
"cv",40,2,120.346857841936,-1.76136007555625,-1.48149874120298
"cv",40,3,148.521651197258,-1.79478762213354,-1.54887302716156
"cv",40,4,151.675344780514,-3.74302714332311,-1.56399137212816
