"","","","","par1","par2","par3"
"cv",20,1,42.0464615770219,-0.125550626580503,-0.700672872650818,-2.45814874456991
"cv",20,2,67.6714414950956,-0.264027592034839,-0.565524698597655,-2.39925937713589
"cv",20,3,59.8022587609209,-0.16695829677263,-0.505162997295138,-2.35255523285565
"cv",20,4,71.199169342174,-0.205070609516814,-0.747633363170161,-2.67095070000873
"cv",40,1,103.89760609762,-0.289851167199202,-0.364670141776528,-2.01962055943417
"cv",40,2,134.5515890036,-0.218524873524031,-0.439081735014591,-2.1521290084486
"cv",40,3,119.676091289854,-0.23990807824422,-0.341465312813647,-2.03019221180335
"cv",40,4,129.901149718803,-0.255405645278593,-0.37881729588026,-2.08508458553688
