"","","","","par1","par2"
"cv",20,1,94.9854413345834,-0.534944468157817,-2.49108239889388
"cv",20,2,62.3485766007208,-0.320878866940392,-2.3454700761383
"cv",20,3,64.2230926625416,-0.372390690749061,-2.3576971945252
"cv",20,4,57.5543172259098,-0.752382057912322,-2.30133693194648
"cv",40,1,148.773535120165,-1.78910810353369,-2.29818975642706
"cv",40,2,182.123406886426,-0.723206235679859,-2.44813890909937
"cv",40,3,135.761075027256,-0.0809296564562189,-2.29327771693052
"cv",40,4,155.162522927209,-2.0101684379731,-2.2971857299663
