"","","","","par1","par2"
"cv",20,1,80.5333581204671,0.437317946995992,-2.59339418630074
"cv",20,2,77.7319612265634,0.481373985810309,-2.42442647112091
"cv",20,3,77.0195420702677,0.527571196831899,-2.36399010337718
"cv",20,4,95.4149285200862,0.470794309971596,-2.48642576788758
"cv",40,1,150.036174484185,2.98509277323669,-3.35263731647554
"cv",40,2,191.587223203891,3.05606975386343,-3.46797199277502
"cv",40,3,141.77010900166,2.91200695337566,-3.23503078203508
"cv",40,4,172.159255325536,3.72419364300544,-3.5383882258858
