"","","","","par1","par2"
"cv",20,1,86.1811796832148,-0.709434303194441,-4.98026133148109
"cv",20,2,89.0859469120714,-0.643868858460337,-4.96626375311179
"cv",20,3,86.9929908162287,-0.476351879793853,-4.99980889284287
"cv",20,4,86.6645389426291,-0.594320524487459,-4.9788897044789
"cv",40,1,167.797381185934,-0.590720175204952,-4.98218105997529
"cv",40,2,166.647685576407,-0.64838641634793,-4.98938787286741
"cv",40,3,166.817575826013,-0.643229294378267,-4.98057939329188
"cv",40,4,174.659285329592,-0.611896948733567,-4.9845363122529
