"","","","","par1","par2"
"cv",20,1,104.469592971537,-1.61203451991984,-1.18771806399238
"cv",20,2,85.3173973999375,4.99999990114669,-4.99999999461802
"cv",20,3,82.1786800595544,4.9999997729747,-4.99999999965372
"cv",20,4,82.007419734999,4.99999994710448,-4.99999999745925
"cv",40,1,153.376938408228,4.99999998862674,-4.99999999505469
"cv",40,2,164.463424833064,4.99999994203065,-4.99999999646435
"cv",40,3,154.61778208986,4.99999933311368,-4.99999998848337
"cv",40,4,156.125654479422,4.99999954678182,-4.99999999700756
