"","","","","par1","par2"
"cv",20,1,74.9909798962802,0.0795906788054257,-2.19523260285852
"cv",20,2,81.6760371852225,0.114718878671191,-2.24696970408198
"cv",20,3,72.6267114006021,0.259055403355225,-2.15187595291569
"cv",20,4,87.2785033713507,0.0606772863443098,-2.30939544046663
"cv",40,1,154.980046193461,-0.106901254522318,-2.36986771871241
"cv",40,2,158.940699508067,-0.169525704380917,-2.34958178871945
"cv",40,3,163.484105322657,-0.0627749701462013,-2.42652047353537
"cv",40,4,149.844743653867,-0.0340125937182802,-2.31783701723355
