"","","","","par1","par2"
"cv",20,1,43.5721588079829,-4.06578480056959,-1.69274203316113
"cv",20,2,71.688951343209,-2.04280823397641,-1.80342901029935
"cv",20,3,51.7940564754237,-2.02816554235733,-1.72233529190911
"cv",20,4,58.7948559517606,-3.34664937809121,-1.75139069487578
"cv",40,1,138.746204484612,-1.69393237791894,-1.59517729407286
"cv",40,2,139.276893945841,-1.69592542368815,-1.59433571426873
"cv",40,3,150.222903745932,-1.77582272761732,-1.61580912171208
"cv",40,4,113.411275300353,-1.79450011689856,-1.52384575412895
