"","","","","par1","par2","par3"
"cv",20,1,50.3450963494538,0.0402842077472386,-0.761917679257701,-2.21241100276136
"cv",20,2,82.6850584926067,0.0617032612802556,-0.780548144396895,-2.46237233439552
"cv",20,3,85.3116283384317,-0.134033489749591,-0.72155921327966,-2.28169488089649
"cv",20,4,67.3517466234001,-0.0575234379190492,-0.664116603538129,-2.19015018361599
"cv",40,1,152.109345740072,0.147718898468198,-0.539902793642674,-2.10434588171437
"cv",40,2,141.367951198146,0.267001874589176,-0.461474187982932,-2.12583055636669
"cv",40,3,174.786270258032,0.150833799700133,-0.597617643759898,-2.19066848650182
"cv",40,4,152.535400911694,0.132538652355796,-0.547732682241104,-2.12139247877466
