"","","","","par1","par2"
"cv",20,1,96.1132188143692,1.75536460203927,-2.58249114181396
"cv",20,2,95.9933948196747,1.74268009422909,-2.85648860568529
"cv",20,3,92.332731767383,-0.696012019995293,-4.97554107439275
"cv",20,4,111.648198698332,2.21464052478684,-2.8457826319982
"cv",40,1,203.198388752733,2.35363315455769,-2.37131049430247
"cv",40,2,62.7740194848287,2.37414200047856,-1.96065830226048
"cv",40,3,106.085188999053,2.20886336432963,-2.21450273501361
"cv",40,4,191.960411556454,2.3066343783098,-2.21483858700312
