"","","","","par1","par2"
"cv",20,1,30.9160293038735,1.50387426918591,-2.66899429843458
"cv",20,2,68.6751548277262,1.44286445659148,-2.8717228031854
"cv",20,3,34.4246556881307,1.37023069372945,-2.77298683446187
"cv",20,4,48.3390033890269,1.47609475842467,-2.86441630283256
"cv",40,1,44.0375040076869,0.435733347627665,-2.72114475125881
"cv",40,2,91.9025060770702,1.27442692375733,-2.82276792997052
"cv",40,3,104.768423633244,1.20871439796532,-2.94164570167
"cv",40,4,34.1678779796881,1.12032844228026,-2.72551126308497
