"","","","","par1","par2"
"cv",20,1,84.425517186443,-1.79042801914443,-1.29290670532864
"cv",20,2,87.3489168368578,-1.64763476754137,-1.31367824620049
"cv",20,3,80.8319626216781,-0.58472601759622,-1.27539075298759
"cv",20,4,80.021814317393,-0.560374599238413,-1.27758113185835
"cv",40,1,139.46964732713,-3.59223183016934,-1.39525789105554
"cv",40,2,148.638310074527,-1.69609207358307,-1.43203528377846
"cv",40,3,152.937264843154,-0.705973638446907,-1.45225558778249
"cv",40,4,167.588489704393,-1.69587890134535,-1.48285124265797
