"","","","","par1","par2"
"cv",20,1,78.0854633147293,4.99999999994973,-3.09666520590864
"cv",20,2,60.4473015336426,3.28785399108195,-2.77263526290953
"cv",20,3,59.1249439527163,2.98923279816284,-2.75850276850396
"cv",20,4,71.6198539503191,3.38589791574569,-2.94933691451642
"cv",40,1,119.752205983539,4.51463645662781,-3.15000204289093
"cv",40,2,180.401454082301,3.78793530649676,-3.48356033064208
"cv",40,3,155.475515098826,3.78544309535654,-3.06627601432686
"cv",40,4,154.861011772558,4.44554192763721,-3.07829434210222
