"","","","","par1","par2"
"cv",20,1,78.9748459782435,4.99998936638425,-4.99999913055749
"cv",20,2,80.9566737434881,4.99999999752048,-4.99999999877862
"cv",20,3,77.7500302565419,4.99999922197969,-4.99999881716048
"cv",20,4,95.7798222085799,4.43287380039692,-4.7798872157
"cv",40,1,157.713870405095,4.99999673579488,-4.99999999754854
"cv",40,2,154.117884300534,4.99999956437696,-4.99999999329889
"cv",40,3,154.256328900643,4.99999984314802,-4.99999999945461
"cv",40,4,158.673220057568,4.99999982933565,-4.99999998305839
