"","","","","par1","par2"
"cv",20,1,68.2093462360171,-0.0788303663083982,-2.45459184619756
"cv",20,2,63.3397156794823,0.0193123639986468,-2.43791460506455
"cv",20,3,72.3434780804616,0.0470916059706296,-2.49829234696422
"cv",20,4,58.4707692437209,-0.0586465161457234,-2.41884521618474
"cv",40,1,157.346006148649,-0.298894793098315,-2.46318885028698
"cv",40,2,134.160251562847,-0.303674288096011,-2.47584265960723
"cv",40,3,164.235294896231,-0.302668110752182,-2.57230659067153
"cv",40,4,117.69204188164,-0.251189556678297,-2.37786787983452
