"","","","","par1","par2"
"cv",20,1,81.0973798306157,-1.2077988459159,-4.98955283652368
"cv",20,2,87.4846454320587,-1.15018260110155,-4.95318050391856
"cv",20,3,87.5334843674466,-1.21889743397325,-4.99348183516142
"cv",20,4,86.0764208244132,-0.673060627758315,-4.99696957659507
"cv",40,1,160.496732258088,-3.15668892900578,-4.99247911279812
"cv",40,2,166.237208649171,-0.98107817760452,-4.98045975887007
"cv",40,3,160.329166321861,-4.61992414255116,-4.99910160443816
"cv",40,4,164.668226676778,-1.4862733587494,-4.99516518480583
