"","","","","par1","par2"
"cv",20,1,82.6766463470698,-3.09614988342239,-4.99964781306316
"cv",20,2,81.2791228409075,-3.80663767307433,-4.99994235437935
"cv",20,3,80.4034076667103,-3.81410355910954,-4.93736485157092
"cv",20,4,86.2202183651364,-2.38954859311012,-4.99082078555978
"cv",40,1,157.525422512078,-2.37897066199014,-4.99440931777857
"cv",40,2,171.384403410565,-3.08946472725136,-4.98161115015072
"cv",40,3,158.477875139544,-4.13143180118242,-4.98471428238109
"cv",40,4,153.515547060661,-3.80614545003476,-4.99745476474914
