"","","","","par1","par2","par3"
"cv",20,1,83.0965107931503,-0.190884977453156,-0.844487968627602,-2.20702720488714
"cv",20,2,94.1019878322348,0.97810705371164,-0.158293910227243,-2.1530752658116
"cv",20,3,92.727160436766,-0.174254017225862,-0.577546971463675,-2.03668854716223
"cv",20,4,79.2564952613547,-0.119714895627653,-0.741718092202157,-2.06037500856017
"cv",40,1,134.786272309281,-0.322705363655144,-0.77719559136191,-2.25062698974665
"cv",40,2,151.842559778758,-0.194590371155316,-0.701773154119463,-2.23706322965655
"cv",40,3,171.852131859775,-0.245035465519209,-0.683857063829708,-2.30269499706209
"cv",40,4,153.295837524334,-0.283545904814414,-0.709865695261051,-2.22328013498078
