"","","","","par1","par2"
"cv",20,1,71.0792797092898,-0.436813775817247,-2.3676296387135
"cv",20,2,71.4019109328523,-0.489143771909279,-2.34267690393492
"cv",20,3,99.3474424098617,-0.445923941596166,-2.70737216408764
"cv",20,4,118.456205322268,-0.480293958456502,-2.90812318668796
"cv",40,1,162.209890676499,-0.54021712006528,-2.27396882235196
"cv",40,2,159.116922595511,-0.61833982242262,-2.18814205627599
"cv",40,3,202.431534685673,-0.551559869247712,-2.65190354555588
"cv",40,4,205.508258286538,-0.498089903680135,-2.6047931145975
