"","","","","par1","par2"
"cv",20,1,51.0537925711441,-0.362228146664011,-2.9277624528823
"cv",20,2,56.143413190255,-0.337293938027532,-3.01273389377549
"cv",20,3,64.0311641514761,-0.346015318705027,-3.00063389809843
"cv",20,4,97.7679039852327,-0.373127419429448,-3.3456737470114
"cv",40,1,85.3487004018424,-0.482251789550431,-3.10059473013551
"cv",40,2,136.893273965285,-0.576314027216556,-3.17757508870461
"cv",40,3,145.036665999673,-0.500596098579275,-3.16151168225789
"cv",40,4,148.583572089191,-0.489526362772197,-3.33778041402982
