"","","","","par1","par2"
"cv",20,1,100.396312871989,-0.177542612886148,-2.2292897881962
"cv",20,2,92.5549539064973,-0.304174014739471,-1.77810473287497
"cv",20,3,98.9818766641817,-0.167090222593345,-2.13591957623409
"cv",20,4,95.7508922915949,3.43961242112894,-3.29015405434172
"cv",40,1,186.116275685725,2.87420852406289,-2.58233352407624
"cv",40,2,362.057466023142,1.247221883664,-3.46991907170248
"cv",40,3,191.869410262343,2.90506323170614,-3.28306201649848
"cv",40,4,187.350511866532,2.93793887873709,-3.07259458286584
