"","","","","par1","par2"
"cv",20,1,81.3097800283153,-0.596266849442643,-3.0870031639268
"cv",20,2,53.9014510384441,-0.455273831920734,-2.99366610367273
"cv",20,3,67.176001088624,-0.575906142845106,-2.90840126222426
"cv",20,4,56.396658426453,-0.554984246233265,-2.84215461346694
"cv",40,1,96.6592221988193,-0.437188690211161,-3.13042931031931
"cv",40,2,130.153854207256,-0.48724579512023,-3.26785744985761
"cv",40,3,110.616448412426,-0.516078400998978,-3.14552155315915
"cv",40,4,139.708197899759,-0.51033414291631,-3.23308624785706
