"","","","","par1","par2"
"cv",20,1,94.1787000285888,-1.66008462633173,-0.919561498932997
"cv",20,2,92.4646183786902,3.62141951592551,-4.9999885531218
"cv",20,3,88.88251220046,3.02125148767645,-4.99999998174501
"cv",20,4,88.1308258117317,3.35664762570501,-4.99999999690982
"cv",40,1,167.875923160407,0.539271745964151,-2.12562665013398
"cv",40,2,161.934547262944,0.474980843113521,-1.9768016565388
"cv",40,3,185.631515346389,0.454907707600148,-2.10786896080107
"cv",40,4,176.128077244179,0.422914311523337,-2.00910076225651
