"","","","","par1","par2"
"cv",20,1,49.1301718674013,-1.70844664673298,-1.44231091322193
"cv",20,2,55.7389935174113,-1.70778166816146,-1.48376759785523
"cv",20,3,58.0684399190688,-1.69807845260968,-1.50172417185407
"cv",20,4,135.405465869755,-1.79575950750053,-1.78779653621304
"cv",40,1,116.817845920533,-1.79773821084357,-1.54677287460937
"cv",40,2,149.892904332365,-1.7847634035936,-1.62138853653843
"cv",40,3,120.173469521856,-4.4655751315019,-1.54704124091723
"cv",40,4,153.400639467214,-1.79875729948637,-1.62755183390621
