"","","","","par1","par2","par3"
"cv",20,1,63.836583103442,-0.190916634322019,-0.813790343266042,-2.48334165510931
"cv",20,2,76.0638706447479,-0.202625414029094,-0.82726304906759,-2.50880369355203
"cv",20,3,49.7431168928125,-0.207735305287333,-0.816715149034293,-2.43823497284377
"cv",20,4,64.4169574232955,-0.220144503139378,-0.995859940266988,-2.65199765044358
"cv",40,1,130.718360705551,-0.257327011801655,-0.684017095822141,-2.3824816025968
"cv",40,2,107.861830643199,-0.294380667916867,-0.665708053221895,-2.30374500685686
"cv",40,3,125.922243184768,-0.227385929864792,-0.715651571615678,-2.43843278916086
"cv",40,4,161.047687373742,-0.267552750635452,-0.644596481665618,-2.37998908630978
