"","","","","par1","par2"
"cv",20,1,73.2786938868068,-0.770663499720422,-4.99783281959244
"cv",20,2,83.4504820935819,-0.887068089950203,-4.98122046304285
"cv",20,3,78.6913302953859,-0.74645143897735,-4.99291333185972
"cv",20,4,80.0353162399572,-0.750742388240213,-4.99884869635537
"cv",40,1,160.829863001068,-0.761710103835425,-4.99002575313446
"cv",40,2,147.591419653656,-0.859391068235939,-4.98675708217158
"cv",40,3,154.714291054802,-0.71398084083338,-4.99553306708253
"cv",40,4,153.945197541015,-0.738917703268904,-4.99958476391647
