"","","","","par1","par2"
"cv",20,1,67.2106925807468,-2.77070573941912,-1.55450245889243
"cv",20,2,80.6173716627679,-1.79569230610826,-1.6167965801448
"cv",20,3,61.4964102091241,-4.04995602508434,-1.51950735576316
"cv",20,4,67.9521624968904,-1.72990006808684,-1.55475337255141
"cv",40,1,140.124112800176,-1.80274941313781,-1.55957484022679
"cv",40,2,119.785569777941,-3.25623556251769,-1.50814211092373
"cv",40,3,129.606634648589,-3.49302194240629,-1.52979330081811
"cv",40,4,168.509486700421,-2.14441306718703,-1.62609906633275
