"","","","","par1","par2"
"cv",20,1,77.2903425030581,0.111432475400621,-2.1529495900362
"cv",20,2,83.089696280013,-0.165447628059087,-2.23396098614465
"cv",20,3,92.8580243089902,-0.20153580041591,-2.29592757398078
"cv",20,4,78.8093250087766,-0.197472452896592,-2.17852810733777
"cv",40,1,146.238340509189,-0.189292572897388,-2.39218882621878
"cv",40,2,134.251220076991,-0.315258337284927,-2.3572552532137
"cv",40,3,135.19958637209,-0.275361479711213,-2.38588151121616
"cv",40,4,190.360255675286,-0.314982419119306,-2.55393284468728
