"","","","","par1","par2"
"cv",20,1,78.3236372135159,-0.445044767277767,-3.21399645969544
"cv",20,2,55.4771099815136,-0.394769844458294,-3.09519370911361
"cv",20,3,67.2955167985642,-0.464016398742212,-3.1506958269459
"cv",20,4,56.6471928226621,-0.466288649341633,-3.08006136826183
"cv",40,1,139.07947105167,-0.412927881732544,-3.14999979219618
"cv",40,2,129.780720584875,-0.385603165057418,-3.2321466538147
"cv",40,3,102.196307865592,-0.402040268271595,-3.1171427472784
"cv",40,4,134.022746621466,-0.412703863979704,-3.17548811090762
