"","","","","par1","par2"
"cv",20,1,50.2704350030639,-0.532374202612269,-2.67540337523275
"cv",20,2,62.1825654656401,-0.641876270032323,-2.6683917675179
"cv",20,3,68.9087327971726,-0.625053037622592,-2.71465975427625
"cv",20,4,138.843442807033,-0.467728457782197,-3.10322763247706
"cv",40,1,106.751067152667,-0.440478591346747,-3.20545062572911
"cv",40,2,144.003219315117,-0.393437182767679,-3.22649752894817
"cv",40,3,118.116590181658,-0.385991897241236,-3.22640689770391
"cv",40,4,146.844431163794,-0.391425292969737,-3.26369941695114
