"","","","","par1","par2"
"cv",20,1,84.530251066772,-0.704431871812133,-4.99174776128199
"cv",20,2,79.7064511615635,-0.790064672096123,-4.99841238743808
"cv",20,3,79.2375269315977,-3.07941938921247,-4.96440334987609
"cv",20,4,80.4328808525473,-4.81499878091141,-4.99642580879264
"cv",40,1,165.307001574614,-2.10109689140495,-4.99632942121229
"cv",40,2,152.583139007494,-3.01403884236411,-4.9941661978562
"cv",40,3,150.301458762173,-0.922890842246455,-4.99885644585364
"cv",40,4,156.432007862173,-0.778393876035784,-4.99873561597117
