"","","","","par1","par2","par3"
"cv",20,1,83.2271629114967,-0.127586331613727,-0.767561870769148,-2.29417945613628
"cv",20,2,73.2474948146616,0.346369236266437,-0.802522633878504,-2.43006931956804
"cv",20,3,71.1114615383963,-0.0597525244533492,-0.871608114557947,-2.33060155472678
"cv",20,4,81.4802950466601,0.0309130148305352,-0.784255647190073,-2.39956214529711
"cv",40,1,123.123497326812,-0.132691832605041,-0.745146099771066,-2.41630985896773
"cv",40,2,141.393075587419,-0.177091791494198,-0.727607284663151,-2.46024594292582
"cv",40,3,130.994549598504,-0.188992299444491,-0.818419088387419,-2.54288087500572
"cv",40,4,149.88295136202,-0.230446371518011,-0.79149540454274,-2.54421949202164
