"","","","","par1","par2"
"cv",20,1,76.2078578513404,-1.9953558081415,-2.01748908251486
"cv",20,2,100.189451224661,0.847412978809239,-2.18812266513831
"cv",20,3,88.5386630626626,1.52262952371653,-1.98745019334054
"cv",20,4,87.4125978774851,0.996117372981781,-2.07353869942028
"cv",40,1,171.226824366364,1.00406632199579,-2.05859649125236
"cv",40,2,171.823668837097,1.05784823890512,-2.05919854658643
"cv",40,3,196.42475511545,1.051016612969,-2.29607445523802
"cv",40,4,168.10391902023,0.968055078261326,-2.03125725528813
