"","","","","par1","par2"
"cv",20,1,78.5195854012865,-0.205200899515361,-2.59937738658502
"cv",20,2,79.9463273013198,-0.158495596898384,-2.62421905903758
"cv",20,3,78.679536307609,-0.248371591245425,-2.50889912219354
"cv",20,4,104.371801609304,-0.304846301860011,-2.80524624447714
"cv",40,1,163.168805965462,-0.366516778979836,-2.90897528900687
"cv",40,2,154.344156615264,-0.356722360897073,-2.91662231479734
"cv",40,3,159.071507014401,-0.382221536015871,-2.91191074050494
"cv",40,4,155.119069839224,-0.39224841079143,-2.94306272525589
