"","","","","par1","par2"
"cv",20,1,90.2313022258422,-0.49524128526966,-2.54742244118124
"cv",20,2,85.5062192708945,-0.570737509034565,-2.48476205418494
"cv",20,3,77.6586875195078,-0.384153328481177,-2.4747418714635
"cv",20,4,89.6727941024737,-0.373849767445514,-2.64206292506199
"cv",40,1,185.492320709569,2.02805535192549,-3.16285452301675
"cv",40,2,191.284229839175,2.07411587829362,-3.66713076345342
"cv",40,3,191.02286781907,1.88791593347247,-3.41957585842847
"cv",40,4,210.714434723645,-0.459844518312666,-2.38825144897051
