"","","","","par1","par2"
"cv",20,1,68.4818976948847,-0.258670945517335,-2.635195429024
"cv",20,2,94.8402384453043,-0.385099016519481,-2.80290804940437
"cv",20,3,85.0298583445717,-0.305665241597044,-2.80180989819825
"cv",20,4,81.5466753077323,-0.244429767046905,-2.73612532491032
"cv",40,1,156.144416070503,-0.275734965476355,-3.10798085718494
"cv",40,2,144.908171541817,-0.353912878152922,-3.04316892773567
"cv",40,3,147.557575208016,-0.374443373466405,-3.00346995468249
"cv",40,4,147.522218778243,-0.287697258078717,-2.98961215669539
