"","","","","par1","par2","par3"
"cv",20,1,62.766756315713,0.0479708722913883,-0.761974178640195,-2.18648237852767
"cv",20,2,90.5262758103151,-0.233544391589991,-0.703593807614166,-2.22067167382309
"cv",20,3,75.4000897060104,-0.118755509490474,-0.749107676032783,-2.25912196465027
"cv",20,4,75.078594738167,-0.04031398229661,-0.730920033635476,-2.22106429305583
"cv",40,1,145.648507696089,-0.045261143198326,-0.688160198748493,-2.37099689574728
"cv",40,2,140.721290198539,-0.105415513777286,-0.6480408104591,-2.28530387892773
"cv",40,3,142.174626813864,-0.138110946100542,-0.706881667425957,-2.30022175183956
"cv",40,4,143.297436977572,-0.0641725275663691,-0.735829116587563,-2.36005759444312
