"","","","","par1","par2"
"cv",20,1,47.356226385698,-0.115668887384418,-2.44943417457435
"cv",20,2,76.7555857813251,-0.19196092481193,-2.60197581613948
"cv",20,3,53.6568005915255,-0.16271738231428,-2.49691189574907
"cv",20,4,64.0777337841686,-0.117731804063159,-2.57077334271372
"cv",40,1,129.085507580236,-0.355306897620761,-2.78400698000893
"cv",40,2,91.6585517540465,-0.311724246757988,-2.64704325329893
"cv",40,3,115.114864237998,-0.272286267453225,-2.72755763281398
"cv",40,4,95.2404348398389,-0.321922970983736,-2.69660596643993
