"","","","","par1","par2"
"cv",20,1,66.7959679578977,-0.482427825654959,-3.152310284741
"cv",20,2,54.1401338103062,-0.468457696664169,-3.09500372047418
"cv",20,3,47.1731298649845,-0.455796644881055,-3.00952829473294
"cv",20,4,78.6192158965458,-0.492425591012986,-3.20516729365455
"cv",40,1,98.944439382287,-0.617211111113393,-2.97805823613326
"cv",40,2,117.677658172562,-0.606756940842026,-3.01932169014027
"cv",40,3,113.342033219211,-0.582506387192985,-3.0648135424385
"cv",40,4,155.377769447752,-0.659402004624628,-3.13067919618641
