"","","","","par1","par2"
"cv",20,1,94.9872131451618,3.53428632493231,-3.32367679520902
"cv",20,2,83.9114473607459,4.99999999999922,-3.51355891702508
"cv",20,3,59.4220606605628,3.59184916359911,-3.0071322443202
"cv",20,4,69.3858551995643,3.56244640559954,-3.10106115084835
"cv",40,1,151.44533545024,2.63125729902176,-2.53142794870474
"cv",40,2,157.124787686939,2.76887314305865,-2.63169704998023
"cv",40,3,186.346823147321,2.31834931666373,-2.63976867301886
"cv",40,4,153.695269068791,2.55487012520897,-2.50260243053142
