"","","","","par1","par2"
"cv",20,1,71.3580477793427,2.98214620508584,-2.82065031190002
"cv",20,2,96.9779345261216,3.00045341730588,-2.98810198324793
"cv",20,3,67.2317193687319,3.64230086657565,-3.14243554147137
"cv",20,4,69.778182500138,2.89758968016085,-2.85501077224131
"cv",40,1,165.819681953511,4.68639847525668,-3.01676126553121
"cv",40,2,137.445736908612,3.60928190696007,-2.64970984278422
"cv",40,3,155.059242067804,3.42667888938331,-2.8169325763642
"cv",40,4,189.715269462036,3.81037600217243,-2.80563633806215
