"","","","","par1","par2"
"cv",20,1,70.0095898846153,-1.64095119155696,-1.43850612152701
"cv",20,2,87.3401320013817,-1.68413115819897,-1.5293744286127
"cv",20,3,75.6768624987486,-1.64089768750115,-1.4759841689467
"cv",20,4,68.8802968704426,-1.64070168931502,-1.43735520007252
"cv",40,1,158.309991212928,-1.67765191041467,-1.51974372822635
"cv",40,2,127.792640410078,-1.68014080622412,-1.42339588244615
"cv",40,3,150.009477664088,-1.6964770180958,-1.49540488669989
"cv",40,4,161.893337533592,-1.68047318579703,-1.52356810348119
