"","","","","par1","par2"
"cv",20,1,81.9469792459458,-0.583622309248896,-4.966429859307
"cv",20,2,87.9804914358951,-0.899086332292239,-4.98999146681655
"cv",20,3,85.2671094981426,-0.573690498858637,-4.99097354534407
"cv",20,4,88.9004866564234,-0.832553636336346,-4.97443476891448
"cv",40,1,170.366644840786,-0.63783992257867,-4.99446204698574
"cv",40,2,173.317313939663,-0.622192579505748,-4.99374623103717
"cv",40,3,173.707712509867,-0.784648236033373,-4.98942705576943
"cv",40,4,167.332814990215,-0.634130912320908,-4.99905783132894
