"","","","","par1","par2"
"cv",20,1,76.2622868805279,-0.578582149454347,-3.00653373308721
"cv",20,2,74.1896217010952,-0.57320726154394,-3.01798822235519
"cv",20,3,58.9368249401724,-0.586254494899224,-2.90919159523217
"cv",20,4,50.744932535328,-0.614484868515834,-2.99575962853454
"cv",40,1,108.297769400734,-0.62486128824352,-3.1100011355172
"cv",40,2,94.8395699031086,-0.595995889646258,-3.09342071695328
"cv",40,3,128.747881405194,-0.698509750681009,-3.08845672918637
"cv",40,4,129.485412706059,-0.642525394773414,-3.02519141923529
