"","","","","par1","par2"
"cv",20,1,76.9666859895394,2.09719871762615,-2.38200913190085
"cv",20,2,76.9272985715271,2.0907839295967,-2.4697877671786
"cv",20,3,80.6440045438835,0.929869411072115,-2.36036176754259
"cv",20,4,91.9990718637006,2.24120221275708,-2.3891386672432
"cv",40,1,177.074220247131,1.57255435835545,-2.31570276749296
"cv",40,2,167.742166784568,2.57398846340739,-2.38293463514793
"cv",40,3,164.08542081307,2.79986475679373,-2.50174762873486
"cv",40,4,173.523829776599,3.00131894802259,-2.5772125843109
