"","","","","par1","par2","par3"
"cv",20,1,44.029785551533,-0.40708543546528,-1.32374392738041,-2.82119674515239
"cv",20,2,83.9818761412769,-0.625199460239351,-1.49459815083461,-3.21848151934444
"cv",20,3,65.0271750894725,-0.526954275002802,-1.3909473776823,-3.06110856385287
"cv",20,4,85.6316605718134,-0.360987531289828,-0.710912220739791,-2.57168617485356
"cv",40,1,107.698379988015,-0.310883964203495,-0.641754990059575,-2.31636334528377
"cv",40,2,142.877693761957,-0.282762405527575,-0.651818095294563,-2.37309733201757
"cv",40,3,115.73188257238,-0.265917964072174,-0.686375432405317,-2.3687986565157
"cv",40,4,150.409929060603,-0.247471588771301,-0.660010334494197,-2.45567843905179
