"","","","","par1","par2"
"cv",20,1,67.3939157278005,-0.483999296002246,-2.80072344089665
"cv",20,2,81.1405766130113,-0.528790240382132,-2.85900505236144
"cv",20,3,72.9211644897053,-0.580431589994725,-2.7009678360424
"cv",20,4,76.1137003747598,-0.4902360174418,-2.80001002577875
"cv",40,1,136.334316742881,-0.549332502897354,-3.05361572598353
"cv",40,2,139.597926807429,-0.527864072455405,-3.11843407690865
"cv",40,3,119.306546016407,-0.535637469096851,-3.07495725810106
"cv",40,4,148.070959097897,-0.523204882974062,-3.09438061150563
