"","","","","par1","par2","par3"
"cv",20,1,81.0467679808839,-0.376780939005745,-1.04301896616513,-2.6331050410545
"cv",20,2,74.8909797676779,-0.295513491623482,-0.822654482943315,-2.43659259942775
"cv",20,3,70.5182091533771,-0.534692072819781,-1.29331291380613,-2.80097644195305
"cv",20,4,68.1163774145386,-0.402519195006157,-0.950477444545477,-2.5212070908655
"cv",40,1,147.128168207549,-0.2916471766787,-0.62346535046217,-2.28610275674232
"cv",40,2,132.908460684183,-0.319054030715532,-0.569012740214176,-2.20405866446133
"cv",40,3,142.55092875951,-0.368989261506563,-0.616262885899374,-2.23847567484964
"cv",40,4,131.830539406894,-0.327856366534797,-0.554656977283707,-2.16202084239869
