"","","","","par1","par2"
"cv",20,1,75.5764532569878,-0.71658553643216,-4.99137726363967
"cv",20,2,86.1213683306814,-0.681705853565567,-4.99805449065333
"cv",20,3,83.9309090218734,-0.819673857303993,-4.97649233438175
"cv",20,4,80.2440122888321,-0.759929010529816,-4.94597641994756
"cv",40,1,173.098259921968,-0.768601754550622,-4.99464291013854
"cv",40,2,170.942110531724,-3.25655101633486,-4.98813592212775
"cv",40,3,148.015946272961,-4.07361292299522,-4.98679941468252
"cv",40,4,172.191037891531,-0.814952712463324,-4.99070056612245
