"","","","","par1","par2"
"cv",20,1,69.3651648039917,2.4177608968892,-2.58906367702043
"cv",20,2,58.315180055448,2.3441898775545,-2.63359726682723
"cv",20,3,69.2399841632536,2.22430147818368,-2.65727031143122
"cv",20,4,80.2907876935261,2.43754274579419,-2.83333924289369
"cv",40,1,159.501049251694,2.94829899960726,-2.55471424768406
"cv",40,2,151.213255625107,2.99902983124501,-2.64782142028106
"cv",40,3,148.777304668689,2.94179767142172,-2.52474991338805
"cv",40,4,157.596378512158,2.99962567605042,-2.63093196891883
