"","","","","par1","par2"
"cv",20,1,70.6002007916337,-0.0548949009859786,-2.07331912034095
"cv",20,2,92.7457924432802,-0.164131875163128,-2.2070908798581
"cv",20,3,83.5008314926491,-0.107915850291361,-2.17377501511615
"cv",20,4,82.9363442352281,-0.0056767188898243,-2.14765781478506
"cv",40,1,157.813155658415,-0.0847980188874394,-2.45717899460522
"cv",40,2,147.618488416703,-0.197692426012855,-2.4008315243618
"cv",40,3,156.914595170291,-0.177908364491733,-2.44619813278655
"cv",40,4,152.505224994184,-0.090208329586561,-2.36946080542967
