"","","","","par1","par2"
"cv",20,1,51.753857602316,-1.80477264994135,-1.58410398351033
"cv",20,2,53.2800262372265,-1.80460872569727,-1.58942855845403
"cv",20,3,75.5189627020786,-1.80471019092501,-1.68606332850193
"cv",20,4,76.0083539909094,-2.55746880464561,-1.68466898094462
"cv",40,1,149.437551296424,-1.76165046050318,-1.7122419796962
"cv",40,2,89.1014070891988,-1.76544102412602,-1.58355492983858
"cv",40,3,134.746166159924,-1.75368987844132,-1.68968920221008
"cv",40,4,126.530055158852,-1.76568430096175,-1.67679150510085
