"","","","","par1","par2"
"cv",20,1,74.2100793920139,-3.08746950884019,-1.30560414037405
"cv",20,2,74.8613615692848,-2.11364703414482,-1.30591424103369
"cv",20,3,75.3093803674444,-3.97480627626991,-1.316566912257
"cv",20,4,99.7769400973298,-1.90913137537755,-1.48141293235946
"cv",40,1,166.953906244482,-2.45381343677279,-1.4055078606626
"cv",40,2,153.248565341814,-1.77742572330069,-1.35861979124214
"cv",40,3,157.922821568965,-1.79338876186899,-1.37623196995882
"cv",40,4,155.547796563168,-1.97420234724188,-1.36841482081562
