"","","","","par1","par2"
"cv",20,1,75.3001802547743,-0.16364906716906,-2.71365964149454
"cv",20,2,83.5820493692654,-0.366118673469142,-2.79352627638209
"cv",20,3,101.651783929436,-0.402016179264014,-2.88980020666897
"cv",20,4,77.9846994131264,-0.407577114026769,-2.66323873948334
"cv",40,1,140.680666237925,-0.43946227187252,-2.87888877513884
"cv",40,2,132.256546722499,-0.504245408812892,-2.8416415964147
"cv",40,3,133.605374807182,-0.474094435102819,-2.90613469896492
"cv",40,4,200.177724511076,-0.554152308422245,-3.07255434350013
