"","","","","par1","par2"
"cv",20,1,69.0997924372178,-1.69635709738739,-1.21770117257743
"cv",20,2,82.2209392679394,-1.79395961781374,-1.35522385970739
"cv",20,3,85.5874105159992,-4.0681036064794,-1.37396674149425
"cv",20,4,89.2476579285038,-1.7922569463964,-1.40139303735096
"cv",40,1,142.189715129146,-4.36389480943002,-1.33528041574794
"cv",40,2,163.225725906278,-1.68386442964363,-1.41143074076843
"cv",40,3,147.800971694147,-0.360245193956562,-1.4509735509892
"cv",40,4,176.345585307678,-1.79261653882931,-1.45236953582768
