"","","","","par1","par2"
"cv",20,1,67.4930534307864,-0.0678933572594995,-2.24362328090387
"cv",20,2,66.0079734915427,-0.246755401381353,-2.24838283073828
"cv",20,3,79.2754490327128,-0.272076968166076,-2.34553833095083
"cv",20,4,93.0537397933974,-0.279415090383147,-2.44464672696716
"cv",40,1,157.306889201792,-0.385324711896803,-2.11122946056032
"cv",40,2,150.880682032547,-0.488761931446297,-2.05880629919181
"cv",40,3,188.334083410532,-0.443000587194586,-2.30363900795079
"cv",40,4,186.566111467775,-0.371901228372205,-2.24213600367887
