"","","","","par1","par2"
"cv",20,1,67.0046234545947,-1.79535005108853,-1.68262222648858
"cv",20,2,54.9541293798479,-1.71503418590873,-1.63013663783727
"cv",20,3,73.5056832853099,-2.56284075021167,-1.70843619676544
"cv",20,4,52.6814541365308,-1.79044947832454,-1.62144372061211
"cv",40,1,156.760229126817,-1.79206848598286,-1.63368393638983
"cv",40,2,130.417765343998,-1.79096453092163,-1.57086211771234
"cv",40,3,154.909882845333,-1.79098290652708,-1.63047615460523
"cv",40,4,101.539022070699,-1.68445790535687,-1.48866564288405
