"","","","","par1","par2","par3"
"cv",20,1,60.3215295941199,-0.0428185049397294,-0.873162020699275,-2.50021201393291
"cv",20,2,62.6747745231425,0.048408877032975,-1.05990242800758,-2.54591696810137
"cv",20,3,55.5400458118449,-0.0143080412406727,-1.12446728009466,-2.56623029515741
"cv",20,4,82.9726262329664,0.195292651460623,-1.10448492040394,-2.71528323189446
"cv",40,1,118.994194863201,-0.306094095170016,-0.7709592513854,-2.39713181774858
"cv",40,2,130.354789409319,-0.317701597956229,-0.704815593419714,-2.33968244353767
"cv",40,3,160.270464080602,-0.262521469873903,-0.684568168315294,-2.35878547795793
"cv",40,4,118.627136308329,-0.147427985689025,-0.76879394485236,-2.39004099252505
