"","","","","par1","par2"
"cv",20,1,53.5130316482892,-0.138763390187403,-2.46788371328261
"cv",20,2,74.5409016646004,-0.183251725782351,-2.55426073511704
"cv",20,3,60.1943024031684,-0.163389472210139,-2.50274860729835
"cv",20,4,63.8604362194998,-0.114429165797198,-2.49174185209453
"cv",40,1,141.75612925226,-0.332115139158499,-2.48546381884039
"cv",40,2,144.828248349744,-0.282900865389575,-2.53354513530499
"cv",40,3,159.591715622258,-0.273568973122373,-2.55051640512707
"cv",40,4,130.509937138807,-0.147132901698918,-2.45831884488063
