"","","","","par1","par2"
"cv",20,1,81.0936547194959,-0.284909685427791,-2.7935397427631
"cv",20,2,101.217292278696,-0.356701989099748,-2.93261319565017
"cv",20,3,67.5579272852286,-0.247570679433378,-2.67567845776751
"cv",20,4,73.8889957816234,-0.308025013690336,-2.78379935879598
"cv",40,1,138.859948082006,-0.520341197736105,-3.11709893129204
"cv",40,2,123.891563079633,-0.472322592890589,-3.10048592625745
"cv",40,3,165.507023305278,-0.523806739362898,-3.14498629573475
"cv",40,4,136.568245353956,-0.42397729863348,-3.16361382081367
