"","","","","par1","par2"
"cv",20,1,83.9969440571914,-0.726743503144382,-4.9775296740205
"cv",20,2,89.246682493051,-0.718557977306681,-4.98696852621486
"cv",20,3,86.7414508192061,-0.846479644909771,-4.99570085777598
"cv",20,4,84.5877598750474,-1.78874991547184,-4.95480490579654
"cv",40,1,176.763853201007,-3.98254416284231,-4.97894574411526
"cv",40,2,161.798759687608,-2.46784102520516,-4.98164547310158
"cv",40,3,169.979446812931,-1.48788801428178,-4.98960737044317
"cv",40,4,177.602689917517,-3.93356549657196,-4.99812555667362
