"","","","","par1","par2"
"cv",20,1,81.1421037012439,0.537777287177957,-2.47786940750716
"cv",20,2,94.9377052859504,4.99999999999904,-2.91712164325391
"cv",20,3,79.8758552042309,0.48478589057693,-2.50972211620663
"cv",20,4,84.6653463833034,4.99999999999049,-2.81483872849178
"cv",40,1,184.170421233922,0.349804021936153,-2.27780842223617
"cv",40,2,183.00393695315,2.93163231444712,-2.46136890131744
"cv",40,3,169.094919072549,4.99999997977731,-2.71546632279056
"cv",40,4,190.507677727415,4.99999947765004,-2.64829343266274
