"","","","","par1","par2"
"cv",20,1,79.0047256929953,2.89381243692589,-3.22870182541159
"cv",20,2,59.0718425922619,2.86728414281553,-2.94787536621139
"cv",20,3,77.6390520115399,2.85566626287712,-2.98332514442408
"cv",20,4,77.9285833451372,3.00308428692934,-2.86823585484179
"cv",40,1,153.268933262983,2.96396296971581,-2.77979977502286
"cv",40,2,172.704007156833,3.20925668689637,-2.80468640606565
"cv",40,3,170.594803874524,2.9720457186621,-2.95649271070435
"cv",40,4,179.785848164704,3.2672406371887,-2.91832165474877
