"","","","","par1","par2"
"cv",20,1,95.4604777823219,1.61556571875629,-3.32238694717616
"cv",20,2,94.748445383177,-0.876781192718666,-4.99764328210526
"cv",20,3,90.8663003015976,-2.48554002738222,-4.87766836542663
"cv",20,4,99.0164059660731,3.36253083175817,-1.94296470604472
"cv",40,1,188.074137650958,3.84379947921819,-2.13368230614991
"cv",40,2,208.618702876721,3.91612527760744,-2.44718249968852
"cv",40,3,189.360618339936,0.980284942247659,-2.96299430034612
"cv",40,4,192.836671015137,3.80459624672214,-2.18715336643362
