"","","","","par1","par2","par3"
"cv",20,1,68.4050419034712,-0.360343597432938,-1.01911864124098,-2.62109761377678
"cv",20,2,79.7856305173155,-0.308939353664971,-0.806852831306292,-2.45492125141332
"cv",20,3,66.8768746753133,-0.329132353268432,-1.00504564211891,-2.6043744710515
"cv",20,4,63.4812071299046,-0.369430351432191,-0.953789818176955,-2.48928982401982
"cv",40,1,152.516803818125,-0.663313138019438,-0.773014523750703,-2.36916217085237
"cv",40,2,137.346291033539,4.96271815805419,4.83981750573696,-1.15027042615613
"cv",40,3,136.886260880704,-0.632700029394106,-0.741657622902454,-2.31716170291753
"cv",40,4,162.179955574567,-0.60870893008305,-0.757489967629263,-2.38471036812404
