"","","","","par1","par2","par3"
"cv",20,1,79.1025139240413,0.693454502574691,-0.280244748830716,-2.41687045984285
"cv",20,2,80.376050974795,-0.0657676835980793,-0.924254435689157,-2.5509776639325
"cv",20,3,76.4625938346481,0.0401751101639149,-0.742443454094117,-2.4709875718469
"cv",20,4,83.0829003183383,-0.107397705067906,-0.85427299622847,-2.47799329696944
"cv",40,1,133.166586323448,-0.0314146392512828,-0.565378960421039,-2.22080635550716
"cv",40,2,154.188192304075,-0.0999221703939065,-0.641948059201029,-2.35654988722673
"cv",40,3,140.361186338047,0.109910993268532,-0.429227910209212,-2.28000987068255
"cv",40,4,168.762930485586,-0.0750163337756455,-0.657395698652495,-2.39176227818291
