"","","","","par1","par2"
"cv",20,1,85.2681700687329,0.529817519761918,-2.4267955858729
"cv",20,2,77.1763618255665,0.530413184455744,-2.39061516006294
"cv",20,3,83.8672305008791,0.556874288066006,-2.55010848982743
"cv",20,4,74.0873207037979,0.593353120477214,-2.36090367277043
"cv",40,1,186.739317501089,3.92114595990863,-3.49588947693597
"cv",40,2,176.621268653877,0.436436568058403,-2.47546480493751
"cv",40,3,172.447457272684,3.52175948247167,-3.35215742107407
"cv",40,4,158.561029857458,2.91434346565543,-3.05155354712033
