"","","","","par1","par2"
"cv",20,1,55.3757940542157,-2.69825664165084,-1.3562100094009
"cv",20,2,78.1091551577147,-2.14715707122982,-1.50641368738208
"cv",20,3,94.1967008333729,-3.80543016114095,-1.59222176847121
"cv",20,4,73.4964852058847,-2.29125648861654,-1.49228005066147
"cv",40,1,163.2834187895,-2.67897633128096,-1.29221977418672
"cv",40,2,149.405141655068,-2.59331129005145,-1.21902159279783
"cv",40,3,185.468147046221,-3.98729980683979,-1.37615598167608
"cv",40,4,162.7025790996,-3.42994877047276,-1.28736682525042
