"","","","","par1","par2"
"cv",20,1,68.1428002851303,-0.177929859121061,-2.48903024742177
"cv",20,2,86.7737653432186,-0.231257372311041,-2.61877226681939
"cv",20,3,55.4247291106379,-0.0993863528789145,-2.42028359386334
"cv",20,4,61.809033814814,-0.192753964994576,-2.53722168461336
"cv",40,1,127.734566317919,-0.350497284957266,-2.62258838639439
"cv",40,2,128.970168135707,-0.36553386684006,-2.64886503091677
"cv",40,3,114.923928963314,-0.240661366034724,-2.56560776397254
"cv",40,4,137.97038130699,-0.353954860626185,-2.6996013361402
