"","","","","par1","par2"
"cv",20,1,65.1846383250568,-2.31688252702608,-1.69045254436625
"cv",20,2,81.8137879874632,-2.90582852595558,-1.75178903365268
"cv",20,3,44.3109951425105,-3.37794659326592,-1.59523568605062
"cv",20,4,56.9669651992064,-2.73975692912989,-1.65171015875627
"cv",40,1,119.209922473243,-3.61258611577767,-1.72333221758839
"cv",40,2,117.646160293294,-2.28958440902476,-1.72153701518949
"cv",40,3,95.6552072992967,-4.50871985495826,-1.6747510221847
"cv",40,4,127.172086845764,-2.9771524868662,-1.73751520914373
