"","","","","par1","par2"
"cv",20,1,83.9661527491612,-0.73828240397159,-4.98239386746174
"cv",20,2,80.240152090644,-0.816273489924651,-4.99259910202187
"cv",20,3,74.1045046108444,-0.742590648663546,-4.97543958325109
"cv",20,4,84.8756234642001,-0.661194756790796,-4.9946647168213
"cv",40,1,157.732327238531,-1.57948893175603,-4.99215788860878
"cv",40,2,161.292993193979,-1.90034361516684,-4.99186039829525
"cv",40,3,158.244603456309,-0.76688407073623,-4.96304353679085
"cv",40,4,157.848573837104,-0.726349260939718,-4.98581203632582
