"","","","","par1","par2","par3"
"cv",20,1,60.4329386652354,-0.495272679010457,-0.61853850573358,-2.41069783482519
"cv",20,2,59.9062792671002,-0.481131290025844,-0.654536467657213,-2.44628066203546
"cv",20,3,57.2469680443095,-0.46769537525196,-0.626095472302205,-2.42196977485009
"cv",20,4,43.3180361969001,-0.494405129795688,-0.573615561990266,-2.29423041058369
"cv",40,1,97.1843715489997,-0.569943158619765,-0.459841716245602,-2.22954138487327
"cv",40,2,93.3517880342545,-0.498883232780032,-0.591486810807026,-2.36985397556766
"cv",40,3,126.491823926954,-1.68390622257382,4.90350898081146,2.81529813550892
"cv",40,4,114.260222728407,-0.585104745476429,-0.567981585578673,-2.38231865352151
