"","","","","par1","par2"
"cv",20,1,71.1475814628381,-0.362524985847333,-3.11605032774601
"cv",20,2,73.0667398211659,-0.303546123497094,-3.07219080677421
"cv",20,3,67.0055416597028,-0.202110901975144,-3.13998111453545
"cv",20,4,70.3390692034208,-0.2796082198943,-3.1655826046741
"cv",40,1,113.880132495192,-0.394493978410322,-3.2790958792464
"cv",40,2,120.690371552902,-0.426546885744541,-3.36021926751838
"cv",40,3,100.693695581705,-0.409487939479602,-3.24253763385487
"cv",40,4,135.178906389934,-0.364953974768976,-3.36358242874415
