"","","","","par1","par2"
"cv",20,1,97.5915084809714,-0.221901290806935,-2.74410139858587
"cv",20,2,88.450685294229,-0.31976284093897,-2.63821990494652
"cv",20,3,85.9356575521001,-0.221166110492326,-2.54521770943759
"cv",20,4,78.8700929808272,-0.141072381825545,-2.50044907865087
"cv",40,1,185.648738175487,-0.0998619354633733,-2.43989014842198
"cv",40,2,186.091109696324,-0.135748755396397,-2.48170882040412
"cv",40,3,184.602860842274,0.0625387470490437,-2.60936257895051
"cv",40,4,198.962704814778,0.851211421296621,-3.45155308093084
