"","","","","par1","par2"
"cv",20,1,71.6109412342931,-0.416667935705854,-2.68854510801005
"cv",20,2,82.4959171367605,-0.478788919998085,-2.75609368535984
"cv",20,3,76.6860961405548,-0.375150645939264,-2.68577801515947
"cv",20,4,78.5966104439504,-0.406983743837539,-2.67554863840285
"cv",40,1,151.727217073054,-0.520375741641663,-3.17339370261681
"cv",40,2,124.416363583907,-0.619424984885408,-3.07754379402059
"cv",40,3,133.684302394883,-0.574840399661435,-3.03265127996353
"cv",40,4,145.253573217125,-0.602092252730671,-3.09363496072614
