"","","","","par1","par2"
"cv",20,1,54.1864784470121,-0.552229295390887,-3.20653536667773
"cv",20,2,50.8528287579378,-0.595051646602917,-3.14929119442148
"cv",20,3,53.743005103087,-0.515801262575465,-3.16385212521709
"cv",20,4,53.5880727873372,-0.523249908125734,-3.1832708162466
"cv",40,1,141.483598259827,-0.65893352152797,-3.06273291624008
"cv",40,2,133.707342906744,-0.593279409779923,-2.99267716854369
"cv",40,3,110.708232121018,-0.637601160997394,-2.88543513846516
"cv",40,4,110.688586357982,-0.570552781148306,-2.89338111933334
