"","","","","par1","par2"
"cv",20,1,89.8920913976078,-0.470139421478468,-2.80822397988635
"cv",20,2,78.6524670896263,-0.483395508559521,-2.65308578157888
"cv",20,3,77.9847677893282,-0.444942491855809,-2.74248607991265
"cv",20,4,75.7532382332899,-0.480021498783045,-2.59958534199818
"cv",40,1,162.820936208935,-0.527693827307982,-2.60897341409557
"cv",40,2,171.768676737399,-0.543562755296547,-2.5990669897686
"cv",40,3,172.778658412634,-0.547749970326722,-2.63944444017807
"cv",40,4,174.360060575486,-0.61973751186615,-2.67902949634052
