"","","","","par1","par2"
"cv",20,1,84.4398372586672,-0.477707619371025,-3.10107252043677
"cv",20,2,46.5818183081609,-0.427389156370524,-2.88319013533752
"cv",20,3,47.0779726914675,-0.39915174760801,-2.97630626514196
"cv",20,4,77.4663763734104,-0.351453718153499,-3.08417925017842
"cv",40,1,137.646182837915,-0.43450855611864,-3.19759277603446
"cv",40,2,146.49353598091,-0.323466302810343,-3.25710599202018
"cv",40,3,114.719832333547,-0.406715409731462,-3.134469454313
"cv",40,4,130.090772681226,-0.369017283263373,-3.23655407974488
