"","","","","par1","par2"
"cv",20,1,59.0441715592386,-0.314571030997883,-3.08847283823388
"cv",20,2,52.9249920688152,-0.402103504297216,-3.0097024066317
"cv",20,3,69.4910395751066,-0.39042189025494,-3.02746484724109
"cv",20,4,59.4982402909846,-0.398729631724899,-3.07883989193752
"cv",40,1,115.251031094553,-0.432564953158259,-3.02194558247984
"cv",40,2,103.396755580811,-0.382654745416923,-3.06119757764876
"cv",40,3,155.797362267923,-0.401234190681874,-3.26920569243371
"cv",40,4,119.248192165046,-0.386251574454047,-3.1604246123002
