"","","","","par1","par2"
"cv",20,1,95.9164367863708,4.99999999630105,4.99999999911772
"cv",20,2,95.9157784063704,4.99999999135455,4.99999999112772
"cv",20,3,95.9160687713125,4.99999999568289,4.99999999993033
"cv",20,4,95.9157158495042,4.99999999948845,4.99999999475183
"cv",40,1,191.831174775004,4.99999999937623,4.99999999782
"cv",40,2,202.080309036326,4.00469803210204,-4.23944439504002
"cv",40,3,191.669536544479,4.35213450061636,-3.86567866140093
"cv",40,4,192.363598447265,4.46299234120414,-4.05232679438484
