"","","","","par1","par2"
"cv",20,1,95.9107082493472,-0.870812685805988,4.99999999926782
"cv",20,2,101.16286044828,-0.5860034973534,-1.85212852898282
"cv",20,3,95.9158253764351,4.0829773888116,4.99999999994691
"cv",20,4,112.669338957603,1.79651270259456,-3.43075521407883
"cv",40,1,195.80620494602,1.95866457680128,-2.87757597963774
"cv",40,2,190.016766570528,1.81831410768256,-1.89737133313012
"cv",40,3,198.179978481303,1.20917812064389,-2.96956565955751
"cv",40,4,190.662385599091,1.89652597724996,-2.13837065256009
