"","","","","par1","par2"
"cv",20,1,76.262286924932,-0.578582147657548,-3.00653374103738
"cv",20,2,74.1896217331809,-0.573207237385544,-3.01798822438644
"cv",20,3,58.9368249597903,-0.586254523170857,-2.90919158790377
"cv",20,4,50.7449325028131,-0.614484863423141,-2.99575962663462
"cv",40,1,108.297769296236,-0.624861288401226,-3.11000112956079
"cv",40,2,94.8395698641466,-0.595995895407574,-3.09342072151852
"cv",40,3,128.747881472347,-0.698509757874853,-3.08845672723712
"cv",40,4,129.485412625127,-0.642525376503812,-3.02519142503831
