"","","","","par1","par2"
"cv",20,1,36.5310728793882,-0.230156087460444,-2.96357685168523
"cv",20,2,80.6935493406391,-0.253617495670226,-3.1076983261572
"cv",20,3,65.3017681659765,-0.198558376124119,-3.08216611171799
"cv",20,4,66.9401122107356,-0.21707288447458,-2.99335673735103
"cv",40,1,101.862488274499,-0.352186342982165,-3.16726149683433
"cv",40,2,144.611973806979,-0.348290274298023,-3.27360844006532
"cv",40,3,122.083986495921,-0.297032293969325,-3.17506541734762
"cv",40,4,134.692288344695,-0.342266481406443,-3.20996430835603
