"","","","","par1","par2"
"cv",20,1,72.9369758214921,-0.167811983353735,-2.92748023441917
"cv",20,2,77.286157242574,-0.1744323222586,-3.0444739284882
"cv",20,3,59.2001712931796,-0.206809862650012,-2.87932737795254
"cv",20,4,70.61246921512,-0.215556969293361,-2.92949970787888
"cv",40,1,125.121087052594,-0.349178658618627,-2.8429555989043
"cv",40,2,174.507598936214,-0.344085700706319,-2.96052750836796
"cv",40,3,142.485154551611,-0.318924477623417,-2.9833038047414
"cv",40,4,177.24756201912,-0.388587056380713,-2.97164768735245
