"","","","","par1","par2"
"cv",20,1,58.2108797924453,-0.579790833843955,-3.08506687023647
"cv",20,2,42.4792186008296,-0.611384145726231,-3.07300083401755
"cv",20,3,64.148463445153,-0.526462980378806,-3.11714504754533
"cv",20,4,49.6798894087908,-0.587385341746007,-3.03809206834602
"cv",40,1,115.419858580822,-0.524180799708841,-3.18308121154413
"cv",40,2,115.877685648618,-0.590200439035406,-3.26708995636015
"cv",40,3,103.144960251612,-0.543100852107804,-3.27343193724516
"cv",40,4,87.5839096296068,-0.560313960711962,-3.2307588528371
