"","","","","par1","par2"
"cv",20,1,63.2907635040585,-0.437226230311321,-3.09044934440005
"cv",20,2,89.9317174143043,-0.518469395177252,-3.23200513152888
"cv",20,3,47.734745297717,-0.407226339451689,-3.00794564557546
"cv",20,4,57.2277657005121,-0.40350542515893,-3.1910840207905
"cv",40,1,122.409889786617,-0.581930293488884,-3.195835055148
"cv",40,2,124.416532894509,-0.605154468173779,-3.21040928544965
"cv",40,3,102.268470610575,-0.490405487017371,-3.13879372958034
"cv",40,4,129.464581496054,-0.540834962283621,-3.28148076480739
