"","","","","par1","par2"
"cv",20,1,51.9217597480453,-0.422598085019891,-2.96150243497689
"cv",20,2,63.3764790267617,-0.511628460175935,-3.02276106611326
"cv",20,3,79.8233338424336,-0.420223260128919,-3.11225038649612
"cv",20,4,57.863086177383,-0.515301115275466,-2.93359423415371
"cv",40,1,132.269276147291,-0.514921709756223,-3.02402093611218
"cv",40,2,94.0455424166113,-0.427301900588239,-3.00772583573497
"cv",40,3,133.259603905716,-0.52140321674407,-3.02914563755782
"cv",40,4,156.800232606295,-0.451379723775307,-3.16999070503248
