"","","","","par1","par2"
"cv",20,1,72.0746232352047,-0.37394197682833,-2.68287790520219
"cv",20,2,89.9664510741777,-0.352440381044486,-2.83866317863609
"cv",20,3,79.5619536145046,-0.364791570913863,-2.69556322722739
"cv",20,4,72.4377532927629,-0.423962513725896,-2.71082769227825
"cv",40,1,175.073076940234,-0.748521805291454,-2.86762990912761
"cv",40,2,143.84583425266,-0.657306951997492,-2.60138783920018
"cv",40,3,157.754367521322,-0.670403328802868,-2.67473363456383
"cv",40,4,168.246533078086,-0.638179509603085,-2.83917066853741
