"","","","","par1","par2"
"cv",20,1,56.5937687016741,-0.549077125278588,-3.47486519934233
"cv",20,2,20.5200305549968,-0.510698300809032,-3.31901368622638
"cv",20,3,41.1435414500489,-0.510006995936084,-3.3849981847315
"cv",20,4,36.4709160645544,-0.540808310601846,-3.35928362635686
"cv",40,1,97.936781970098,-0.561400899481154,-3.18648807423334
"cv",40,2,123.840743336013,-0.648688457290689,-3.36468646752282
"cv",40,3,111.544113587127,-0.606270573335326,-3.28114524843571
"cv",40,4,108.163263731647,-0.610159737044445,-3.27018197097048
