"","","","","par1","par2"
"cv",20,1,71.0792977283488,-0.436806379798939,-2.36763208388956
"cv",20,2,71.4019028844957,-0.489141372981954,-2.34267777660079
"cv",20,3,99.3474405880461,-0.445924917930923,-2.70737181368592
"cv",20,4,118.456219305819,-0.480296141751705,-2.90812271193994
"cv",40,1,162.209879103237,-0.540218095777418,-2.27396912477129
"cv",40,2,159.116974539451,-0.618353541474819,-2.18814030786228
"cv",40,3,202.431537083445,-0.551562587801532,-2.65190302549364
"cv",40,4,205.508274137876,-0.498087943501328,-2.60479378572593
