"","","","","par1","par2"
"cv",20,1,115.16112066609,-0.507746961317478,-2.97075487383359
"cv",20,2,79.4059617441308,-0.441584634279653,-2.80884965310746
"cv",20,3,52.3865023058795,-0.343845193804778,-2.66528130019383
"cv",20,4,55.8480841252951,-0.420159414155343,-2.69731314358405
"cv",40,1,136.909484627391,-0.291450724589816,-3.01699113994604
"cv",40,2,143.650647389046,-0.284588231219571,-3.05989393640306
"cv",40,3,164.088113234999,-0.310151660417197,-3.03655811407416
"cv",40,4,142.15940097286,-0.249758952111152,-3.13500868893797
