"","","","","par1","par2"
"cv",20,1,69.4550944582331,-0.478601799638553,-3.0944000390405
"cv",20,2,59.9670052952392,-0.457487584950024,-3.04697041850018
"cv",20,3,39.614971377292,-0.297083918684568,-3.11152395755838
"cv",20,4,84.2043684846243,-0.444598017213851,-3.22675340302198
"cv",40,1,119.540461167862,-0.722262886671469,-3.05145205223707
"cv",40,2,183.94425081974,-0.718716569990644,-3.31199511624209
"cv",40,3,115.178045385933,-0.725912761313345,-2.98588403730116
"cv",40,4,114.881460640329,-0.763276212369312,-3.10698222195568
