"","","","","par1","par2"
"cv",20,1,52.8041226351284,-0.351487528185911,-2.9101332533237
"cv",20,2,53.6271783660878,-0.331650898690264,-2.89292933257484
"cv",20,3,90.2653656212939,-0.362626291092527,-3.09838707396347
"cv",20,4,80.151884165942,-0.308466853260437,-3.0147798943275
"cv",40,1,167.647331290704,-0.552986638402587,-3.17375843589832
"cv",40,2,101.644468679886,-0.417101932510357,-2.99220884661733
"cv",40,3,132.659070333908,-0.503390526327855,-3.13283944294487
"cv",40,4,123.872391787559,-0.484254954247867,-3.05808466801227
