"","","","","par1","par2"
"cv",20,1,62.9128854111598,-0.284201985974622,-3.17132187385076
"cv",20,2,52.4988657361028,-0.273955075735079,-3.11281641998396
"cv",20,3,80.3175149163987,-0.199216425186313,-3.3425963759965
"cv",20,4,49.3785577449309,-0.271767901462355,-3.11488005214151
"cv",40,1,152.556811112126,-0.442449103717136,-2.9880346999646
"cv",40,2,130.183612821009,-0.4079449720686,-3.08596342500742
"cv",40,3,172.477552315202,-0.429248712891331,-3.18794443216821
"cv",40,4,110.669525544326,-0.392585491125561,-2.89539860220297
