"","","","","par1","par2"
"cv",20,1,78.5195855225944,-0.205200885858491,-2.59937737991595
"cv",20,2,79.9463271162422,-0.158495611479582,-2.62421906209111
"cv",20,3,78.6795360773644,-0.248371609612743,-2.50889913266212
"cv",20,4,104.371801315475,-0.304846300849926,-2.80524623774658
"cv",40,1,163.16880585399,-0.366516823365947,-2.90897526962287
"cv",40,2,154.344156766184,-0.356722305929975,-2.91662236812087
"cv",40,3,159.071507027385,-0.382221538897913,-2.91191073160987
"cv",40,4,155.119069750882,-0.392248449730325,-2.94306268686457
