"","","","","par1","par2"
"cv",20,1,94.0730124257147,-1.90543266844159,-3.86151947292265
"cv",20,2,94.0730124257147,-3.97004626782936,-3.88970910807053
"cv",20,3,94.0730124257147,-2.73358342505583,-4.92792935644965
"cv",20,4,94.0730124257147,-2.90029438439248,-4.51161698397316
"cv",40,1,187.661025141948,-1.79545802353653,-0.940923571265247
"cv",40,2,191.57734573608,-2.84255478752707,-1.19173432544831
"cv",40,3,185.206465654537,-1.79469194744504,-0.752275750478446
"cv",40,4,185.206465645624,-1.79432817244145,-0.752275754546252
