"","","","","par1","par2"
"cv",20,1,95.9045945999793,-1.80623487970726,-0.0340343475256188
"cv",20,2,95.1610442403209,-2.70497764188505,0.579653247790321
"cv",20,3,95.7708124663141,-1.81014722609021,0.00729499728380636
"cv",20,4,95.8146494759886,-3.89029342079797,-0.00632672873418025
"cv",40,1,188.148285397896,-1.79324844108807,-1.19220907588014
"cv",40,2,184.841787969744,-1.79469012134879,-0.937056773836702
"cv",40,3,187.997116191941,-4.89347746035814,-1.1865214666613
"cv",40,4,184.841787916675,-1.79303347604037,-0.937056804228077
