"","","","","par1","par2"
"cv",20,1,85.2561654241493,0.128839421908894,-1.97913392487143
"cv",20,2,92.6748321724669,0.299810872520172,-1.96078477667613
"cv",20,3,84.8888282344041,0.177543145019572,-1.82860181800099
"cv",20,4,97.4388428764537,0.193206598819131,-1.99833304466956
"cv",40,1,193.297092702632,3.03849943667116,-2.05529741333834
"cv",40,2,191.609979165719,3.02795698587593,-1.9199005965912
"cv",40,3,190.25111166564,0.34342579362691,-1.5572506755982
"cv",40,4,185.993854481007,3.07326743243859,-1.70053844529667
