"","","","","par1","par2"
"cv",20,1,66.7918765469385,0.561296188985325,-2.19941925149635
"cv",20,2,75.0634848473432,0.572398164658354,-2.33189935193503
"cv",20,3,122.338137740533,0.502386779928107,-2.76149007597587
"cv",20,4,61.4843194518084,0.673770220096427,-2.24087571606173
"cv",40,1,100.043557481971,0.522870494928182,-2.75700202284094
"cv",40,2,90.2902852740603,0.572277415418939,-2.66192010179444
"cv",40,3,105.728042108058,0.625367610678283,-2.78861284311871
"cv",40,4,98.6584207701069,0.594317778142769,-2.75992855409377
