"","","","","par1","par2"
"cv",20,1,95.9182544367443,4.9999999996011,4.99999999537619
"cv",20,2,95.9160873137433,4.9999999965097,4.99999999983325
"cv",20,3,95.9157251508774,4.9999999999551,4.99999999998463
"cv",20,4,95.9216923439995,4.99999999815939,4.99999999957631
"cv",40,1,191.833103619755,4.99999999810814,4.99999999784173
"cv",40,2,191.832130450055,4.99999999904702,4.99999999199999
"cv",40,3,191.836383884991,4.99999998603992,4.99999999770805
"cv",40,4,191.831935021206,4.99999999396521,4.9999999999054
