"","","","","par1","par2"
"cv",20,1,94.0730124257147,-2.86622615696059,-4.10554792271236
"cv",20,2,94.0730124257147,-2.95146891980888,-4.70150890626437
"cv",20,3,94.0730124257147,-3.54231694707109,-3.61498484265609
"cv",20,4,94.0730124257147,-3.79480362684248,-4.12709325833816
"cv",40,1,184.139263695584,-3.2659301149377,-3.62160218374013
"cv",40,2,184.139263695584,-4.13895929835518,-3.85944925203536
"cv",40,3,184.139263695584,-4.11276323953643,-3.95361423634873
"cv",40,4,184.139263695584,-1.98055014515364,-4.70949132120716
