"","","","","par1","par2"
"cv",20,1,94.412038680718,-4.55137380029672,-0.569984451292687
"cv",20,2,94.4120386914505,-2.71987159255832,-0.569984432928141
"cv",20,3,100.970817373844,-4.77271193337437,-4.51175304200478
"cv",20,4,94.4120386966613,-2.569470360985,-0.569984424011696
"cv",40,1,184.476265287013,-1.79967701674871,-1.19516638874598
"cv",40,2,184.47626533409,-3.15743904515354,-1.19516634560765
"cv",40,3,184.476265352283,-1.79938056663285,-1.19516632893662
"cv",40,4,191.257740005882,-2.6159437421043,-3.89373189122395
