"","","","","par1","par2"
"cv",20,1,95.9168183617036,4.99999998905608,4.99999999235899
"cv",20,2,95.9164666350427,4.9999999995941,4.99999999973487
"cv",20,3,95.9158592380977,4.99999999483877,4.99999999889774
"cv",20,4,95.9160913709229,4.99999999935304,4.9999999990587
"cv",40,1,191.835236295647,4.99999992206038,4.99999999538736
"cv",40,2,191.831981833131,4.99999999292359,4.99999999609286
"cv",40,3,191.831956589911,4.99999999574164,4.99999999837666
"cv",40,4,191.831429099762,4.9999999999611,4.99999999905173
