"","","","","par1","par2"
"cv",20,1,95.9164693425025,4.9999999993491,4.99999999807619
"cv",20,2,95.9173493276325,4.99999999973614,4.99999999954033
"cv",20,3,95.9165486289267,4.99999999946913,4.99999999841086
"cv",20,4,95.9174857803465,4.99999999837383,4.99999999699152
"cv",40,1,191.831772194257,4.99999999629314,4.99999999924754
"cv",40,2,191.832502831028,4.99999999630108,4.99999999346478
"cv",40,3,191.832769980371,4.99999999944018,4.99999999970427
"cv",40,4,191.832111730332,4.99999999880488,4.99999999953034
