"","","","","par1","par2"
"cv",20,1,64.7714476108401,0.494680876440598,-2.48606309613405
"cv",20,2,91.6193686068904,0.421002220008677,-2.75204846952056
"cv",20,3,73.3779058264488,0.433588126759859,-2.5316913970007
"cv",20,4,75.3665220533137,0.480827860814731,-2.4925015329867
"cv",40,1,171.454346787495,0.532544022213725,-1.80197803249916
"cv",40,2,171.531124234779,0.610913791256365,-1.76400575228022
"cv",40,3,187.168042552657,0.548212321354681,-1.96449391126894
"cv",40,4,174.507388544867,0.47866999695281,-1.94947748219102
