"","","","","par1","par2"
"cv",20,1,103.309749195794,4.63560060663713,-4.02132719941201
"cv",20,2,100.970817373844,-2.84841885082683,-4.99290837726589
"cv",20,3,94.4114000738285,-2.17299019852821,-0.571077606073931
"cv",20,4,94.4114000275728,-3.44409101090339,-0.571077685284129
"cv",40,1,187.673903560431,-1.79903408828778,-0.469394859622945
"cv",40,2,195.421903047807,-1.79927908990582,-0.9466007675061
"cv",40,3,187.539243707001,-1.79892275395312,-0.463397086025361
"cv",40,4,186.296830313865,-1.69506896869924,-0.328059756138856
