"","","","","par1","par2"
"cv",20,1,90.1218058279578,0.432426665625881,-2.50467797759455
"cv",20,2,73.0787782678857,0.429019208498269,-2.30849309837566
"cv",20,3,79.1638944975703,0.430045201440975,-2.42541983091098
"cv",20,4,69.9348404748084,0.405832158434446,-2.43681707603423
"cv",40,1,191.709088834673,0.402766646768533,-1.99602628679161
"cv",40,2,167.057797710694,0.395419453262527,-1.73383946073402
"cv",40,3,175.355315584067,0.443593202161435,-1.77509857982474
"cv",40,4,175.744913223579,0.409020254729868,-1.84088115441178
