"","","","","par1","par2"
"cv",20,1,94.0730124257147,-4.8623454234619,-3.57019016249294
"cv",20,2,94.0730124257147,-4.64843468074512,-4.60500566488944
"cv",20,3,94.0730124257147,-4.71581672962112,-4.62154736015779
"cv",20,4,94.0730124257147,-4.57382563028273,-4.46344875048677
"cv",40,1,184.139263695584,-4.47307337435206,-4.50273104575972
"cv",40,2,184.139263695584,-1.9718077412716,-4.38661912189191
"cv",40,3,184.139263695584,-3.41857581377485,-4.66316226924688
"cv",40,4,184.139263695584,-2.62685607009596,-3.77094709453605
