"","","","","par1","par2"
"cv",20,1,37.2390910631844,0.0686815681138982,-2.77039601990026
"cv",20,2,81.1179810459756,0.0336300490634189,-3.05514003215709
"cv",20,3,69.9463040895152,0.490402507808483,-2.9882246261259
"cv",20,4,82.8833537849616,-0.031689064311426,-2.90755657173107
"cv",40,1,32.8823911108678,0.0773325090069023,-3.15261681531897
"cv",40,2,147.320546887086,0.284011515250888,-3.40885873659356
"cv",40,3,65.9929792569208,0.12450695313663,-3.28054315508564
"cv",40,4,54.9973003459621,0.0933462341081311,-3.17309273864409
