"","","","","par1","par2"
"cv",20,1,142.154049184278,-3.87180277631232,-4.1931156955139
"cv",20,2,94.488385431386,2.81539596708053,-0.93492367140547
"cv",20,3,101.547373399956,2.74199093548185,-2.20375360466361
"cv",20,4,95.3302108581938,2.97157994261777,-1.80245332778924
"cv",40,1,200.88537523082,-1.79540205309102,-1.19431880182402
"cv",40,2,187.576377303393,-1.63104807957484,-0.482395837551719
"cv",40,3,186.242588823652,-1.62968960063037,-0.347178495877748
"cv",40,4,186.242588998477,-1.73086420183113,-0.347178434086387
