"","","","","par1","par2"
"cv",20,1,90.4766938804584,0.673675009437563,-2.20414924809515
"cv",20,2,85.785298126233,0.59482479784985,-2.19360538972239
"cv",20,3,83.5415502748298,0.516954059845469,-2.26716711626219
"cv",20,4,90.7630163874727,0.600872098756019,-2.29191814180579
"cv",40,1,180.531343188332,0.383423959238057,-1.66542311467323
"cv",40,2,180.341351310895,0.344822955080816,-1.84142031838731
"cv",40,3,186.907980805448,0.574258127789916,-1.76269153797379
"cv",40,4,194.64861738796,0.396607473441641,-1.88403924787664
