"","","","","par1","par2"
"cv",20,1,84.2865830827456,0.466277685545338,-2.37372125840912
"cv",20,2,83.602582852931,0.431482067253428,-2.44669303923087
"cv",20,3,77.0678351647528,0.379327608795244,-2.5614124387166
"cv",20,4,50.7208763762418,0.4316646311851,-2.26516634763357
"cv",40,1,178.120354966918,0.448567391606043,-2.41961054108557
"cv",40,2,156.89695673028,0.432940617930205,-2.36994817065106
"cv",40,3,113.452209793189,0.375336273909601,-2.14878405384892
"cv",40,4,150.445207271138,0.407774932898809,-2.30982295625672
