"","","","","par1","par2"
"cv",20,1,77.5773796321075,0.611225896033283,-2.08579619974681
"cv",20,2,92.0849583615569,0.597362021626013,-2.25878721403094
"cv",20,3,90.4101356571975,0.561601640281902,-2.11448895207032
"cv",20,4,83.7242313295678,0.56911954056266,-2.15334617058999
"cv",40,1,189.581313844756,0.423110987133772,-1.93869156892964
"cv",40,2,187.873703303733,3.20630356838579,-1.68340647152818
"cv",40,3,179.840430775432,0.452909333213105,-1.75135359898512
"cv",40,4,177.075887033938,0.437049457679448,-1.78479353869741
