"","","","","par1","par2"
"cv",20,1,94.0730124257147,-4.82354441380377,-4.18214107848824
"cv",20,2,94.0730124257147,-3.00668008090591,-4.77703321656888
"cv",20,3,94.0730124257147,-1.98634849465424,-3.88239594672591
"cv",20,4,94.0730124257147,-1.86798971345419,-4.45942468322098
"cv",40,1,187.835312715906,-3.46361532095766,-1.1911831838301
"cv",40,2,188.091334310324,-1.79533372563425,-1.19481708523579
"cv",40,3,184.830292105607,-3.97270193416738,-0.943672019882453
"cv",40,4,184.830292260137,-1.79187217900295,-0.943671930526574
