"","","","","par1","par2"
"cv",20,1,96.3181406080211,-1.79095161223667,0.539215287726261
"cv",20,2,96.3402002505267,-2.57701253344916,0.527167641620774
"cv",20,3,95.9043148712104,-3.94046253964494,4.99999999996923
"cv",20,4,95.7822915454891,-1.79376361501919,1.34698360154582
"cv",40,1,184.825263445102,-1.80236886454753,-0.946586077349294
"cv",40,2,187.73798206535,-1.79821885081514,-1.19173429264056
"cv",40,3,188.053553610955,-2.72525135236904,-1.19651036953565
"cv",40,4,184.825263291437,-1.80551185151966,-0.946586166588376
