"","","","","par1","par2"
"cv",20,1,95.193323391191,-2.26909506118921,0.636120611669064
"cv",20,2,95.8653878997468,-3.04638835379324,0.00336708998902627
"cv",20,3,98.0654390094315,-2.90063384135956,-0.555996710153015
"cv",20,4,95.1933235677691,-3.09229029091191,0.636120925016497
"cv",40,1,192.863269034177,-1.76553907981883,-0.0416930023748861
"cv",40,2,190.52418976545,-1.68483667453012,0.267108545812903
"cv",40,3,189.817842075438,-1.68418780630436,0.452840279169681
"cv",40,4,190.566581567692,-1.69536002401167,0.261391845447812
