"","","","","par1","par2"
"cv",20,1,84.171403614396,2.59189345955827,-2.01876798360586
"cv",20,2,83.0839426292326,0.406411702742325,-2.24873906995328
"cv",20,3,103.78287962195,3.18851932659671,-2.34906901946406
"cv",20,4,75.1444685806945,0.377698566011951,-2.17268607143288
"cv",40,1,173.141831213671,0.317264591177459,-1.99694589512011
"cv",40,2,176.520075451952,0.309466502414289,-2.00895388865557
"cv",40,3,183.162466286399,0.286125152175775,-2.01788996660059
"cv",40,4,179.523862461728,0.270598686039725,-2.07028942906066
