"","","","","par1","par2"
"cv",20,1,94.0730124257147,-3.7189498647882,-3.86579686243699
"cv",20,2,94.0730124257147,-3.85806002468196,-4.71849663492173
"cv",20,3,94.0730124257147,-3.2516842918799,-4.24451362327864
"cv",20,4,94.0730124257147,-2.5390177886835,-4.3772873423848
"cv",40,1,184.139263695584,-2.93615428973016,-4.34246162870717
"cv",40,2,184.139263695584,-2.63794942002038,-3.61429408722141
"cv",40,3,184.139263695584,-3.28868907992421,-4.42414483596716
"cv",40,4,184.139263695584,-3.9092876285158,-4.22238317584645
