"","","","","par1","par2"
"cv",20,1,94.4168895876098,-1.79595414575633,-0.561707967887004
"cv",20,2,94.4168895064101,-1.79428948100404,-0.561708106030297
"cv",20,3,94.4168895385189,-1.79491936140672,-0.561708051404228
"cv",20,4,100.970817373844,-2.18768341452218,-4.53542594344109
"cv",40,1,184.836170260517,-4.55483506208914,-0.940281458993507
"cv",40,2,184.836170255979,-3.14502092956521,-0.94028146160495
"cv",40,3,187.835648540352,-1.84971793546436,-1.1865215263339
"cv",40,4,188.153804323007,-4.01233366634899,-1.19464765702284
