"","","","","par1","par2"
"cv",20,1,92.2849272513156,0.361361427632352,-2.20335840277157
"cv",20,2,81.9836530477165,0.343188056850597,-2.09866554184118
"cv",20,3,87.1478259975325,0.348190877273763,-2.27913011811748
"cv",20,4,80.337089560893,0.366400398403834,-2.09558345257801
"cv",40,1,194.190733626107,0.343593177227201,-2.15482559035262
"cv",40,2,176.122397200991,0.34126524914142,-1.89497643632522
"cv",40,3,173.573771926306,0.343189505664827,-1.85852664798879
"cv",40,4,177.814141451566,0.343523227833445,-1.8816336491975
