"","","","","par1","par2"
"cv",20,1,94.0730124257147,-2.76336953127213,-3.58316401740557
"cv",20,2,94.0730124257147,-3.65824540551502,-3.5323718362197
"cv",20,3,94.0730124257147,-2.4660333675178,-4.33745126735758
"cv",20,4,94.0730124257147,-3.80392570227542,-3.90543201129805
"cv",40,1,187.610868665024,-1.79119922292485,-0.940479777692739
"cv",40,2,185.205061578997,-1.79273314577842,-0.752916754050941
"cv",40,3,185.205061254217,-1.79331715870205,-0.752916902371452
"cv",40,4,191.606377164985,-2.17351745838535,-1.19245864563695
