"","","","","par1","par2"
"cv",20,1,77.1782321136073,0.301858212699246,-2.33242895856594
"cv",20,2,78.6769931502125,0.280229597622296,-2.41066867181434
"cv",20,3,76.9353185065758,0.26116396888103,-2.29385797102099
"cv",20,4,98.9312817950608,0.278287991314846,-2.59643895140697
"cv",40,1,173.01716061173,0.343342239661748,-1.80610570143165
"cv",40,2,186.187279661275,0.433780956408035,-1.91311963307627
"cv",40,3,171.677193468222,0.397983793396653,-1.80710850045175
"cv",40,4,169.385422849945,0.395285952798648,-1.73039926499049
