"","","","","par1","par2"
"cv",20,1,95.9155891456042,4.99999999942506,4.99999999919047
"cv",20,2,95.916115906007,4.99999999783001,4.99999999881445
"cv",20,3,95.9161916344249,4.9999999969766,4.99999999553013
"cv",20,4,127.00640724997,-1.79029811896003,-0.569984488887367
"cv",40,1,184.479503237766,-1.79821054949818,-1.19220903043491
"cv",40,2,184.479503211706,-2.65084902306358,-1.19220905415824
"cv",40,3,191.257740005882,-3.30770648774563,-4.49385755696815
"cv",40,4,184.479503302775,-2.2182022002272,-1.19220897125335
