"","","","","par1","par2"
"cv",20,1,110.506445175522,-4.20905744021074,-0.573306085550294
"cv",20,2,95.9166103491957,4.99999998653043,4.99999999581232
"cv",20,3,95.9159920856747,4.99999998925241,4.99999999554889
"cv",20,4,95.9161427758739,4.99999999421146,4.99999999853054
"cv",40,1,187.580858370203,-1.7918161024537,-0.760418623628665
"cv",40,2,190.390676355353,-1.79285597677299,-0.945321279925569
"cv",40,3,187.357608738306,-1.7947378912459,-0.754332955809181
"cv",40,4,185.569805187442,-1.79230748628032,-0.597795002385192
