"","","","","par1","par2"
"cv",20,1,95.9161127882276,4.99999999143217,4.99999998971768
"cv",20,2,95.915792014446,4.99999999179711,4.99999999860163
"cv",20,3,95.9158945518892,4.99999999589541,4.999999997523
"cv",20,4,95.9164241053588,4.99999999446613,4.99999999535509
"cv",40,1,191.831732057511,4.99999998212349,4.99999998597205
"cv",40,2,191.831515616782,4.99999996451753,4.9999999999465
"cv",40,3,191.831613231006,4.99999998440382,4.99999998817917
"cv",40,4,198.360363228115,2.10299867895598,-0.115310549843101
