"","","","","par1","par2"
"cv",20,1,96.8472243935016,0.0559249759668609,-2.33939217736011
"cv",20,2,89.671657538943,0.0446804586311579,-2.38705297582979
"cv",20,3,92.4854971717618,0.0615982769635956,-2.29253307840342
"cv",20,4,69.4897182035421,0.10306756785904,-2.08475784516037
"cv",40,1,223.991723637196,-0.214429446780986,-2.49657301203598
"cv",40,2,201.29260550953,-0.265205027754309,-2.40493829613725
"cv",40,3,189.659524924055,-0.479197030410311,-2.41132416742617
"cv",40,4,132.149666023888,0.188821767583938,-1.52333044711051
