"","","","","par1","par2"
"cv",20,1,94.0730124257147,-4.44237484879167,-4.3863422104134
"cv",20,2,94.0730124257147,-2.80363072976582,-4.90835668107501
"cv",20,3,94.0730124257147,-3.51902652165499,-3.73130669388524
"cv",20,4,94.0730124257147,-2.75922349721578,-4.01977868348558
"cv",40,1,184.139263695584,-2.62602833276416,-4.51226491586998
"cv",40,2,184.139263695584,-3.66159751570939,-4.27173068836648
"cv",40,3,184.139263695584,-1.88266974085068,-3.93948229451541
"cv",40,4,184.139263695584,-1.92607639721861,-4.10863781665003
