"","","","","par1","par2"
"cv",20,1,94.9738415719569,3.62861231749763,-2.26050361596293
"cv",20,2,103.344521116358,2.9941481873966,-2.66747472360067
"cv",20,3,121.605501068099,-3.97220835876593,-4.13436485948485
"cv",20,4,94.9524985826948,3.40287543800055,-1.93201334967524
"cv",40,1,190.450213491258,-1.66117227847774,-0.0153425836097733
"cv",40,2,188.842063610151,-1.66023481680979,0.297296551534962
"cv",40,3,189.709256594145,-1.77518667019976,0.107118681824807
"cv",40,4,193.847077858272,-1.77471343075526,-0.312999423799858
