"","","","","par1","par2"
"cv",20,1,87.4688657528479,0.297552373497535,-1.99367828179259
"cv",20,2,89.137711655667,0.337235542917844,-1.98908160088522
"cv",20,3,89.4232851397273,0.281137563408287,-2.0156016879734
"cv",20,4,87.7599180197506,0.294479689032654,-1.86431176889483
"cv",40,1,191.442341885779,0.285386423363736,-1.84115900475376
"cv",40,2,184.320190139271,3.93764291120393,-2.70284197330087
"cv",40,3,175.945019488217,0.202897347240264,-1.77412354298656
"cv",40,4,191.279481170469,0.169621797739541,-2.05535348408082
