"","","","","par1","par2"
"cv",20,1,95.9173423569765,4.99999999843001,4.99999999940712
"cv",20,2,95.9169025193733,4.99999999359155,4.99999999695412
"cv",20,3,95.9166308559338,4.99999999368908,4.99999999987651
"cv",20,4,95.91678768362,4.9999999978502,4.99999999868793
"cv",40,1,191.832899202174,4.99999999725751,4.99999999895998
"cv",40,2,191.834564636359,4.99999998918535,4.99999999698587
"cv",40,3,191.832987463045,4.99999999628839,4.99999999543473
"cv",40,4,191.832140491321,4.99999999320566,4.99999999904748
