"","","","","par1","par2"
"cv",20,1,230.258509299405,-0.618345299795892,-3.55501369630886
"cv",20,2,71.2406218555319,-3.65107045871426,-2.47689369777031
"cv",20,3,55.0969840662846,-3.40723192259963,-2.41511882411869
"cv",20,4,30.4948682151081,-3.57136324701887,-2.32037815484026
"cv",40,1,34.8418281020318,-0.00904988926705329,-3.92664787378022
"cv",40,2,0.112136496496028,0.124732917301718,-3.97427319022851
"cv",40,3,50.8459113000236,-0.107359600119326,-3.277713753692
"cv",40,4,117.819223542198,0.394713659361577,-4.2967706316614
