"","","","","par1","par2"
"cv",20,1,83.3957415174755,0.366301043164428,-2.48941885890266
"cv",20,2,80.7214972918232,0.336563224016355,-2.62348005502615
"cv",20,3,106.156970322913,0.264392541634568,-2.83034632352756
"cv",20,4,51.7939204921816,0.386256885506348,-2.22400072692288
"cv",40,1,167.307705667919,0.333897760433715,-1.72302507978838
"cv",40,2,185.071416949751,0.302766992975826,-1.93072507628897
"cv",40,3,171.946347342493,0.347745049571544,-1.79883448416071
"cv",40,4,191.129827313185,0.378366752091581,-1.94413745454664
