"","","","","par1","par2"
"cv",20,1,94.0730124257147,-2.54049574651686,-4.63738866392048
"cv",20,2,94.0730124257147,-2.85138233415183,-3.89577157508626
"cv",20,3,94.0730124257147,-4.42473196984198,-4.6740747107466
"cv",20,4,94.0730124257147,-4.01741923976996,-4.13671514129442
"cv",40,1,184.478347488131,-2.05822266565249,-1.19326240526384
"cv",40,2,184.47834751506,-3.45386375947615,-1.19326238069178
"cv",40,3,184.478347517418,-1.92413768640385,-1.19326237854016
"cv",40,4,191.257740005882,-3.01345984635257,-3.98000206739692
