"","","","","par1","par2"
"cv",20,1,80.7851474686045,0.562674687744094,-2.2058244575057
"cv",20,2,83.3690696023749,0.572563722814844,-2.38631783078369
"cv",20,3,83.9205735344111,0.578789757327606,-2.23369829403808
"cv",20,4,94.548353718389,0.525908228518312,-2.64536195811971
"cv",40,1,157.625893632452,0.631102380238235,-1.88859752657216
"cv",40,2,166.829495216554,0.571200545223282,-1.96198863870918
"cv",40,3,175.912960623483,0.59991887837072,-2.09622097756098
"cv",40,4,177.016951801447,0.61147206233981,-2.03653159454356
