"","","","","par1","par2"
"cv",20,1,94.7954866098301,-1.7916010776994,0.0122670396858128
"cv",20,2,94.7954865740016,-1.79318670191626,0.0122669875328782
"cv",20,3,107.85877002553,-1.97363803648776,-3.98499928637326
"cv",20,4,94.7954865544785,-1.79485370642864,0.0122669591145512
"cv",40,1,184.139263695584,-4.64305560002003,-3.8098216221202
"cv",40,2,184.139263695584,-2.26673237375298,-4.05381753461429
"cv",40,3,184.139263695584,-2.13124072182695,-3.95709219745081
"cv",40,4,184.139263695584,-2.86578192212226,-3.86699821874251
