"","","","","par1","par2"
"cv",20,1,79.0649397522131,0.536226906672428,-2.26791359919385
"cv",20,2,78.9720955712935,0.595069674027176,-2.25395090331236
"cv",20,3,74.2410592274503,0.5574393682318,-2.18132702224586
"cv",20,4,68.3136483441872,0.527256730588094,-2.20352337654654
"cv",40,1,181.358105211567,0.578224245295099,-2.13014047685896
"cv",40,2,173.00126476337,0.822033575895445,-1.93132424397888
"cv",40,3,163.944423320468,0.629680693383262,-1.94963458564703
"cv",40,4,163.477453173242,0.632658060609247,-1.95988597404228
