"","","","","par1","par2"
"cv",20,1,94.4207929561027,-1.7926988365473,-0.555082335214949
"cv",20,2,94.4207929375278,-1.79090783258585,-0.555082366672987
"cv",20,3,100.970817373844,-2.94239710122179,-4.39725653482751
"cv",20,4,94.4207928997056,-1.78972304710718,-0.555082430728072
"cv",40,1,186.748094206221,-1.79276910707468,-0.171894963761238
"cv",40,2,189.457054126492,-1.7922601339503,-0.458874120116797
"cv",40,3,191.516844730946,-1.79263832679014,-0.60364657742499
"cv",40,4,189.183131612431,-1.79516630174796,-0.447238248816912
