"","","","","par1","par2"
"cv",20,1,94.0730124257147,-2.30904536787421,-4.03459326489834
"cv",20,2,94.0730124257147,-4.35415178475474,-4.26971173994583
"cv",20,3,94.0730124257147,-2.90195708682678,-4.78299709056081
"cv",20,4,94.0730124257147,-1.80978383323955,-3.95571328200195
"cv",40,1,184.139263695584,-4.57850948917595,-4.63314371118045
"cv",40,2,184.139263695584,-2.94047146141914,-4.2332963441431
"cv",40,3,184.139263695584,-4.70550783484338,-4.61236074536917
"cv",40,4,184.139263695584,-2.16398244189907,-3.87478661622865
