"","","","","par1","par2"
"cv",20,1,94.0730124257147,-3.60506400148957,-4.25697831087406
"cv",20,2,94.0730124257147,-4.20637138578854,-3.7963102584154
"cv",20,3,94.0730124257147,-3.43625933335108,-3.95350232584935
"cv",20,4,94.0730124257147,-2.85563617924489,-3.67682504749766
"cv",40,1,184.139263695584,-2.07614420287373,-4.42442890014325
"cv",40,2,184.139263695584,-2.93935373197633,-4.49631250013546
"cv",40,3,184.139263695584,-1.86637702257428,-4.49907679326261
"cv",40,4,184.139263695584,-3.45372652559073,-4.33231017956777
