"","","","","par1","par2"
"cv",20,1,96.3098529878998,-1.79524622678224,-0.561708026449334
"cv",20,2,94.7972004440663,-1.79206804552922,0.0147619696064271
"cv",20,3,96.2101763152596,-3.22078508409319,-0.54565042724275
"cv",20,4,94.7972004121814,-1.79214806280161,0.0147619231854162
"cv",40,1,191.257740005882,-4.05958819649108,-4.39360327458916
"cv",40,2,184.475023450644,-1.79084854957514,-1.19630577504725
"cv",40,3,184.475023407381,-1.78993392815769,-1.19630581479067
"cv",40,4,184.475023499223,-2.04254211815283,-1.19630573041923
