"","","","","par1","par2"
"cv",20,1,89.1862840036641,0.461623361832277,-2.27548349698959
"cv",20,2,78.566343149137,0.470965215911569,-2.13668105599243
"cv",20,3,82.2188797135692,0.560413393070312,-2.23928758624251
"cv",20,4,76.5214601973144,0.522158176530634,-2.04013850637139
"cv",40,1,177.408928598742,0.404492715749478,-1.90129212617135
"cv",40,2,176.276335599642,0.41522527489479,-1.82585870290438
"cv",40,3,203.711696236999,3.0855354711702,-2.17485303511786
"cv",40,4,171.24441978096,0.434597673630374,-1.74884207080864
