"","","","","par1","par2"
"cv",20,1,86.1703062533766,0.514110500625641,-1.9488522063516
"cv",20,2,84.6773387027335,0.583483909267705,-2.08460640735515
"cv",20,3,87.8443500353816,0.492683980157061,-2.11480436739753
"cv",20,4,86.0925540639005,0.66650054913993,-1.98596205243381
"cv",40,1,179.468684432584,0.363908318621339,-1.91093696244597
"cv",40,2,186.765538692792,0.374834403528171,-2.08309501956548
"cv",40,3,168.928789293646,0.316055654073382,-1.88176879873242
"cv",40,4,177.649068206359,0.353634612935154,-1.99736517325293
