"","","","","par1","par2"
"cv",20,1,94.6514163507402,-0.67656718586171,-4.97715338562527
"cv",20,2,95.6736352792822,-0.707834842861578,-4.94311935094168
"cv",20,3,93.8336901842374,-0.817498673603205,-4.67288414865689
"cv",20,4,95.903767830739,-0.728578666551091,-4.91318807541253
"cv",40,1,185.961230908422,-0.725618447658113,-4.72169888323591
"cv",40,2,187.410637230389,-0.73575622532406,-4.78363970838344
"cv",40,3,188.390398959273,-0.818483921162394,-4.85159625217527
"cv",40,4,197.8536590302,-0.695288574780528,-4.92517420241424
