"","","","","par1","par2"
"cv",20,1,94.9072426489943,-0.854310417524263,-4.60842748999952
"cv",20,2,96.3734827915315,-0.641510072164237,-4.68783487096253
"cv",20,3,97.355111069384,-0.582089940445524,-4.75108898244798
"cv",20,4,96.5267168647631,-0.614860723787094,-4.72864043754738
"cv",40,1,190.838470644347,-0.780174986183019,-4.89819053668449
"cv",40,2,187.488905570589,-0.937213523942349,-4.5993470263768
"cv",40,3,185.427509154693,-0.644141121045044,-4.90191983210651
"cv",40,4,189.37676548719,-0.783306758685711,-4.90345283593458
