"","","","","par1","par2"
"cv",20,1,104.15604300435,-0.611329898457226,-4.71324546473754
"cv",20,2,94.7939831133531,1.88211686378346,-0.808952573241525
"cv",20,3,96.5870120159093,1.93716635841912,-1.29419712464874
"cv",20,4,95.83219980613,1.66288593697325,-1.24593939335697
"cv",40,1,192.304780843959,-0.958036879665581,-4.89162502227815
"cv",40,2,183.026433585736,-0.838099769947285,-4.90077710928549
"cv",40,3,188.024928935436,-0.725736638435104,-4.41262729170964
"cv",40,4,192.158736085251,-0.83891443090598,-4.9615391035173
