"","","","","par1","par2"
"cv",20,1,91.6229190836615,-0.067266080944353,-2.90841602183026
"cv",20,2,88.7701034296983,-0.202046276577105,-2.86194225562503
"cv",20,3,83.6245875719565,-0.217951418191629,-2.77505547762619
"cv",20,4,91.0806739850375,-0.20315635897982,-2.97446816800037
"cv",40,1,186.208117911532,-0.141801428902945,-2.33144545273782
"cv",40,2,181.67916154329,-0.27920052021928,-2.34794101173219
"cv",40,3,180.625094601418,-0.241756816988594,-2.27991676085429
"cv",40,4,186.898087008116,-0.311327347563465,-2.47874932220448
