"","","","","par1","par2"
"cv",20,1,93.0247433902159,-0.754221129743407,-4.83399229612326
"cv",20,2,95.7647445660143,3.11226148353448,-1.14052646319412
"cv",20,3,94.9227664659567,-0.863340013436512,-4.82712545611764
"cv",20,4,93.9768258215014,-0.69498212941913,-4.82139709447642
"cv",40,1,188.297021578312,-0.888398671955663,-4.65243167049146
"cv",40,2,195.166064375809,-0.696263315698587,-4.81598861396921
"cv",40,3,192.36156390797,-0.727545749950059,-4.95638149505969
"cv",40,4,185.614518407539,-0.781137801678287,-4.56862473682159
