"","","","","par1","par2"
"cv",20,1,98.9608535353453,1.91598524237171,-1.43507998470672
"cv",20,2,97.7648495329926,2.5631545955611,-1.48449066099594
"cv",20,3,93.3381431807074,2.580216300733,-1.29214662238562
"cv",20,4,94.8238947948786,1.94020800364753,-1.3050064094373
"cv",40,1,191.069527718219,-0.555280168339637,-4.92335752114192
"cv",40,2,187.726463141113,-0.715872750100777,-4.92657164422637
"cv",40,3,184.676226385843,-0.728637140318786,-4.7696407528722
"cv",40,4,188.203626992083,-0.501085077289503,-4.81465810368436
