"","","","","par1","par2"
"cv",20,1,103.015852524112,0.861677259205936,-0.798077529335379
"cv",20,2,95.9926088194824,2.20659928093287,0.359686712751855
"cv",20,3,96.9457076718007,1.85518623179331,-0.131691705265813
"cv",20,4,95.9639740830891,4.72344839852604,0.706314365365948
"cv",40,1,190.966600186438,0.958867666230992,0.199029600707705
"cv",40,2,225.715160813783,1.20640171949429,-1.03595102401259
"cv",40,3,207.982854981102,2.55071561256169,-0.922939798563158
"cv",40,4,191.788889329348,2.36972798975353,-0.304081690328681
