"","","","","par1","par2"
"cv",20,1,89.4260786302376,-0.176986970587923,-2.95500198747296
"cv",20,2,87.9103397247504,-0.190285687598506,-2.91646647289393
"cv",20,3,83.8878705176552,-0.243635430632961,-2.89448743986125
"cv",20,4,80.6959680941896,-0.254830111056652,-2.86917739419532
"cv",40,1,177.75744772076,-0.184348553626621,-2.67502675133093
"cv",40,2,186.643284146504,-0.211220680960196,-2.69924153508892
"cv",40,3,170.633506260652,-0.222355315782506,-2.59285657050263
"cv",40,4,169.273684561519,-0.256518821066291,-2.64004046892458
