"","","","","par1","par2"
"cv",20,1,95.5490313295304,-0.69765490413086,-4.47383022049657
"cv",20,2,96.7727701675663,-0.768010266976409,-4.32408584820231
"cv",20,3,95.2877468788738,-2.77918527942589,-4.60524872839031
"cv",20,4,95.3274851858601,-0.827839740042389,-4.28731882149756
"cv",40,1,186.092866089452,-0.804674357338172,-4.73873115823275
"cv",40,2,190.079032902068,-2.2945113510509,-4.92377110781115
"cv",40,3,186.804655956814,-0.848045996674219,-4.65011726593673
"cv",40,4,194.757299339632,-4.48461208246995,-4.78086171350196
