"","","","","par1","par2"
"cv",20,1,92.0207306117871,-0.982066438277253,-4.62848613976403
"cv",20,2,96.0743850335139,-0.667338072954312,-4.54305609219183
"cv",20,3,98.1644611266521,-0.623999902712854,-4.61027485938869
"cv",20,4,97.2758029206756,-0.870291919566155,-4.85599352937084
"cv",40,1,188.003963052089,-0.66605928153262,-4.7806377558573
"cv",40,2,185.110409014879,-0.809643758421827,-4.82998068171671
"cv",40,3,189.93103126918,-0.727989853156819,-4.86723054359486
"cv",40,4,184.598089772205,-0.70847909997049,-4.7743668220458
