"","","","","par1","par2"
"cv",20,1,92.5194776095603,-0.795453332451741,-4.63616151954361
"cv",20,2,93.856098356028,-0.741776066113524,-4.60958866434707
"cv",20,3,86.9457054261408,-0.711775457599635,-4.86176251010547
"cv",20,4,95.3463243409633,-0.753998506615153,-4.5843863277783
"cv",40,1,188.332982545591,-0.890230745289366,-4.85323987661236
"cv",40,2,190.70929296733,-1.0519910893403,-4.9573891845271
"cv",40,3,187.559743171451,-0.939310427497413,-4.86850566258939
"cv",40,4,189.70832681245,-0.783148498000663,-4.30807168326834
