"","","","","par1","par2"
"cv",20,1,94.3736529904664,-3.34780284431427,-4.2080810470902
"cv",20,2,95.8507817019227,-2.68927222585029,-4.89485289443077
"cv",20,3,95.3512338437198,-1.09277949925785,-4.66938304225996
"cv",20,4,96.7219114763978,3.45649980836439,-1.2196824750139
"cv",40,1,190.833739240343,-0.789341547044393,-4.87097032466875
"cv",40,2,190.64829038184,-0.792325248387088,-4.89883123826587
"cv",40,3,182.14819654491,-0.71244428684596,-4.73564110689742
"cv",40,4,188.000310993925,-0.68510144268526,-4.78302218897568
