"","","","","par1","par2"
"cv",20,1,91.3284005446959,-0.189226669290316,-2.7626893396985
"cv",20,2,95.7786681717593,-0.0103231608726914,-2.72545544320027
"cv",20,3,87.6581909192877,-0.186546393788041,-2.59865857086686
"cv",20,4,90.5141887171012,-0.114502721359211,-2.64961063229861
"cv",40,1,194.742391494124,1.04783672070354,-0.628926860596429
"cv",40,2,184.669379996973,-0.193012213169952,-1.77901479681185
"cv",40,3,199.664470995912,-0.221058364784408,-2.24914240470804
"cv",40,4,186.127652519334,-0.117369547283792,-1.78415395456336
