"","","","","par1","par2"
"cv",20,1,91.5253536962882,0.0496508422567599,-2.9699409745769
"cv",20,2,86.7227990719725,-0.100397775463752,-2.88803263617782
"cv",20,3,90.2185009907152,-0.0215078445720723,-2.96258622525251
"cv",20,4,81.1201296228746,-0.102352134462952,-2.83213849203751
"cv",40,1,177.978748499872,-0.332429424331877,-2.44212469277643
"cv",40,2,176.08916388472,-0.349480546158962,-2.40999122324755
"cv",40,3,180.98678696885,-0.33565226565624,-2.54086694558577
"cv",40,4,185.833625666023,-0.282793592109387,-2.52667566814404
