"","","","","par1","par2"
"cv",20,1,91.331729413768,-0.0626716971758891,-2.63985003921585
"cv",20,2,98.3914990547012,-0.0796230628640809,-2.76523907366996
"cv",20,3,89.3906715603216,-0.158068604752464,-2.51465165047302
"cv",20,4,88.5186659649815,-0.103632479415462,-2.54839402214342
"cv",40,1,173.590329083309,-0.156145221089932,-2.57919191481751
"cv",40,2,196.7539457264,-0.134369289579422,-2.77656436396655
"cv",40,3,175.378916598391,-0.180851247410866,-2.5974537930203
"cv",40,4,169.695403560894,-0.153106899555916,-2.45945551490888
