"","","","","par1","par2"
"cv",20,1,96.7094410704151,-1.69619747569314,-4.98878701379019
"cv",20,2,96.1632128883989,-3.92047299204327,-4.35458637393557
"cv",20,3,97.5785392602451,2.64309002817425,-1.09023997635157
"cv",20,4,99.042712935521,-3.00193661210197,-4.86738007763337
"cv",40,1,188.270562053421,-3.12278624597252,-4.78675185362813
"cv",40,2,187.894446088276,-3.30812686872017,-4.70887576336638
"cv",40,3,186.368680920674,-0.852554802130908,-4.77641752868988
"cv",40,4,191.738451083991,-2.24133076309444,-4.79420464026029
