"","","","","par1","par2"
"cv",20,1,97.2043043335484,2.67207584656832,-1.20570562026062
"cv",20,2,95.9501620779805,2.11183476828566,-1.03311886938148
"cv",20,3,95.1351210262516,-0.65559336844962,-4.47613589304713
"cv",20,4,99.3117355392568,-0.722254313339095,-4.96344427380219
"cv",40,1,186.475952697047,-0.710732228760971,-4.89574596842077
"cv",40,2,188.216943664445,-0.607659439234074,-4.67180427839111
"cv",40,3,185.777564105595,-0.753366387069459,-4.94475754601938
"cv",40,4,190.998455273311,-0.645901554019004,-4.80712116026797
