"","","","","par1","par2"
"cv",20,1,92.0977768586744,-0.221858203509891,-2.84059480368444
"cv",20,2,85.6121826742061,-0.273632193870735,-2.6977418894702
"cv",20,3,90.8780258163267,-0.168037398789194,-2.80791684178699
"cv",20,4,87.0352671045645,-0.255491959574659,-2.68084858846712
"cv",40,1,175.860840069694,-0.369151404199033,-2.66448161622077
"cv",40,2,174.649845928145,-0.378717329371387,-2.62205836878036
"cv",40,3,195.84849136561,-0.238666828839088,-2.78091056050655
"cv",40,4,172.600573681905,-0.3828964969246,-2.56449651689832
