"","","","","par1","par2"
"cv",20,1,93.3739197840201,-0.306953137716613,-2.98223752653334
"cv",20,2,90.7252818337822,1.6414775666418,-1.54644220464477
"cv",20,3,87.8713692217718,1.70719616288017,-1.30327216315604
"cv",20,4,93.1409028770202,1.64571454664725,-1.49280560209872
"cv",40,1,181.744882771968,-0.358113816362273,-2.68933130407158
"cv",40,2,178.961263510166,-0.380741662765275,-2.60546991821721
"cv",40,3,174.377492139313,-0.393343634219096,-2.5487960386618
"cv",40,4,182.334123724347,-0.359312432017522,-2.59203795613394
