"","","","","par1","par2"
"cv",20,1,94.940055298628,-2.66165727155808,-4.6054314421978
"cv",20,2,95.0009371169276,-0.77740860379695,-4.63473825155438
"cv",20,3,97.5269549063541,-3.07321726219463,-4.8677759806404
"cv",20,4,95.5349239389424,-0.811085530480986,-4.69515283512247
"cv",40,1,194.481160457861,-1.03945742920828,-4.52841825247987
"cv",40,2,187.682446934657,-2.66225672022863,-4.72243190958516
"cv",40,3,185.952636948718,-2.46207813962867,-4.70148732227261
"cv",40,4,187.698375015313,-2.27587404839083,-4.68802510911244
