"","","","","par1","par2"
"cv",20,1,98.1425208282702,2.35085669648839,-0.569817210461102
"cv",20,2,118.65892288748,-0.0730952419803153,-2.8182149960709
"cv",20,3,92.6819881339123,0.664805566329294,-1.26657883993992
"cv",20,4,99.1234590989806,0.653535437463779,-1.73928712586671
"cv",40,1,192.32771827467,4.99999999985811,0.960521595508026
"cv",40,2,191.865278228507,-0.386030479944151,4.9999999999514
"cv",40,3,197.645979822702,2.17972289505551,0.295308543867797
"cv",40,4,191.830758687629,4.99999999843536,4.99999999960587
