"","","","","par1","par2"
"cv",20,1,93.4612059662441,0.0661006257563226,-3.0619199186213
"cv",20,2,93.045684620933,-0.140671756350598,-3.24579556186623
"cv",20,3,82.1519066718826,-0.0206688425815477,-2.89261385756718
"cv",20,4,87.9932039775208,-0.104799525089746,-3.10029134464645
"cv",40,1,182.144000368397,-0.0845856008368782,-2.45770244908482
"cv",40,2,174.565917372866,-0.0522641078597452,-2.38623216487285
"cv",40,3,179.556708587086,0.146126451149976,-2.23277714722183
"cv",40,4,182.206577859828,-0.0265352796752817,-2.50390991519017
