"","","","","par1","par2"
"cv",20,1,82.8189622713029,-0.310435506002808,-2.87335037453227
"cv",20,2,89.6035871854839,-0.247759524043372,-3.13167298249868
"cv",20,3,94.3682959783446,-0.177328569325073,-2.97334926190475
"cv",20,4,90.4643272080622,-0.261508438221023,-2.93981593411625
"cv",40,1,180.023827822027,-0.271778868687041,-2.63084801446829
"cv",40,2,179.755414470559,-0.270736929073714,-2.60447090657623
"cv",40,3,178.161022236574,-0.303119959575436,-2.68273156521568
"cv",40,4,178.220665766251,-0.301256968573701,-2.55470346324918
