"","","","","par1","par2"
"cv",20,1,89.0673859870867,-0.29022233661653,-2.86466199274096
"cv",20,2,90.5584819845748,-0.289567673495154,-2.81842891089528
"cv",20,3,89.3728840960888,-0.27716654881953,-2.78766443419572
"cv",20,4,89.1155354605258,-0.34189982244644,-2.77212921656679
"cv",40,1,173.626098368118,-0.35567777982548,-2.67004329432198
"cv",40,2,176.945929728138,-0.293096325288698,-2.63029464365565
"cv",40,3,175.819535899879,-0.322735887829745,-2.64400556513605
"cv",40,4,180.385769239169,-0.27629054930266,-2.71033401711881
