"","","","","par1","par2"
"cv",20,1,95.1139416065155,2.22594731658892,-1.3254019256823
"cv",20,2,83.9726618478877,-0.124282152329151,-2.64254971773461
"cv",20,3,84.3004536143692,-0.0299229680083982,-2.65837485957757
"cv",20,4,106.166761975431,-0.0452332705206443,-2.9272797424507
"cv",40,1,172.098718208335,-0.125800663579276,-2.68951006881652
"cv",40,2,166.240364146287,-0.145523615064089,-2.65627050310132
"cv",40,3,175.242126037853,-0.115100508853339,-2.68532904643668
"cv",40,4,177.06935745615,-0.149021053309127,-2.71942350592119
