"","","","","par1","par2"
"cv",20,1,87.2328534354323,-0.238876548244709,-2.44371916630158
"cv",20,2,87.5199826828006,-0.237655349428675,-2.54080885567604
"cv",20,3,94.3109663316929,-0.142712800199937,-2.67846948507514
"cv",20,4,95.6032003997173,-0.105723156290147,-2.66124029323394
"cv",40,1,181.801492581254,-0.156581382279293,-2.25429758634533
"cv",40,2,191.28684365628,-0.244146397944965,-2.46805946569396
"cv",40,3,177.734178552449,-0.203675252597231,-2.1482233835116
"cv",40,4,182.662336449282,-0.111323660888673,-2.22063680318802
