"","","","","par1","par2"
"cv",20,1,92.2233805842001,-0.219028787662978,-2.81049114529891
"cv",20,2,88.9586856639338,-0.221257525300838,-2.81060097881584
"cv",20,3,91.2164271388366,-0.170465555567139,-2.7782286426969
"cv",20,4,89.7868150693467,-0.220777144404233,-2.94038051315489
"cv",40,1,169.403184559864,-0.281513103634261,-2.62424944484589
"cv",40,2,174.281959123447,-0.252187164060044,-2.6926944352216
"cv",40,3,179.658365863858,-0.20796410026634,-2.74772593433251
"cv",40,4,177.280750571134,-0.242715968616065,-2.73419017830277
