"","","","","par1","par2"
"cv",20,1,94.3668607267996,2.87514524114006,-1.1245863778564
"cv",20,2,96.5852394939741,-1.17498223436996,-4.5200234258484
"cv",20,3,93.9679015461934,2.80242431746806,-1.07982814818592
"cv",20,4,92.2341755958909,2.83402359466494,-0.916288109749602
"cv",40,1,193.655561227356,-0.80688308222658,-4.21373207652589
"cv",40,2,190.655320144516,2.86597760394707,-0.609962704999356
"cv",40,3,195.258640551025,2.89223196668798,-0.99223146487125
"cv",40,4,191.149117564948,-0.734364536123473,-3.70539822382852
