"","","","","par1","par2"
"cv",20,1,89.1693399242952,-0.19457579869999,-2.66125578786255
"cv",20,2,105.645851017725,0.830403182365814,-1.92782514648399
"cv",20,3,90.511582405907,-0.171877977122619,-2.79024472658005
"cv",20,4,90.5023213203952,-0.0888441027684232,-2.71384713490412
"cv",40,1,177.696469781426,-0.129620547327696,-2.82350898333319
"cv",40,2,169.967389649589,-0.124314450327818,-2.74622722803908
"cv",40,3,169.984577284585,-0.202907551176957,-2.87467287110085
"cv",40,4,173.4758725287,-0.210683286183305,-2.94657267223334
