"","","","","par1","par2"
"cv",20,1,85.6184544742218,0.019754832623695,-2.98955441208378
"cv",20,2,90.8632199850864,0.247008907699718,-2.81737161069429
"cv",20,3,94.8395823526341,0.554748657093724,-2.47938459062027
"cv",20,4,89.5729642904988,0.346865922676376,-2.80364622495356
"cv",40,1,183.364399536853,0.00115264214974626,-2.4433154684837
"cv",40,2,182.240856617229,-0.0364958004900282,-2.48950953136141
"cv",40,3,178.23030905641,-0.106551932023675,-2.48433256426548
"cv",40,4,172.565786339465,-0.139787681702394,-2.40598746287875
