"","","","","par1","par2"
"cv",20,1,93.6352100081944,-0.272401885824991,-2.91055479450798
"cv",20,2,91.6332796496222,-0.354643041789802,-2.86451076690247
"cv",20,3,91.0503950924675,-0.343967092729002,-2.86673239301211
"cv",20,4,89.8051122883702,-0.371529169387069,-2.92845266835748
"cv",40,1,191.583341658423,2.12712775437098,-0.943410526605832
"cv",40,2,183.075097335256,-0.286177175145428,-2.38882154533678
"cv",40,3,179.868979129351,-0.374202500217382,-2.37162666296262
"cv",40,4,188.363836373697,-0.343631669651431,-2.51416835013749
