"","","","","par1","par2"
"cv",20,1,106.274218768326,1.03947009692207,-2.0861809542
"cv",20,2,91.0799025975394,1.47108743836007,-1.26938045724654
"cv",20,3,88.8231892177123,1.16019706642843,-1.42472706989132
"cv",20,4,104.695917093058,1.60827632460873,-1.59681217633355
"cv",40,1,204.902905459287,1.98752494169775,-1.03024011063489
"cv",40,2,189.843753725103,1.89863139096039,-0.557033924546999
"cv",40,3,186.137975685957,1.80190287427432,-0.0198564384376493
"cv",40,4,218.681311142844,1.42832662593957,-1.14030593039505
