"","","","","par1","par2"
"cv",20,1,96.4109813783883,4.3896342085098,-0.514230778709798
"cv",20,2,96.4704186141893,1.92575771254863,-0.909389576672886
"cv",20,3,96.3002700015618,2.35691260273724,-0.900732158471718
"cv",20,4,96.2517623744257,2.55049492587237,-0.979137898090121
"cv",40,1,190.782519848309,3.99367250357784,-0.3896424381368
"cv",40,2,192.408762853431,3.94344842572525,-0.857221067600641
"cv",40,3,190.981584442129,4.1455415666152,-0.251858534574874
"cv",40,4,194.568377986839,4.01151123431005,-1.01865584171527
