"","","","","par1","par2"
"cv",20,1,93.7138353728335,3.30715098945223,-0.478848724414725
"cv",20,2,99.9933186569219,3.52325674140342,-0.779881514986576
"cv",20,3,103.725901103012,3.22313016138737,-1.03289286824919
"cv",20,4,93.3450900580991,3.31438459998474,-0.453098367203526
"cv",40,1,191.278230420799,2.24066076836719,-0.163211920987342
"cv",40,2,197.218505463585,3.1015517602718,-0.470783295341823
"cv",40,3,189.964213318616,2.17766882984741,0.133336141538152
"cv",40,4,204.200275790053,-0.441761407363929,-1.52368561915638
