"","","","","par1","par2"
"cv",20,1,86.1962273862094,-0.175659982779111,-2.72324867003125
"cv",20,2,91.506974027471,-0.213953107778155,-2.88442990638951
"cv",20,3,83.9719253364576,-0.19966349188907,-2.7392978542005
"cv",20,4,94.0972468027924,-0.0470081762722793,-2.81173205276689
"cv",40,1,175.023690206531,-0.203747178783173,-2.57317085146443
"cv",40,2,175.199814364816,-0.247026831382328,-2.55229461561085
"cv",40,3,174.574579107494,-0.248161102225665,-2.59415176960238
"cv",40,4,184.727362630228,-0.186825797703201,-2.7120524117708
