"","","","","par1","par2"
"cv",20,1,90.4689946706081,0.435957299717942,-2.5141090632429
"cv",20,2,90.9120086947332,0.434870860561291,-2.52174583260376
"cv",20,3,84.6318483728425,0.396168631356664,-2.4849292701588
"cv",20,4,87.4811096025775,0.369673952861675,-2.51941431995544
"cv",40,1,173.089367776911,0.251368234219753,-2.48864681132414
"cv",40,2,174.060682045289,0.246743653103623,-2.52912316065985
"cv",40,3,165.541319122521,0.23938288876968,-2.42630555519908
"cv",40,4,167.415629998349,0.190907658409696,-2.47445377971284
