"","","","","par1","par2"
"cv",20,1,97.2637631081916,2.90476719956446,-1.76889223177699
"cv",20,2,178.005133706154,1.81645473547147,-2.74399886849963
"cv",20,3,97.901589203325,1.63571312532211,-2.38567314767164
"cv",20,4,95.0897175472528,1.83980156601487,-2.06615875552755
"cv",40,1,176.63338321459,2.84332530608352,-2.34620718819996
"cv",40,2,191.665498685497,2.69069419153621,-2.88316724590027
"cv",40,3,98.3816277773989,2.72065365457276,-2.68660911906045
"cv",40,4,88.7083027294021,2.6586727209158,-2.33968734132576
