"","","","","par1","par2"
"cv",20,1,99.9590398433543,2.49300243427998,-2.03971489004112
"cv",20,2,97.8053969773631,3.02965356493112,-1.66482341088704
"cv",20,3,100.719276721069,2.05787342729742,-1.6954744257794
"cv",20,4,97.932116816087,2.47213976758221,-1.98588171581495
"cv",40,1,235.73364050629,2.22548682632395,-1.96561307570105
"cv",40,2,133.133801608155,2.22174612596352,-1.60978001633308
"cv",40,3,196.836759964627,2.20972856981065,-1.72291270713513
"cv",40,4,144.943037218002,2.06713948485946,-1.56337599528987
