"","","","","par1","par2"
"cv",20,1,96.1021137431459,1.8921407196339,-1.16788323653731
"cv",20,2,97.1319453743648,1.87875336329675,-1.33087933191247
"cv",20,3,99.5001704900802,0.391260959390149,-3.87660728308791
"cv",20,4,97.1553501682792,0.425816481183745,-3.89210212528613
"cv",40,1,189.681169179906,0.0314649930621606,-4.16479729851088
"cv",40,2,186.084910419402,0.000927109756640336,-3.88570254286241
"cv",40,3,188.80612353449,-0.38119175999147,-4.68690293116718
"cv",40,4,186.054065748413,-0.253457985929132,-4.59269756867574
