"","","","","par1","par2"
"cv",20,1,97.4886755264868,-0.2597805487253,-2.70221081390851
"cv",20,2,93.8033848434698,1.1603982273527,-0.923458224805431
"cv",20,3,101.083722709276,-0.252336274234285,-3.08973860223949
"cv",20,4,93.2584979443978,-0.284412035045598,-2.50696600478629
"cv",40,1,173.862134955527,-0.441472156375785,-2.70434789216621
"cv",40,2,181.024373927233,-0.335033822456156,-2.70068612002631
"cv",40,3,180.763892546542,-0.391912383936954,-2.6558808484965
"cv",40,4,186.066762681629,-0.309571117126941,-2.71271942001942
