"","","","","par1","par2"
"cv",20,1,101.582092372962,-0.644179279915988,-4.70763864929856
"cv",20,2,96.6057823653106,-0.781236285943311,-4.51941683586083
"cv",20,3,97.4586814307027,2.6900184371968,-1.30653863042759
"cv",20,4,94.4658872730009,3.27350380508675,-1.09577084752829
"cv",40,1,189.555789577641,-0.75639758878581,-4.91665857388507
"cv",40,2,190.246875910202,-2.56583775693086,-4.66174244408625
"cv",40,3,187.961265870899,-0.895420788634938,-4.84537475506927
"cv",40,4,188.489748219011,-0.753412623889744,-4.73268585046753
