"","","","","par1","par2"
"cv",20,1,93.2026075044554,2.40781516971473,0.0811478504517451
"cv",20,2,97.2525115622334,3.07215743840365,-0.392665630095734
"cv",20,3,97.5649429741148,3.06126708094958,-0.508503463741847
"cv",20,4,94.2892241879205,2.37668871870162,-0.0866490106599695
"cv",40,1,192.043356484659,3.01584365867332,-0.138907989056407
"cv",40,2,192.416062491285,3.393298201076,-0.0534474651149045
"cv",40,3,189.821259756366,3.05844221348511,0.0143159028859399
"cv",40,4,190.834813634373,3.00012248323566,-0.0382801376171373
