"","","","","par1","par2"
"cv",20,1,95.9165020960669,-1.69426995786427,4.99716164177692
"cv",20,2,97.5430349486321,2.10928972013613,-1.83934281868459
"cv",20,3,142.606704365094,2.12037469961308,-2.46321100435966
"cv",20,4,96.9602630053937,2.11405511756028,-1.8286118115571
"cv",40,1,120.899437682399,1.95579268954392,-2.24563809549977
"cv",40,2,83.3803330873012,1.94201947622504,-2.42325999989188
"cv",40,3,195.207685881601,1.96146876513609,-2.23168149957441
"cv",40,4,69.6202576579563,2.05468997245003,-2.02441584714099
