"","","","","par1","par2"
"cv",20,1,85.1195667193054,-0.0177473723725097,-2.94165417585104
"cv",20,2,86.7784935930878,0.0541619847273255,-2.95420917278942
"cv",20,3,94.8705420854402,0.116895891180904,-2.93268850588515
"cv",20,4,83.7159196822767,-0.0483094879900793,-2.87290287066959
"cv",40,1,173.370459891403,-0.140833889015784,-2.46410511201514
"cv",40,2,174.185675425366,-0.20403501006342,-2.59358030976965
"cv",40,3,181.387028356063,-0.112021753154422,-2.55835324251457
"cv",40,4,183.335832411142,-0.070755705884398,-2.57786778340277
