"","","","","par1","par2"
"cv",20,1,98.0026165908076,2.78486769078823,-1.09458565717394
"cv",20,2,93.9481206167209,2.85804583789011,-0.281306139085681
"cv",20,3,96.2189617456992,2.72397714663445,-0.977211169949261
"cv",20,4,95.1631839829548,2.79052622369004,-0.996821008513904
"cv",40,1,189.246537390931,2.8946736345736,-0.852427037762121
"cv",40,2,191.182798190271,3.01277761009263,-1.13466780695915
"cv",40,3,191.429259350272,3.00345614624878,-1.0658517411137
"cv",40,4,190.340872205527,3.01377152353201,-1.02721526804753
