"","","","","par1","par2"
"cv",20,1,110.249639565304,0.135409350891176,-3.11650611074167
"cv",20,2,97.0886385625451,1.50240346362562,-1.62300005530586
"cv",20,3,86.9081502482342,1.13268749040473,-1.71776321888103
"cv",20,4,87.6106181307347,1.1712681855344,-1.72637612759363
"cv",40,1,188.399844842792,0.0122223048172468,-2.54316660289024
"cv",40,2,174.05333146919,0.195429093682578,-2.22916032711358
"cv",40,3,173.989982028272,0.115117756144908,-2.33073664184674
"cv",40,4,175.279439854793,0.155528419405017,-2.3074878403539
