"","","","","par1","par2"
"cv",20,1,95.5170790615717,-4.5382250473122,-4.9818029488716
"cv",20,2,93.9368848470987,-1.80160611500525,-4.59052496309444
"cv",20,3,97.3625005746709,-2.10477526102406,-4.65790505932985
"cv",20,4,98.2577452116631,-3.67122094753161,-4.84072284623191
"cv",40,1,190.732385684651,-2.64690561832063,-4.43245860392593
"cv",40,2,189.780381977684,-1.27869290051426,-4.57707321266641
"cv",40,3,191.567620213911,-2.99800737868295,-4.64183105888157
"cv",40,4,189.213790802139,-4.29734695219337,-4.67701825834945
