"","","","","par1","par2"
"cv",20,1,90.4642217220295,-0.313355645552352,-2.32565134491862
"cv",20,2,95.3991916122253,1.02336038413068,-0.696058070943486
"cv",20,3,96.2904996878477,-0.230054429290935,-2.57624191072336
"cv",20,4,92.6230155489511,-0.28511131918255,-2.48122488617842
"cv",40,1,179.820842154635,-0.352975219940814,-2.59975341359719
"cv",40,2,178.979069439759,-0.378321107533366,-2.54531713823448
"cv",40,3,175.915013321029,-0.371142494702571,-2.53013479939096
"cv",40,4,182.589734641104,-0.345111157015983,-2.64491974841575
