"","","","","par1","par2"
"cv",20,1,97.9018901188989,1.93025500024779,-1.61744989765954
"cv",20,2,96.4713395546389,2.6008187209619,-1.08111466455325
"cv",20,3,115.012224022385,1.91342204027639,-1.89066774291783
"cv",20,4,96.7900181639512,1.92226687073754,-1.64052843254408
"cv",40,1,194.766502266562,3.46544097542431,-0.875358842957509
"cv",40,2,194.514593028,1.66997675136332,-1.85287387512004
"cv",40,3,198.44081337107,1.6603391958409,-1.91652984383777
"cv",40,4,197.449125887563,1.66559596040275,-1.91138372370755
