"","","","","par1","par2"
"cv",20,1,96.0150478808664,-0.742611789838894,-4.92721618706792
"cv",20,2,97.0812440647541,2.27901029612526,-1.26569313387188
"cv",20,3,97.9954513708323,-0.751045680822615,-4.83954736059995
"cv",20,4,95.5748442208546,-0.536330272398645,-4.31818420596224
"cv",40,1,190.59445165516,-0.545289877153483,-4.84753560984193
"cv",40,2,191.445710444727,-0.585323490790664,-4.78550303846249
"cv",40,3,191.37446604652,-0.789255251434656,-4.76423145094029
"cv",40,4,189.158009634161,-1.45570975514918,-4.69533502510233
