"","","","","par1","par2"
"cv",20,1,95.9025138516697,1.84141981094593,4.99999999977425
"cv",20,2,95.8907813257673,1.665214205645,4.99999999909329
"cv",20,3,95.2992753043966,1.50449267891032,0.00184244524719257
"cv",20,4,122.007389152768,1.63394992959405,-1.51094572198575
"cv",40,1,188.918252762521,1.32481701125999,-0.019077603843277
"cv",40,2,192.470938315022,1.51378104079218,-0.292661701744129
"cv",40,3,193.084189217889,1.26488857744863,-0.624768678990612
"cv",40,4,197.191165099664,1.33463942205618,-0.881627481545968
