"","","","","par1","par2"
"cv",20,1,96.338083772288,3.81875641487062,-1.04818693667306
"cv",20,2,96.2742393530741,3.83988986078564,-0.782262500420215
"cv",20,3,95.8142505926772,3.56008467529799,-0.158013703933177
"cv",20,4,117.797929480695,-0.70370882990564,-4.90038397591816
"cv",40,1,193.81476592352,-2.61812873249634,-4.86078586392361
"cv",40,2,187.963329854934,-0.761047605555062,-4.68318627222366
"cv",40,3,186.210082524944,-0.737284562771632,-4.88120963859459
"cv",40,4,187.089702611006,-0.92639544907123,-4.68531562760946
