"","","","","par1","par2"
"cv",20,1,96.8517786737602,3.82378883008442,-1.02931519910542
"cv",20,2,96.408672422621,4.40485669094713,-1.20462849283639
"cv",20,3,95.8595619114466,3.96318149764712,-1.30306587263313
"cv",20,4,96.9844110285645,-3.21298024201226,-4.29487925143668
"cv",40,1,193.774633912569,-3.72952445354313,-4.98250630114228
"cv",40,2,189.354665170375,-0.662259554261773,-4.78341294201956
"cv",40,3,188.383316795272,-0.679537469493643,-4.72192504841035
"cv",40,4,186.896138052488,-1.3028291966239,-4.62155298697512
