"","","","","par1","par2"
"cv",20,1,98.1027283142836,2.7409202199003,-1.41346460825308
"cv",20,2,96.1750013223006,-4.16021430629471,-4.38953551439801
"cv",20,3,94.583139142111,-1.57772318945702,-4.5369826646486
"cv",20,4,97.2442028150545,-0.946560243821017,-4.58191184905983
"cv",40,1,186.932145103512,-0.793529334278549,-4.84273570212533
"cv",40,2,187.126876219427,-0.769068016384262,-4.93429900439151
"cv",40,3,188.225053570662,-0.665323884360817,-4.73044357972908
"cv",40,4,189.161311795486,-0.732842961207122,-4.98719771856496
