"","","","","par1","par2"
"cv",20,1,93.6152283579032,-0.716795425224145,-4.88405730695786
"cv",20,2,95.2271446409929,-0.711316302579905,-4.27876268795695
"cv",20,3,98.8309182957518,-0.786863036919385,-4.61925032402438
"cv",20,4,95.8879805266356,-0.637483003437782,-4.1484723952032
"cv",40,1,192.587021153274,-0.700182226339378,-4.20503946559151
"cv",40,2,193.269551132186,-0.629696197725443,-4.27986400733543
"cv",40,3,190.3216209922,-4.26191548562829,-4.09328217332785
"cv",40,4,189.735310703716,-0.893786996528583,-4.32977818546918
