"","","","","par1","par2","par3"
"cv",20,1,128.377295350356,3.06986765904012,-4.99999939373465,-2.25257565468252
"cv",20,2,86.8978833620942,0.414920327574697,-4.99999812688191,-2.26874497598507
"cv",20,3,96.1764334209916,0.304415728590442,-4.99999998111079,-2.60797321173806
"cv",20,4,82.3949658740592,0.399513989200867,-4.9999988844594,-2.20524965820778
"cv",40,1,151.6158200149,-0.901555955708683,-0.645851039036125,-4.99997360798615
"cv",40,2,162.368191388091,-0.896265733357871,-0.648207661290473,-4.99958533272402
"cv",40,3,173.14857044976,-0.884583034985932,-0.658485795637847,-4.99999929946642
"cv",40,4,160.682726741939,-0.869631362799485,-0.632063564362123,-4.82187357406724
