"","","","","par1","par2","par3"
"cv",20,1,47.5403162013996,0.446503374373617,-2.51042130136422,-3.04735391154641
"cv",20,2,69.1733172939041,0.293810188420665,-3.12385121151644,-3.46484530528174
"cv",20,3,75.9710727988756,0.173931559839695,-2.889925547999,-3.42521849652526
"cv",20,4,73.0299636471544,0.162906614403973,-2.06335490566106,-3.19187371793476
"cv",40,1,39.4100545205709,-0.0556821339833175,-1.71900146887675,-3.8125255425646
"cv",40,2,136.435274525127,0.267495115187049,-1.78430386052491,-4.11022455083002
"cv",40,3,60.7747653861721,-0.0168232775460148,-1.46252834937951,-3.93164250169597
"cv",40,4,52.0514553802149,0.0718111897541659,-1.79485362437829,-3.63082224303272
