"","","","","par1","par2","par3"
"cv",20,1,89.3906256878345,-0.87165292800761,-0.652229611855884,-4.99959349809328
"cv",20,2,70.2261722795857,-0.894136745768511,-0.646934307642397,-4.998713313793
"cv",20,3,76.4026588685988,-0.893171754936308,-0.654767321547848,-4.9903091088147
"cv",20,4,82.1199402411209,-0.826167740881362,-0.743148000295992,-4.9953142911533
"cv",40,1,118.98938102014,-0.686329999075025,-0.612396890968986,-4.09335873211551
"cv",40,2,173.485545849108,-0.424729861201466,-0.673889640034387,-3.9003376392633
"cv",40,3,119.760153397769,-0.521305063891454,-0.680764918496644,-3.69783500940957
"cv",40,4,144.690534854111,-0.559237053513249,-0.661484841459482,-3.94045620095881
