"","","","","par1","par2","par3"
"cv",20,1,75.3893151212013,-8.33873307120635e-05,-4.99779269465849,-4.40031694900507
"cv",20,2,13.1773054873326,-0.732066490518858,-1.48282492033048,-4.99997196865821
"cv",20,3,1.06107835719816,-0.0253088580716709,-4.99999997263716,-3.43883632886404
"cv",20,4,58.0571474542039,-0.64781363443337,-1.51216681015294,-4.9999791688875
"cv",40,1,46.9867177249531,-0.668718615010151,-1.25355811958089,-4.99999985024596
"cv",40,2,77.3336089815663,-0.659555026265972,-1.24106586362935,-4.99890380773666
"cv",40,3,39.8226446264291,-0.598925073750297,-1.26008910129892,-4.87746826893246
"cv",40,4,69.1730437917406,-0.748208455986702,-1.14743699762461,-4.99992910782803
