"","","","","par1","par2","par3"
"cv",20,1,99.0271923810091,0.13760381497253,-2.80175745335879,-2.8183054606491
"cv",20,2,85.6210831670083,0.0952690035293715,-2.92414741559513,-2.7763672404192
"cv",20,3,31.3678180711093,0.103841900833587,-2.90880589708306,-2.45371041322828
"cv",20,4,66.2524414772325,0.199083884193722,-4.22150712697549,-2.43765536861489
"cv",40,1,208.330246476574,-0.108726441780754,-3.18135709939081,-2.57860724008664
"cv",40,2,220.676794130405,-0.0706227890655616,-4.99999912013445,-2.56134600284581
"cv",40,3,323.765462606551,-0.882288915362458,-0.752881261419306,-4.99125650032285
"cv",40,4,93.3567770175732,0.253087328465987,-3.78534444268754,-2.08434148045574
