"","","","","par1","par2","par3"
"cv",20,1,61.8337619025408,-0.930469741587586,-0.60600082378177,-4.99999733312161
"cv",20,2,68.6389269887197,-0.89393824804017,-0.615453405135202,-4.99997377552451
"cv",20,3,78.0485828148248,-0.906491283025979,-0.660488635943588,-4.99966245343652
"cv",20,4,91.5087261227448,-0.82270143524002,-0.607180919922421,-4.70715911412904
"cv",40,1,171.281481898256,-0.453815883136081,-0.821948280146848,-2.90611790182918
"cv",40,2,184.987347896073,-0.954299564120888,-0.599183772644325,-4.80737920403887
"cv",40,3,164.605579673062,-0.493488913008307,-0.862706699073822,-2.93582263123984
"cv",40,4,176.473202830746,-0.808436288265292,-0.597812232905285,-4.27399872872455
