"","","","","par1","par2","par3"
"cv",20,1,57.330213505356,-0.837859294007853,-0.703459045150829,-4.999854331474
"cv",20,2,56.5313050035565,-0.838867973105987,-0.703690963308092,-4.99622461780822
"cv",20,3,62.2284052039927,-0.819038639281195,-0.722414393513794,-4.99979197551542
"cv",20,4,64.9942354881419,-0.798642525667511,-0.673121527730182,-4.99968337281548
"cv",40,1,136.479954399706,-0.847231806297794,-0.668308888037227,-4.99998350855537
"cv",40,2,137.242484250375,-0.563187178645139,-0.787642182824398,-4.04735695186873
"cv",40,3,176.655619712924,-0.848192261298899,-0.658875160504173,-4.99999553923931
"cv",40,4,117.872755756794,-0.839276982469551,-0.662527116316069,-4.99832591357703
