"","","","","par1","par2","par3"
"cv",20,1,127.447590742647,-0.374425189791528,-0.974171682009973,-3.82663197068726
"cv",20,2,74.6008947569413,0.582256781988353,-4.99999813659817,-2.46153248017377
"cv",20,3,66.6599589822878,0.632316713061809,-4.99999991446637,-2.47046539158873
"cv",20,4,89.2419163854933,0.558017371021211,-4.999999808389,-2.75274398188039
"cv",40,1,117.684331348296,-0.910030055133918,-0.667685924367442,-4.99572302499655
"cv",40,2,207.365983088909,-0.83720315343899,-0.665129498102214,-4.99978661423616
"cv",40,3,166.748630383815,-0.754521503053917,-0.64696112393849,-4.35360368930095
"cv",40,4,152.348525405592,-0.486533346417961,-0.81171697268683,-3.56525967484725
