"","","","","par1","par2","par3"
"cv",20,1,81.9671757217673,0.363556949666712,-4.99737905393765,-2.21898769838966
"cv",20,2,117.233302945507,3.6708998313771,-4.99999977998374,-2.06903096860257
"cv",20,3,160.372266795973,-0.719199616170511,-0.940488528934295,-4.99999211141473
"cv",20,4,63.6556629462871,-0.782362240023452,-0.693862310852655,-4.99919629707881
"cv",40,1,197.17166254149,-0.820819871623428,-0.72790440221047,-4.99999998389298
"cv",40,2,159.050741532385,-0.857238124747601,-0.719110637152522,-4.9999999824799
"cv",40,3,126.592289496147,-0.88911980111927,-0.71091888823944,-4.99999999925684
"cv",40,4,175.34804310915,-0.825688179586275,-0.780380927799505,-4.99999984118765
