"","","","","par1","par2","par3"
"cv",20,1,69.401945161673,-0.502666678656935,-0.860103971521357,-4.1394897892322
"cv",20,2,51.7458500812474,-0.779924393736879,-0.778062700204218,-4.9999820349681
"cv",20,3,77.4424922327467,-0.774168233357382,-0.757035515563732,-4.99986836558412
"cv",20,4,52.1030376919453,-0.840844017338539,-0.708072604025838,-4.9986131859648
"cv",40,1,199.176288387175,-0.529933737454984,-0.649709877623221,-3.90267015456693
"cv",40,2,143.193310081332,-0.871657707800065,-0.662308257460776,-4.99956992753666
"cv",40,3,134.635334282119,-0.911521832551311,-0.649171737979506,-4.99938579112842
"cv",40,4,140.079958210291,-0.906743249799712,-0.659473771436357,-4.99929834971497
