"","","","","par1","par2","par3"
"cv",20,1,50.0832624207364,-0.442382907648898,-0.405433300474054,-3.93783766785631
"cv",20,2,60.9590767568994,-0.528404956356924,-0.116516107750154,-4.40231414036912
"cv",20,3,100.519262388385,-0.363418114050331,-0.642794066474991,-4.13028828427731
"cv",20,4,59.1556394972932,-0.502744062657135,-0.247917768690983,-4.10034189121733
"cv",40,1,154.444010729741,-0.500567810343199,0.251194171247178,-3.88382193286064
"cv",40,2,145.330291892304,-0.493269986132994,0.304355431755555,-3.79150199749362
"cv",40,3,166.532440825478,-0.441254438877081,0.182262997893769,-3.93490121544161
"cv",40,4,151.026591281882,-0.591324058734876,0.732154234009351,-4.34957641013009
