"","","","","par1","par2","par3"
"cv",20,1,79.8246941758878,0.216315201020651,-4.99999994530997,-2.18207108255178
"cv",20,2,88.2310177697628,0.279207976795222,-4.99998949748855,-2.16892272283822
"cv",20,3,85.2728025883752,0.213997151166863,-4.99999910689125,-2.40032205219964
"cv",20,4,89.4572654419247,0.317015332819338,-4.99999777634137,-2.22313405581149
"cv",40,1,184.473072607956,0.196968908656981,-4.99999992349098,-1.64065946665145
"cv",40,2,184.308193549603,0.148548822143134,-4.9999999943471,-1.79848769057847
"cv",40,3,182.086004084594,0.165955800905996,-4.99999999956358,-1.75688033274299
"cv",40,4,188.408974432175,0.14869359541746,-4.9999999928114,-1.68384340737675
