"","","","","par1","par2","par3"
"cv",20,1,7.79868049762158,0.235266865629373,-2.48198363466851,-3.67097422265891
"cv",20,2,72.5658806260998,0.058004597107739,-1.92658242352344,-4.3743311929507
"cv",20,3,28.9209663690271,0.384253091978129,-2.95108833321235,-3.60162007051715
"cv",20,4,6.57934892729586,0.353202457843439,-2.34263958047812,-3.71370146851146
"cv",40,1,82.6348612166305,-0.83851464381986,-1.05320847546852,-4.99981561818877
"cv",40,2,51.0467320219032,0.12750565289668,-2.42507839751616,-3.45033898107729
"cv",40,3,97.4766689359903,-0.475727203100941,-1.26955894571092,-3.9974549252902
"cv",40,4,44.9268667200503,0.0765417720857708,-2.24331407337579,-3.43805617326217
