"","","","","par1","par2","par3"
"cv",20,1,75.6092603775905,0.254384226781175,-2.63169712579564,-2.59976626036326
"cv",20,2,82.9706538503045,0.381898827022498,-3.23293359441629,-2.65853356968985
"cv",20,3,88.6722383360538,0.298368339596437,-3.54737215156894,-2.66081887105805
"cv",20,4,120.685210529493,-0.720141837587638,-0.791313186225086,-4.99999994656987
"cv",40,1,143.571676173031,-0.780516345198293,-0.662080680879816,-4.99999956661284
"cv",40,2,167.844950359987,-0.79144592737974,-0.657040366638983,-4.99999954199679
"cv",40,3,211.252502445089,-0.794464802483172,-0.775997347706678,-4.99999907478076
"cv",40,4,160.766860131856,-0.800366335212009,-0.653644177968363,-4.99999214949347
