"","","","","par1","par2","par3"
"cv",20,1,83.758840559216,0.432525379197282,-4.99999996858883,-1.93312622541685
"cv",20,2,67.0770540149132,-0.843506530700745,-0.657356718881551,-4.99672669962165
"cv",20,3,65.933662561872,-0.851980664806893,-0.649918121991613,-4.99999765686515
"cv",20,4,100.50132988278,-0.775756824284211,-0.666539944130306,-4.99994082868718
"cv",40,1,122.533169797279,-0.813943744465741,-0.638097901886821,-4.9999998436514
"cv",40,2,145.319479170835,-0.82014739015419,-0.633841867509253,-4.9999992952781
"cv",40,3,99.3476543732851,-0.829201232106148,-0.63760685485752,-4.99999988472655
"cv",40,4,152.497012755237,-0.794217870318636,-0.685391354336848,-4.99999993022122
