"","","","","par1","par2","par3"
"cv",20,1,58.9115202405967,-0.826667731683557,-0.689395058902319,-4.9998469346782
"cv",20,2,53.214137562483,-0.830846603137121,-0.685933599709136,-4.99983973917882
"cv",20,3,60.4172163985867,-0.771290859337679,-0.683974064160183,-4.99707595900066
"cv",20,4,59.8435179012123,-0.824983367747525,-0.701418250559408,-4.99997683121012
"cv",40,1,149.743301966012,-0.846655159562447,-0.717591356781369,-4.99995052402892
"cv",40,2,176.580212915361,0.296841107576566,-4.99999998385409,-2.01539231786837
"cv",40,3,183.259751831377,0.272546134612812,-4.99999976650804,-2.02607560997152
"cv",40,4,245.795726864122,-0.821347084232485,-0.864568593868138,-4.99999938029802
