"","","","","par1","par2","par3"
"cv",20,1,53.5604743319284,0.10544940469805,-1.77851034936498,-2.89341443419769
"cv",20,2,37.0213670849714,-0.321577709086926,-1.13024770182172,-3.44022672344504
"cv",20,3,83.2416731055935,0.320174915049373,-2.66686850007766,-2.72576626383917
"cv",20,4,92.5473713942814,-0.210898997761197,-1.26387502411597,-3.54917807315362
"cv",40,1,88.3404711767226,0.11123250883963,-3.67320052628768,-2.40088857534268
"cv",40,2,344.350917011823,-0.8367678672165,-0.781130921717266,-4.77148959266308
"cv",40,3,101.724129601324,0.218592160344573,-4.9999998171393,-2.40030082817081
"cv",40,4,251.022957522765,0.121448521647575,-3.1599909170324,-2.79571483072201
