"","","","","par1","par2","par3"
"cv",20,1,37.3264602745844,-0.822163542903575,-0.645407404038599,-4.99999642898396
"cv",20,2,65.2465717611521,-0.799032987009852,-0.672505634322951,-4.99999996105463
"cv",20,3,57.5805231465217,-0.796377909598159,-0.648260052268617,-4.99999996881455
"cv",20,4,70.4291124013201,-0.807574053478382,-0.65040925185043,-4.9982600501861
"cv",40,1,205.590117567757,-0.804736136001014,-0.675667460377024,-4.99999993610369
"cv",40,2,118.333911492592,-0.89284541305017,-0.642177693851141,-4.99999812100983
"cv",40,3,124.008388972988,-0.895777183559551,-0.651295117976387,-4.99998732103798
"cv",40,4,115.957820899832,-0.886098822065665,-0.65966745357882,-4.99999741283371
