"","","","","par1","par2","par3"
"cv",20,1,61.3467858863318,-0.748969313230091,-0.750683846410792,-4.99987259357058
"cv",20,2,49.0619669959543,-0.789676999445308,-0.696596894861734,-4.99999999180083
"cv",20,3,79.2106009305684,-0.773122672809908,-0.68701411606685,-4.99871244965609
"cv",20,4,38.3895910041921,-0.779175360650105,-0.703257642595109,-4.99998058950837
"cv",40,1,122.097898451842,-0.88989179482173,-0.632015260574291,-4.99999697008618
"cv",40,2,187.154975297387,-0.823602860027763,-0.64068682378119,-4.99999937255093
"cv",40,3,99.1779760340142,-0.904091691903957,-0.640810028745336,-4.99999998678004
"cv",40,4,168.798792220806,-0.873361007044119,-0.625309736019871,-4.99999986874153
