"","","","","par1","par2","par3"
"cv",20,1,41.182948060478,-0.019410872897398,-3.93887169078734,-3.60364512898855
"cv",20,2,42.2570431560698,0.368961766914736,-3.66429892143991,-3.54704726362305
"cv",20,3,108.554893362393,-0.508087766847522,-1.53933396374913,-4.72716017927884
"cv",20,4,1.07458867361243,0.308690431536354,-4.23247532508021,-3.58986647992208
"cv",40,1,66.6252301119548,0.585580135280563,-4.99999999184525,-3.60323684753624
"cv",40,2,98.937324033704,0.544727951654663,-4.99999971866312,-3.69877934277416
"cv",40,3,48.2712308001456,0.716070298278224,-4.99999976740084,-3.33701072306989
"cv",40,4,49.7406452100656,0.520958243184793,-4.99999984878371,-3.45387971721243
