"","","","","par1","par2","par3"
"cv",20,1,85.9646371022358,-0.582641525092458,-0.692239423600675,-4.45467813371083
"cv",20,2,69.0063383053024,-0.7420832750069,-0.716640394926483,-4.99978359225911
"cv",20,3,42.5371394814863,-0.810284166427106,-0.725118128022827,-4.99969066704645
"cv",20,4,37.2886946366991,-0.794277398672577,-0.707163461461769,-4.9848357961086
"cv",40,1,130.970789160254,-0.849487881684071,-0.664435362363921,-4.97944755348443
"cv",40,2,138.635924582026,-0.796900285336128,-0.711607378385327,-4.99999851970394
"cv",40,3,125.600941190562,-0.841490754935689,-0.673581641943291,-4.99995184406285
"cv",40,4,105.123820324856,-0.848612127747471,-0.677370143334154,-4.9999997345994
