"","","","","par1","par2","par3"
"cv",20,1,230.258509299405,-0.596252580798155,-4.90409099278214,-3.5953628767431
"cv",20,2,72.0692769013723,-4.8228395182239,-4.99999999679326,-2.48731923145862
"cv",20,3,55.7663722146653,-4.65586063992067,-4.99999999917747,-2.42258719038069
"cv",20,4,31.2943399261366,-2.33427808762872,-4.99999999927762,-2.32247848854501
"cv",40,1,34.79337264058,-0.0220665186003132,-4.99999976212125,-3.96127630214509
"cv",40,2,0.0877457680135618,0.102760196273746,-4.45223750262255,-4.03398826773319
"cv",40,3,124.841381197014,-0.386398450632635,-2.00525861338984,-3.8176905134698
"cv",40,4,117.117652010689,0.374853507318482,-4.99999963313252,-4.34197778789507
