"","","","","par1","par2","par3"
"cv",20,1,67.0020591907514,0.361793571940611,-4.99999999832382,-3.17835061025295
"cv",20,2,78.7066137215021,0.382581808343373,-4.99999999738191,-3.31501014604976
"cv",20,3,67.1821844122307,0.397927643200202,-4.9999999577427,-2.84074701404641
"cv",20,4,45.1461902794137,0.541613654334936,-4.99999998036732,-2.92315201060985
"cv",40,1,25.7569046973783,0.61929726386522,-4.9999999870906,-3.60080849834851
"cv",40,2,148.235153920843,0.146281678905369,-4.99999999365206,-3.93952506049494
"cv",40,3,53.7749567145046,0.547910672829699,-4.9999999939965,-3.49184439960347
"cv",40,4,80.1837477255589,0.572891982367728,-4.99999999744614,-3.54772306102431
