"","","","","par1","par2","par3"
"cv",20,1,118.926187685472,-0.721519610274089,-0.512809554924181,-4.99997071049069
"cv",20,2,91.209372976976,-0.243354208184963,-0.901613669503157,-3.47689409971568
"cv",20,3,82.1194608254009,-0.25606683789903,-0.919675019126517,-3.38734419239474
"cv",20,4,78.6197643332973,-0.129283491449571,-1.04089850741801,-3.31781887722569
"cv",40,1,173.201588243223,-0.528302097890207,-0.644168145673777,-3.77187510470137
"cv",40,2,156.77028405148,-0.594213259678872,-0.699084227780871,-3.82404177466119
"cv",40,3,172.997995560823,-0.666134458987677,-0.642674280307136,-4.05228551946054
"cv",40,4,143.50023110791,-0.744731794243032,-0.614019661226127,-4.20676905777362
