"","","","","par1","par2","par3"
"cv",20,1,82.0911079848768,-0.865901379172233,-0.700697770705197,-4.99999992132075
"cv",20,2,89.2276258300603,0.335114343177171,-4.61028543838251,-1.99877076425115
"cv",20,3,157.889369755276,3.8953621479375,1.86809530884044,-2.11950147661539
"cv",20,4,78.4716392282579,-0.873673998451832,-0.609954258514099,-4.99589677814742
"cv",40,1,181.752815727021,-0.905664607951434,-0.488582409916585,-4.92657543159948
"cv",40,2,185.824887936466,-0.906048782885356,-0.672693427234489,-4.99999839137644
"cv",40,3,156.601793101241,-0.937331465391905,-0.602643551885227,-4.76300262585627
"cv",40,4,177.024335772912,-0.884569694374389,-0.709490095178969,-4.97354515472266
