"","","","","par1","par2","par3"
"cv",20,1,31.9938755950338,0.714405109914658,-4.99999992313416,-3.0478003614747
"cv",20,2,80.8626645325027,0.68053983349465,-4.99999991357098,-3.43998175180187
"cv",20,3,78.26000817852,0.687333274329342,-4.99999965299142,-2.83018920783125
"cv",20,4,60.4728117723005,0.720763105542032,-4.99999990803549,-2.9365347414504
"cv",40,1,97.5047867244962,0.433075124820063,-4.99999999888184,-4.25368909434221
"cv",40,2,166.213487049099,0.50253502764258,-4.99999988359061,-3.69401839079894
"cv",40,3,63.7677401689331,0.464945116627159,-4.9999999895501,-3.76588199245073
"cv",40,4,34.3535079486867,0.500324400710805,-4.99999999327712,-3.7672921058631
