"","","","","par1","par2","par3"
"cv",20,1,51.3283643463833,-0.827377257156788,-0.701272657597139,-4.99997631638822
"cv",20,2,46.6663233410083,-0.840173085436481,-0.690899786795988,-4.99999974930992
"cv",20,3,77.050402197708,-0.764320509241254,-0.768853138611402,-4.99995721959107
"cv",20,4,42.445585073871,-0.843640436278158,-0.689640155194873,-4.99999986632526
"cv",40,1,141.474117917647,-0.836159805564173,-0.670568444862035,-4.99999928056046
"cv",40,2,134.293944445814,-0.841585259472731,-0.672116476072724,-4.99848369878568
"cv",40,3,121.554227443181,-0.851322886306374,-0.6630615025753,-4.99999878007314
"cv",40,4,116.305863511629,-0.844219709658334,-0.668743443591773,-4.99999936577826
