"","","","","par1","par2","par3"
"cv",20,1,85.710581869462,-4.99982558027144,3.79550345694532,3.01791931138795
"cv",20,2,73.5442595680213,-4.99997096985513,3.61102041113061,2.89307772768933
"cv",20,3,64.2414310065864,-4.99988399143906,3.50433391830216,2.83505223036386
"cv",20,4,63.5231305253834,-4.99956107029569,3.79994085644448,3.13917519261774
"cv",40,1,128.446852338415,-0.643215360972935,-0.819529932564554,-1.59484194507201
"cv",40,2,149.435418859354,-1.45792712030389,-0.506954979903728,-1.31960060557298
"cv",40,3,132.576377093061,-0.596029718919823,-0.831417966849832,-1.61285782974786
"cv",40,4,125.692146909799,-1.86779790019046,-0.680997200557597,-1.44444573306533
