"","","","","par1","par2","par3"
"cv",20,1,87.4553239720049,-0.981730414749403,-1.3222413874306,-1.90589507269283
"cv",20,2,79.5307621423752,-2.50193939458659,-1.77841974811094,-2.29407442056177
"cv",20,3,76.0969287122053,-2.12159397431498,-1.68759051376231,-2.1767246349153
"cv",20,4,79.6470580433907,-4.99940151236843,-1.70512051593389,-2.2299818050767
"cv",40,1,123.654210268522,-0.779188776195251,1.5498521963248,0.82325604212624
"cv",40,2,145.715925970968,-0.871792441338284,0.548730698921435,-0.235696742556242
"cv",40,3,156.89812144432,-4.98540488459779,3.79996086226565,2.99669088458175
"cv",40,4,125.804397144582,-1.06654190311904,0.464796251787403,-0.267011016056205
