"","","","","par1","par2","par3"
"cv",20,1,71.3707721271748,0.380636223672734,3.80087585573423,2.61019323338143
"cv",20,2,38.8305055626485,-0.0477703069668193,3.80067615868391,2.76083886713678
"cv",20,3,35.7780840904534,0.233098461052471,3.81033023668374,2.75526782599139
"cv",20,4,42.9730989114912,-0.159629675067064,0.117688054602323,-0.939428360240992
"cv",40,1,129.503837222824,-0.566004147304956,-0.832764161721273,-1.71220751278538
"cv",40,2,132.453990285977,-0.67019149912438,-0.845439825570255,-1.73056418341141
"cv",40,3,124.488690081543,-2.14076355694183,-0.302232206705309,-1.15230731993859
"cv",40,4,113.13753344191,-0.979304999367286,-1.05329222841761,-1.88375294044462
