"","","","","par1","par2","par3"
"cv",20,1,72.1690605412505,2.10716494433421,-2.82559453937631,-3.55021900448961
"cv",20,2,67.7942167807073,0.80921100778241,4.15371524581491,3.09954747599159
"cv",20,3,63.0201094106241,2.48363700227017,-3.38215884537532,-4.04018261825321
"cv",20,4,79.3253297183275,2.35690456255368,-3.05899508283749,-3.82888418619892
"cv",40,1,139.781938583603,1.17752791644267,-0.600672428153486,-1.48748034393443
"cv",40,2,132.475418573196,1.25723417030157,-1.46317142788265,-2.32502677340719
"cv",40,3,130.676370404257,1.18847642358128,-0.199628545004221,-1.05731433093752
"cv",40,4,111.2947298581,1.67701051597145,-1.16665570003273,-1.95951740805925
