"","","","","par1","par2","par3"
"cv",20,1,2.44842139182342,2.50147303023548,-4.19441037383213,-4.99999661966778
"cv",20,2,67.0631108340001,2.36549112058045,-4.19012475515672,-4.99997819040543
"cv",20,3,29.3480202306833,2.65918692128993,-4.16684023137185,-4.99988626406835
"cv",20,4,63.2631184539594,2.3492258731847,-4.20375302941629,-4.99999961400063
"cv",40,1,158.281138954923,1.75126661722278,-2.99090200259259,-3.73163081289317
"cv",40,2,101.508451558025,1.84312857205423,-3.22328213814796,-3.81209209128677
"cv",40,3,7.63775604820248,2.01724020198754,-3.2618724248627,-3.91535088234447
"cv",40,4,77.2683872873213,1.6216505562805,-2.65437840656963,-3.33651385262156
