"","","","","par1","par2","par3"
"cv",20,1,77.0056190228232,0.237981422283774,-0.278184038496045,-1.03117185707302
"cv",20,2,72.8881071605848,-0.68754087216749,-0.992173598643376,-1.7111497588234
"cv",20,3,66.2093451017682,0.166739482999783,-0.305428511598763,-1.00733208167654
"cv",20,4,71.7202325978792,-0.367517821531101,3.88370117169681,3.07695804034226
"cv",40,1,137.085207360556,-0.667044907591424,-1.25454461522984,-1.76948132411985
"cv",40,2,173.842156231516,-4.99792553250894,-1.48053355882353,-2.12658178724275
"cv",40,3,160.26746071846,-0.594413308366817,-1.25514708350493,-1.86731458700831
"cv",40,4,160.965108024083,-0.653106568598494,-0.880552694019127,-1.48950598493029
