"","","","","par1","par2","par3"
"cv",20,1,73.5802560348598,-4.9999525258007,3.80095792340792,3.26370919704547
"cv",20,2,76.356847019006,-4.9999385362352,3.74982464358245,3.19190593017333
"cv",20,3,87.0798713070078,-4.99967500962014,3.80076497362019,3.17518780841719
"cv",20,4,77.8499340858714,-4.99979084316243,3.8799755836446,3.23314148334155
"cv",40,1,163.746682967585,-4.95270265773176,3.79737244420395,3.10753275818433
"cv",40,2,141.53709830834,-4.99987262468618,-0.854361097010707,-1.48467005043431
"cv",40,3,145.762857949265,-4.99968626572865,0.399164491688255,-0.244103183792281
"cv",40,4,147.91657035115,-4.99659103123232,-0.643072228988079,-1.28988333216131
