"","","","","par1","par2","par3"
"cv",20,1,49.5386178201206,-1.39724346136479,3.84709280952756,2.78858762068252
"cv",20,2,35.1935461083666,-1.78886706566678,3.83097456871825,2.84405103061914
"cv",20,3,56.9680520104794,-1.04801838665282,3.80632158637999,2.75272797568611
"cv",20,4,57.1834937572267,-4.99994298401061,3.54703330647906,2.50536917247387
"cv",40,1,78.2014475502322,-4.99978257634972,-0.910166840914422,-1.88186388918881
"cv",40,2,107.887701190138,-4.99996876827857,3.54101572669621,2.51834849552845
"cv",40,3,112.534960866459,-4.9993244934775,-1.15476185604863,-2.20305759498951
"cv",40,4,96.6930434694869,-4.99787157683273,-0.896446968905978,-1.90949332784797
