"","","","","par1","par2","par3"
"cv",20,1,46.2102838797145,-4.99953393987637,3.64553109440157,2.542653227616
"cv",20,2,47.8165453976091,-4.99988185863686,3.79881353246723,2.69093230908437
"cv",20,3,36.9435144547125,-4.99991006114486,3.78772474087001,2.7300115362989
"cv",20,4,44.6864348044413,-4.99985437223147,3.65462490040491,2.56851179314621
"cv",40,1,113.105882421656,-4.99992624664801,3.09465036945354,2.11738610830224
"cv",40,2,113.150692578352,-4.99982856105118,3.25204735560663,2.26823273338971
"cv",40,3,97.3767936446833,-4.99987271829866,3.32037301242402,2.3749024834938
"cv",40,4,98.6646906167756,-4.99988734299328,3.16631434132429,2.21890584978535
