"","","","","par1","par2","par3"
"cv",20,1,46.1416210565441,-4.99997023544835,3.77231848348719,2.74449719743552
"cv",20,2,48.3818921277894,-4.99961153460033,3.77154671981981,2.74124955716963
"cv",20,3,56.2549646655121,-4.99991420253609,3.75289205799058,2.69541024225135
"cv",20,4,41.4487237954854,-4.99935168726021,3.79205943102021,2.79412129233047
"cv",40,1,109.208341861582,-4.99410363278408,3.84432256724901,2.96987370485172
"cv",40,2,123.445774832965,-4.98907715028291,3.79735347610723,2.93923875270182
"cv",40,3,114.301527579406,-4.99995729045094,3.80029286755696,2.96051122463256
"cv",40,4,138.491018895508,-4.99992421764713,3.79005251559039,2.89898139335281
