"","","","","par1","par2","par3"
"cv",20,1,57.9877881794735,-4.99992623090629,3.79903069998548,2.95504079812876
"cv",20,2,68.7780621448725,-0.153591417246349,3.7987163392976,2.89099613935186
"cv",20,3,56.2148607788655,-0.195741140479822,3.79830896172432,2.94663476168335
"cv",20,4,62.4741484042234,-0.392467047644317,4.00111383826736,2.92385463531098
"cv",40,1,145.040761108905,-4.9995356136594,3.70480756057755,2.81871571336221
"cv",40,2,119.84795065011,-1.4055436566387,3.79885917601736,2.95740001946378
"cv",40,3,113.248085052229,-1.73194928925739,4.17885314715678,2.98044091451963
"cv",40,4,119.893933183715,-1.24551806366573,3.80032810808764,2.96198931387926
