"","","","","par1","par2","par3"
"cv",20,1,55.5826141355253,-4.99972453968014,3.40413365697689,2.62806502711354
"cv",20,2,77.8178292883856,-0.0271988119761437,1.33689515578654,0.435086622229447
"cv",20,3,61.0053248146971,-0.163679848839681,3.74703018091001,2.92269650752428
"cv",20,4,64.9666165838271,-0.122965952742924,0.783166748657367,-0.0609833626554342
"cv",40,1,152.873005491874,-4.99886837894827,3.79443895197572,3.0364916812401
"cv",40,2,116.757794890039,-4.99997398888295,3.67856721973382,3.01805935827875
"cv",40,3,142.587951844748,-4.9995199876433,2.95818713382523,2.22980587363202
"cv",40,4,150.00785920651,-4.99846051302695,3.80119566542212,3.04881024477688
