"","","","","par1","par2","par3"
"cv",20,1,61.252605028599,-4.9997290196706,3.79228870010812,2.88331381318992
"cv",20,2,58.7543760895725,-4.99866356207995,3.79421822855194,2.89553351527487
"cv",20,3,55.0499951336239,-4.99896400140064,3.79832744782971,2.91714090904255
"cv",20,4,58.7108244108224,-4.9973010866207,3.69540631311431,2.79552160040249
"cv",40,1,113.170125571056,-0.350775829284463,3.81287143771851,2.79568512699754
"cv",40,2,111.464176025348,-0.0757970686506752,3.79825927652423,2.79555811714309
"cv",40,3,102.381484534373,-0.190565124310097,0.251574302807498,-0.735112846286208
"cv",40,4,93.0406672066905,-1.01960391434232,-0.833384075135637,-1.78213199269549
