"","","","","par1","par2","par3"
"cv",20,1,88.3331595191494,-4.99983871788634,3.29545724132304,2.75200814074446
"cv",20,2,75.4623113695135,-0.144560764094792,-0.874101648728956,-1.31934039776214
"cv",20,3,85.358143784887,-0.250135469269289,-0.658981785240026,-1.19492129000161
"cv",20,4,80.2812306540638,-0.0976075414588237,-0.451023608430511,-0.951318877009111
"cv",40,1,127.537396317959,-0.350336136950145,-0.373210823557509,-1.3062525082098
"cv",40,2,99.2206021066632,-1.53655694298511,0.144201471851443,-0.721260755971342
"cv",40,3,119.851984757884,-1.29778156135107,-0.0597584652092423,-0.970772270138896
"cv",40,4,114.501104552674,-0.445988441782055,-0.62960549270257,-1.53883167092754
