"","","","","par1","par2","par3"
"cv",20,1,58.780551626504,0.580721804136442,-0.444548508529093,-1.18332361887935
"cv",20,2,59.288159544234,0.59506304428392,-1.06526271052237,-1.79737477359102
"cv",20,3,82.5268435273446,-0.854199454973094,1.09811656974673,0.282019610491499
"cv",20,4,81.0673957470661,0.54725488789159,-0.754542527526057,-1.59338801512179
"cv",40,1,150.439215573021,1.01412218103666,-1.72952048793419,-2.33242073922414
"cv",40,2,147.212335564943,0.420977220754212,4.3275340235669,3.19028638920455
"cv",40,3,147.527444815174,1.4907730992396,-0.204156925829585,-0.827526740308335
"cv",40,4,169.650333987271,1.21407459731148,-0.261537616861933,-0.968260272585251
