"","","","","par1","par2","par3"
"cv",20,1,66.4459077370375,-4.99961773951912,3.79969416098449,3.04537060779963
"cv",20,2,62.0158820049251,-4.92989278601331,3.94143500490618,3.07098015257264
"cv",20,3,90.6945378841784,-4.99961313840726,3.80023850242121,2.94404508885385
"cv",20,4,57.638660203386,-4.99570585743812,3.80146421743899,3.09856163330491
"cv",40,1,159.810560744012,-0.157774562668368,3.80792310152926,3.11855195919849
"cv",40,2,159.125146247627,-1.39768958107608,-0.469628553379885,-1.14324192524543
"cv",40,3,138.436669658834,-0.931427440927052,3.81507937910955,3.18605053599157
"cv",40,4,147.212954950338,-1.2293857189998,4.71074441526085,3.15128660010298
