"","","","","par1","par2","par3"
"cv",20,1,42.3232135736467,-4.99987137681976,3.32213285459387,2.3876319736608
"cv",20,2,55.9179187427514,-4.99962566376324,3.79262026605962,2.79703965205052
"cv",20,3,52.0455059730642,-4.99988196346746,3.50740109708206,2.52595002073676
"cv",20,4,56.073263758017,-4.99933080447431,3.73752421920931,2.74254419201569
"cv",40,1,110.550283880859,-4.99834700343436,3.78718400892941,2.90133467952809
"cv",40,2,116.678245193035,-4.99940748316632,3.79894457712737,2.90098226609221
"cv",40,3,131.372972289734,-2.49688330407674,4.00617841639854,2.86639568312186
"cv",40,4,106.137643058269,-4.99994689495882,3.52866463760135,2.64438628459464
