"","","","","par1","par2","par3"
"cv",20,1,85.8015948611087,-0.0283536395498689,3.80048127453269,3.1172977086306
"cv",20,2,67.6504606649746,0.388313592653852,3.80229152642395,3.23365569960377
"cv",20,3,75.1481112662632,-0.176544277894553,3.80022676218467,3.18488330322762
"cv",20,4,80.2293418073433,-0.925052771490342,4.89843298215419,3.14816708694188
"cv",40,1,134.109822508995,-4.99992773841629,-0.487994915765436,-1.08423979143862
"cv",40,2,141.164531806344,-4.99937872672905,-0.797596475646934,-1.41695983658837
"cv",40,3,156.717107940367,-4.99976992035946,3.20683166054908,2.54225081006686
"cv",40,4,168.933288599503,-4.99937477449024,-0.362734822267436,-1.05946422736532
