"","","","","par1","par2","par3"
"cv",20,1,63.4179574559013,1.28578514612993,-1.23308356696578,-2.15793223771865
"cv",20,2,64.9425659402163,1.22616899636351,-1.12024781881085,-2.05469377928961
"cv",20,3,53.9495909139684,1.5916470894267,-1.1788394068239,-2.03985972515759
"cv",20,4,60.9268354778112,0.830913245147944,-0.302529251904087,-1.22252509303404
"cv",40,1,70.6311885725125,1.30766139300719,-1.91863265746812,-2.76377438759661
"cv",40,2,124.406831982274,1.57205225136875,-2.26884983511212,-3.06491256267821
"cv",40,3,116.717305438011,1.60102587435157,-2.24354700176201,-3.0945715623264
"cv",40,4,114.333606705246,1.51448414223552,-2.27022188724679,-3.02205861348051
