"","","","","par1","par2","par3"
"cv",20,1,87.4342034045292,1.58625318670144,3.79810714949767,3.27429212251297
"cv",20,2,80.3358443850421,2.523714332624,3.80444689250893,3.37100445388726
"cv",20,3,75.0817307695589,1.2094271169379,3.80045079543524,3.37789032602097
"cv",20,4,88.3177375982226,0.439927794247757,4.12111756054523,3.25368305658393
"cv",40,1,107.125516472724,2.45393895238338,-4.09170550087251,-4.5894355773767
"cv",40,2,152.385387374505,2.46411651011498,-4.21025030956689,-4.62415773682323
"cv",40,3,56.4123785739397,2.41691168399622,-3.91990457580808,-4.42178038255265
"cv",40,4,151.683099124547,2.32004617900257,-3.73105662777613,-4.25950948402793
