"","","","","par1","par2","par3"
"cv",20,1,70.6093661090146,-4.99975884362263,3.79489087019833,2.82495800900819
"cv",20,2,62.3143263421896,-4.99993749573399,3.79785886957813,2.85540971656339
"cv",20,3,37.5179063255258,-4.98399533587233,3.77001812671011,2.95109333012526
"cv",20,4,61.3206629550245,-4.99897904787758,3.80158627838451,2.86687571225095
"cv",40,1,103.031651715386,-4.99930926837009,3.79659048225384,2.95127086316527
"cv",40,2,141.654029570613,-4.99478676670987,3.79387918356647,2.86808276286706
"cv",40,3,121.685900280271,-4.99961112378103,3.61889911997752,2.73152447436914
"cv",40,4,106.220159361811,-4.99871609804947,3.75594930559624,2.90236139163114
