"","","","","par1","par2","par3"
"cv",20,1,69.9930312471384,0.200843336599345,3.99739318072047,3.1720344754587
"cv",20,2,93.4235102803874,1.05610055690809,3.78570868793511,3.02385304944329
"cv",20,3,76.7562721362693,1.16444776551966,-2.16551626307389,-2.80164912908701
"cv",20,4,69.6351569742631,0.946230619967521,3.79983769166209,3.17435577145526
"cv",40,1,124.779530350299,1.36345906424263,1.74896229000841,0.857948550802869
"cv",40,2,135.241653039655,1.1090091852391,3.79971075969107,2.8839213245693
"cv",40,3,116.282251090145,1.38795235700396,1.32162540318591,0.454207199278039
"cv",40,4,117.228543010845,1.22620382017505,3.80007281194066,2.92745169563085
