"","","","","par1","par2","par3"
"cv",20,1,64.3589027383039,-0.0843147104978431,-1.53151590064932,-2.5703696546191
"cv",20,2,50.217065258263,0.216363017739447,-1.46562699008916,-2.45577025325579
"cv",20,3,49.6609820369667,-0.0908458317135741,-1.5834378367746,-2.56136008087241
"cv",20,4,45.4024707036359,0.160896499550523,-1.55928125163836,-2.53097996921944
"cv",40,1,165.522911448475,-0.590900440172422,-1.47178434045297,-2.52947187009734
"cv",40,2,98.4674835884979,0.749821330740293,-1.07100270880735,-2.04262802149344
"cv",40,3,95.4513040225409,0.725963603331899,-0.922380248698647,-1.88586103311614
"cv",40,4,95.5589580527926,0.712959588295238,-0.994906430505175,-1.96349365152797
