"","","","","par1","par2","par3"
"cv",20,1,63.9260598410096,-4.99963122132309,3.76259841023603,2.99556312179134
"cv",20,2,74.1922009602736,-4.99996728124715,3.76045312498872,2.93998439388466
"cv",20,3,53.9869575519347,-4.9991446916471,3.72293157140827,3.00585180675842
"cv",20,4,75.2508856356823,-4.99981390328259,3.61410128592965,2.78831654264725
"cv",40,1,131.553529338482,-4.99986113052323,-1.05393865463611,-1.70551918532948
"cv",40,2,147.855806602743,-0.443442122303765,0.358563152146887,-0.351650413110044
"cv",40,3,144.041569659593,-0.587120156617215,0.19493996210873,-0.500783239841892
"cv",40,4,160.924040633815,-0.874464943549144,3.80112922730476,3.06125003843365
