"","","","","par1","par2","par3"
"cv",20,1,67.6456265849121,-4.99260907328236,3.7993080915893,3.01367646068636
"cv",20,2,67.0403196735693,-0.531716628531618,3.9428202697729,3.00366199504829
"cv",20,3,65.6960449282373,-0.806075465789911,4.26986945426074,2.99963002544436
"cv",20,4,69.8408405138286,-0.158716491366112,2.11006134344528,1.29791282980371
"cv",40,1,121.512233004205,-4.97138295903661,3.80993559491328,2.88362552331634
"cv",40,2,130.019294247211,-4.99996165580597,3.79911033961233,2.86295748756345
"cv",40,3,105.411288980233,-4.99280141453817,3.79788577033585,2.91558365224885
"cv",40,4,102.32296022093,-4.99980199642708,3.7860734081532,2.90844646126386
