"","","","","par1","par2","par3"
"cv",20,1,40.1978833995789,-0.46525238215545,4.07103439242935,2.95421730781844
"cv",20,2,63.7542553789961,-0.861240068615382,4.47240210746524,2.85454721931925
"cv",20,3,63.8051778602408,-0.123156697448361,3.80036717233296,2.8513978829035
"cv",20,4,65.7049985375655,-4.99979123898097,-0.1168900739881,-1.05570581910346
"cv",40,1,139.162415647444,-1.18719776080581,0.851585459860527,0.0601058146908689
"cv",40,2,129.985153678426,-1.17121782799719,0.195561125626275,-0.569272417380257
"cv",40,3,117.72384478759,-0.312934213465379,1.75982400919319,1.01769049685588
"cv",40,4,153.150557668331,-0.386772311324555,3.79437989469072,2.96502887851395
