"","","","","par1","par2","par3"
"cv",20,1,47.0686883425924,0.583748528414955,3.80220466707519,2.71430636332444
"cv",20,2,38.4659621815181,0.516887995975984,3.81343350068797,2.75569022921531
"cv",20,3,46.2740424294274,-0.901728503739983,4.93986049405824,2.72206372393051
"cv",20,4,55.5765669827921,0.0713666952371955,3.79968719110379,2.70229679474167
"cv",40,1,72.9230534227155,-1.78322818309503,3.79954100184455,2.80543618105986
"cv",40,2,103.675199755575,-0.939099230214839,3.80336149878389,2.74802276988338
"cv",40,3,99.4573117869584,-0.7768031171366,3.80562027137544,2.75686770616435
"cv",40,4,108.134170632059,-0.85432618177472,3.9148201737658,2.73040221866666
