"","","","","par1","par2","par3"
"cv",20,1,55.7449899150006,-1.46191376588416,3.80065045491308,2.87852093254269
"cv",20,2,52.0733923103982,-0.148668420542034,-1.42970480824311,-2.35374038760217
"cv",20,3,74.0918340606137,-0.297761472661579,-1.07219011499019,-2.08677287160179
"cv",20,4,46.9823144374325,-0.0898507159417766,-0.769249742493314,-1.67532037682081
"cv",40,1,81.2775143846177,-4.9997769024907,3.7995120494124,2.86965759352664
"cv",40,2,125.743672717412,-4.99938279877644,3.79931605573931,2.77901757118356
"cv",40,3,91.7734664371013,-4.99829404476506,3.80085910079426,2.84937775677894
"cv",40,4,114.101739534775,-4.97725962062395,3.78336219542129,2.79153680659428
