"","","","","par1","par2","par3"
"cv",20,1,66.9376147494443,1.32236721780078,-1.40084613586867,-1.86798409602656
"cv",20,2,82.6156492800882,0.580207383941362,0.613467257402774,-0.0167006687537887
"cv",20,3,79.4749660809898,0.719276841057007,-0.687239739918666,-1.29224567444895
"cv",20,4,89.2583444052664,0.858152668999429,0.292090679858025,-0.377842734796645
"cv",40,1,159.42662695902,1.02634210867745,-2.35370781269132,-2.70142654232514
"cv",40,2,160.667757997063,1.503226375189,-1.55408606867716,-1.98081691297722
"cv",40,3,171.420133684533,1.71722676173,-2.55130724028687,-2.99537638861388
"cv",40,4,183.186289294803,1.96643177449883,-2.67045885804017,-3.16353209640292
