"","","","","par1","par2","par3"
"cv",20,1,43.3784135036571,0.436062449251985,0.207282873920421,-0.719956610151014
"cv",20,2,55.8862038370164,0.146463320717283,0.116975325075583,-0.853469116708031
"cv",20,3,56.2968534855763,0.013278177323812,-0.643174388649469,-1.60740813269121
"cv",20,4,61.71947203895,0.466042443824714,-0.0093373407445606,-1.01202928315371
"cv",40,1,121.648476426819,-4.99985767671247,3.80041403742151,3.0434153061249
"cv",40,2,137.152976044864,-4.99969001907937,3.79035828358605,2.99666651941537
"cv",40,3,136.554603719973,-4.99945026372674,3.79406572040613,2.99985894861466
"cv",40,4,135.029308533627,-4.99999875502674,3.79870824356616,3.00464158402351
