"","","","","par1","par2","par3"
"cv",20,1,80.6729493449883,-0.31571415843653,-1.12151126485161,-2.10514486602295
"cv",20,2,50.1656863915961,-0.405407993111096,-1.1793768616589,-2.03800343061327
"cv",20,3,49.8056725609747,-0.421179609670742,-1.11627833739012,-1.97109606107984
"cv",20,4,60.0282624440233,-4.99999499421611,3.36287054191442,2.47998657209015
"cv",40,1,116.035995378266,-0.968965061973513,-1.04949059026935,-1.90689125880931
"cv",40,2,137.348948146489,-4.99995862279816,-1.50722835089719,-2.40330740098038
"cv",40,3,118.91967631727,-0.919222385471624,-1.02588550610569,-1.89489816355722
"cv",40,4,115.265533705276,-1.15975530870247,0.675905599791597,-0.176901043388582
