"","","","","par1","par2","par3"
"cv",20,1,54.6894218385031,-4.99994659589011,3.80245977792803,2.97031407773628
"cv",20,2,68.8851411831627,-4.99913091930388,3.79871218415076,2.90340636165101
"cv",20,3,61.367120827189,-4.99995484705521,3.62776530750856,2.76777091821288
"cv",20,4,59.2344957809183,-4.99873556688461,3.84935899735043,2.94044829847564
"cv",40,1,114.269150466975,-0.13881180916132,1.57029096550938,0.603770108506276
"cv",40,2,83.3584971146431,-0.8719431073504,4.40551775122202,2.90261645801219
"cv",40,3,118.306664829565,-0.123080489754883,3.79990464881616,2.82563257340157
"cv",40,4,119.275828371123,0.0685069606533047,3.80150333792629,2.81661674977976
