"","","","","par1","par2","par3"
"cv",20,1,54.0263192411025,-4.65877069550225,4.06217792153644,2.91026070235838
"cv",20,2,43.1755950050085,-4.99983800449832,3.79997381735126,2.95871817030205
"cv",20,3,72.0986995894188,-4.99990853707052,3.79037248358679,2.82271991217369
"cv",20,4,61.2555691098653,-4.94272627419979,3.84793317441777,2.87505185311575
"cv",40,1,123.55101678167,-1.00652257657572,3.80047509319883,2.93658402921299
"cv",40,2,144.51375676409,-1.29556037452988,3.80587947650564,2.89785849353588
"cv",40,3,121.320521161788,-4.99754953476921,3.80011568456694,2.9542853272114
"cv",40,4,103.827095467684,-1.6994793659553,4.42194281422674,2.98931273294542
