"","","","","par1","par2","par3"
"cv",20,1,75.7588056039008,-0.728992441978748,-1.84137763918723,-3.3477623597652
"cv",20,2,83.605100437481,-0.937721712269907,-1.78713480955752,-3.32611568522506
"cv",20,3,78.6174925407938,-3.84740435274173,-2.3991221617311,-3.83176144938964
"cv",20,4,43.4552662057009,4.99952978378783,4.9971853305536,-1.3948652487396
"cv",40,1,90.2724924349119,4.99741666633021,4.9633476768017,-1.5063576459427
"cv",40,2,90.0285274180948,4.99838779383031,4.75312116131522,-1.80886894946209
"cv",40,3,96.0902610715249,-2.99814342100514,-1.89644677184569,-3.38663849779056
"cv",40,4,86.1186304323822,4.99600643994468,4.9934528599543,-1.52143501247681
