"","","","","par1","par2","par3"
"cv",20,1,90.4190794547802,0.057714630413188,0.918917834836228,-0.850254024298076
"cv",20,2,79.7010509078639,-0.916946900225442,-1.00844442295367,-2.32778332186741
"cv",20,3,76.0936371987473,-2.93725422575814,-0.919619413313297,-2.21276105523716
"cv",20,4,79.6370574748786,-4.00644177621276,-0.888942461388129,-2.21851891720595
"cv",40,1,124.468124060519,-0.370365085560057,1.31872873314688,-0.313477355563793
"cv",40,2,146.054914770204,-0.586617924791856,0.188937255314938,-1.43274354291373
"cv",40,3,156.639201933516,-0.666209681931639,1.47297841672604,-0.155223202404763
"cv",40,4,125.627764585482,-0.761152499616843,0.405047973343089,-1.13938513206832
