"","","","","par1","par2","par3"
"cv",20,1,48.9414246999637,-0.111605290469736,4.92673475464521,2.76768002402976
"cv",20,2,34.3079827224779,-0.115903865954611,4.88859310676466,2.82166302801113
"cv",20,3,56.0828119884148,-0.103839293406372,4.95044618085931,2.74670239159927
"cv",20,4,57.4191836399394,-0.0786636020775513,4.93687396957017,2.75767709546837
"cv",40,1,77.4837328592087,-0.763664466513317,-0.181778022702834,-1.9807572848891
"cv",40,2,106.825741347424,-0.722920987185015,0.382624877573437,-1.4656044194619
"cv",40,3,113.704281324271,-0.694154718165861,-0.514979864084603,-2.40536196106373
"cv",40,4,96.5854938498234,-0.705275246519545,-0.303060580385627,-2.14551302805695
