"","","","","par1","par2","par3"
"cv",20,1,32.8712830727,-2.34350284367701,4.94995006670402,2.74798441801816
"cv",20,2,49.1294038924968,-0.208809515974946,4.85772258127919,2.66929078880091
"cv",20,3,45.9487353839903,-4.14608523518764,0.167250705182635,-1.73764996828407
"cv",20,4,44.5919745392271,-0.115452049109566,4.94212746262114,2.70096831215977
"cv",40,1,91.4901374692493,-0.384294283665381,3.32014182189593,1.38728387937673
"cv",40,2,107.198989076732,-0.33800173483392,0.895380768780362,-1.10660535278789
"cv",40,3,76.8926851965343,-0.391963649049811,4.58254304144442,2.67423388478542
"cv",40,4,97.940858707766,-0.424246357352349,1.48289240601964,-0.45929014273267
