"","","","","par1","par2","par3"
"cv",20,1,80.6700604149212,-0.804309570728279,-1.65870653494332,-2.80267696675099
"cv",20,2,38.5909984916681,-0.64648653075426,-1.15408621942138,-2.34120290437255
"cv",20,3,86.8497833161237,-1.02702538142611,-1.54781924680049,-2.75408266726627
"cv",20,4,98.813376115793,-1.03100344618824,-1.73822486844479,-2.95288227232371
"cv",40,1,155.515076388843,-1.02999289925788,-1.64497816925321,-2.97529194768523
"cv",40,2,146.271349266119,-4.83206901291202,-1.68255243013841,-2.9917455223655
"cv",40,3,112.998586660564,-4.92127427581121,-1.6673356194834,-2.9487071277657
"cv",40,4,117.996706843971,-1.18180777183947,-1.53352170601567,-2.87754877263208
