"","","","","par1","par2","par3"
"cv",20,1,74.6114560308773,-3.98697456571199,-1.14477502680959,-2.51640743846704
"cv",20,2,86.0916177697936,-0.965979047210827,-0.983097538744622,-2.44496298530689
"cv",20,3,73.2363573439323,-0.863565274610735,-0.938918068453287,-2.33637771089939
"cv",20,4,79.638448568582,-0.53638906768785,-0.902240169993121,-2.33244513076871
"cv",40,1,152.670837036052,-0.465396111599754,4.64394192802739,2.9833137769694
"cv",40,2,134.579223650598,-0.279290979287207,4.69314034650779,3.00547682566166
"cv",40,3,114.721846802951,-0.132640269279202,4.94635740275701,3.073630377676
"cv",40,4,147.137560722267,-0.442810815095868,4.65472207745901,2.99170879241467
