"","","","","par1","par2","par3"
"cv",20,1,87.8787104139943,-1.1933419591559,4.60432970064132,3.00503383150573
"cv",20,2,56.9919456750927,-1.33501768164231,4.60511570369958,3.17701046670133
"cv",20,3,69.8599928871815,-1.24611905186182,4.60132591929094,3.08375685021371
"cv",20,4,73.9160377301162,-1.31818099833423,4.60420187873276,3.07348952742999
"cv",40,1,155.128169593633,-4.35831932614963,1.04813635335126,-0.621794125425138
"cv",40,2,118.467033512757,-4.42821744792991,4.60413815228291,3.01426859451492
"cv",40,3,130.483125469209,-4.61285081122689,2.64440040322783,1.02620815785911
"cv",40,4,114.267236341042,-2.73994196691428,0.967048545901945,-0.612915975904622
