"","","","","par1","par2","par3"
"cv",20,1,85.3283895485066,-0.233380428480898,1.30784172601643,-0.452226055509258
"cv",20,2,73.0453445135135,-0.312278406546926,4.60023548641351,2.95059973773902
"cv",20,3,65.0413335421287,-0.294012885467808,0.304989557338223,-1.32469243330941
"cv",20,4,65.2100875877705,-0.0672007858359804,2.86039328139159,1.0965236002585
"cv",40,1,126.954325335761,-0.690817650862044,-0.451275924620385,-2.05541455590083
"cv",40,2,152.593942650064,-0.328315099430487,0.359520141339961,-1.39987319261478
"cv",40,3,132.383773444179,-0.575684984447184,-0.447414503351921,-2.08057495805146
"cv",40,4,124.310283002981,-0.711559467879782,-0.309756773346726,-1.90429050317598
