"","","","","par1","par2","par3"
"cv",20,1,42.9286611136092,-4.62211820872364,-0.644300870149634,-2.33864222227252
"cv",20,2,58.7184058440304,-0.382538518683176,4.67661411234156,2.80912998329741
"cv",20,3,58.8399209986785,-0.910234757866825,-0.611223382836892,-2.3715267200617
"cv",20,4,60.5345488760341,-3.05540737644118,-0.693203089493449,-2.4567438904282
"cv",40,1,122.480697846469,-0.442311014509594,4.64913455162895,3.01917423572258
"cv",40,2,139.342679572129,-0.341651499005545,4.68134695956891,2.96703926442946
"cv",40,3,136.57507003393,-3.7501934170723,4.60512037726295,3.00591191606589
"cv",40,4,135.046090180167,-2.54924556274871,3.83171213232443,2.23261325364625
