"","","","","par1","par2","par3"
"cv",20,1,57.0717215301492,-2.44810652634388,-1.11508168011726,-2.58314878084747
"cv",20,2,82.574788553875,-4.9069230328314,-1.05213837038917,-2.65989757921113
"cv",20,3,62.4968423497825,-2.23627383903474,-0.895828957683731,-2.45683305593636
"cv",20,4,70.199276776062,-4.6369894090279,-1.24449256814524,-2.76570013101502
"cv",40,1,164.748964314452,-0.458861130965868,-0.60258621045713,-1.8194511124909
"cv",40,2,179.448346159822,-0.813053947377808,-0.805604821527695,-2.08176258426279
"cv",40,3,173.362254391571,-0.698462464536929,-0.9628685464227,-2.21903285704549
"cv",40,4,165.720730158111,-1.0301823243919,-1.05183836636868,-2.25405592812788
