"","","","","par1","par2","par3"
"cv",20,1,66.4566861068957,-1.54488310367121,4.67026724059992,3.04805929377803
"cv",20,2,62.0205466960507,-2.81710649684136,4.60465840406779,3.07024388720728
"cv",20,3,90.6870036009879,-4.09335253164675,4.60474709821897,2.94380193467141
"cv",20,4,57.6385146034567,-3.66219585946179,4.60854397307908,3.09799767655731
"cv",40,1,159.972937792294,-0.633329489400685,-0.205539362141066,-1.70976450662892
"cv",40,2,159.142249844642,-1.03232748559945,0.234121463705779,-1.24319710471026
"cv",40,3,138.992432709594,-4.28047930323118,4.99324717999163,3.19212397233798
"cv",40,4,146.787655331082,-1.05222422941709,4.99710823910411,3.16883758014975
