"","","","","par1","par2","par3"
"cv",20,1,100.26594400122,-0.942265254642298,-1.9794547477292,-3.39713344434521
"cv",20,2,78.3060354055157,-0.894637157344397,-2.05736101374122,-3.28588391194524
"cv",20,3,59.3501641188633,-0.907164670292773,-1.58207513656179,-2.80508072289852
"cv",20,4,83.6716089448059,-0.949981607271917,-2.15161891612775,-3.39580204486475
"cv",40,1,31.754832203846,-3.73447951464032,-2.22136235544748,-3.51327951874408
"cv",40,2,72.2305992649435,-3.19342403091286,-2.1605880156171,-3.37825171042889
"cv",40,3,17.0538776209524,-0.992829457304348,-2.57188723378859,-3.54705268230422
"cv",40,4,7.53975501930642,-3.42335936449282,-2.47258814367163,-3.47793712539125
