"","","","","par1","par2","par3"
"cv",20,1,59.877344421169,-1.76326211640056,4.96207516342583,2.78148972394385
"cv",20,2,54.3563323660508,-0.554253200368158,0.124565416099032,-1.70459454006722
"cv",20,3,49.7120086678745,-0.433134799728342,4.59459186135816,2.74282714528594
"cv",20,4,48.5340613859381,-0.436289410967211,0.822440119452922,-1.0242925077907
"cv",40,1,147.225110013872,-0.383313488919755,4.68004902501159,2.97267985703108
"cv",40,2,115.140025380978,-1.08567279725464,-0.34762819719832,-1.89319647182302
"cv",40,3,133.966667257761,-1.04915004594544,-0.212648749619749,-1.80349528925424
"cv",40,4,140.737152309966,-0.844345287669901,-0.458016780723231,-2.07727805835043
