"","","","","par1","par2","par3"
"cv",20,1,65.6375916959319,-0.1369816600108,4.88826545993952,3.08889224454939
"cv",20,2,70.2187436713257,-0.0618786818121783,4.91681165206024,3.072352620937
"cv",20,3,73.4849170363774,-3.08377641859592,4.60482185853545,3.06546705459089
"cv",20,4,75.8327165990049,-0.0147295224025827,4.65185830958263,2.78700541647266
"cv",40,1,160.030902976593,-4.97860660155287,4.9514348784938,3.37459648451851
"cv",40,2,168.983485890802,-1.98006653709875,4.99467316741403,3.33096794412463
"cv",40,3,167.585468430737,-0.205318133322347,4.94989769561762,3.34031228455863
"cv",40,4,170.643953825952,-0.335964033590223,4.79929781697044,3.32717803268425
