"","","","","par1","par2","par3"
"cv",20,1,67.2483285757878,-1.89904486785487,-1.22787882415905,-2.43405304716525
"cv",20,2,86.4551462295349,-1.33186779605693,-0.783474898357006,-2.18887499648734
"cv",20,3,81.3529062158334,-1.08104325967372,-0.838607944358913,-2.20704163479421
"cv",20,4,89.565866769627,-2.46556111897499,-0.849480116728973,-2.2722404095758
"cv",40,1,174.826027955771,-0.957094199550893,-1.62908287821793,-2.73530502510485
"cv",40,2,166.793146363565,4.83645527783717,4.88407046302471,-0.857129466385397
"cv",40,3,173.468884652188,-4.16063815616835,-1.44486503282447,-2.57829275705295
"cv",40,4,177.960277338222,-2.54439822363502,-1.46472327568004,-2.62494176299812
