"","","","","par1","par2","par3"
"cv",20,1,76.3331831982372,-0.526659159608642,-0.352920227637802,-1.96021915200158
"cv",20,2,73.0265051213372,-0.606306068053898,-0.490695455130034,-2.05366145236887
"cv",20,3,66.0484537242181,-0.256736471201501,0.297101844399013,-1.36899072980604
"cv",20,4,73.2275815521922,-0.142162780611981,4.64110485093085,2.87745339014388
"cv",40,1,137.343437845189,-0.895256748125393,-0.700641116558439,-2.01569041521
"cv",40,2,173.898288308962,-1.01036092235603,-0.668904111530872,-2.12310898473246
"cv",40,3,160.072928307299,-0.986148710927452,-0.725427369522526,-2.13422210102481
"cv",40,4,160.791445996357,-3.08235805272656,-0.356249625044669,-1.76305640738478
