"","","","","par1","par2","par3"
"cv",20,1,53.534201384629,-0.185054293762752,4.7685444583588,3.013943509327
"cv",20,2,66.6131733820124,-0.482870359241563,1.06477670310826,-0.626042883514211
"cv",20,3,69.1634297697831,-0.20492504705801,4.76199777631921,2.9305990595295
"cv",20,4,67.6794961147221,-0.270782548070816,4.72221179724966,2.93279319597624
"cv",40,1,130.345888279093,-4.95262722106688,0.29381585704218,-1.30245694547038
"cv",40,2,130.202423647378,-0.438828878284968,4.68832678744739,3.000901172873
"cv",40,3,135.336973687058,-0.416968826127482,4.63322952824314,2.9294593109896
"cv",40,4,127.442294070282,-2.20391862207746,0.313588691729289,-1.28254278720031
