"","","","","par1","par2","par3"
"cv",20,1,69.8640784253889,-3.72584276134148,4.94478219887242,3.01562723470852
"cv",20,2,65.286229942538,-0.499746471073785,4.47739887268052,2.86372434790779
"cv",20,3,78.2096571972375,-2.29645005197706,0.113973607846428,-1.51537466063295
"cv",20,4,57.7718864071238,-2.66534384446392,2.80045937919722,1.27465980138131
"cv",40,1,112.194716250147,-4.40182493679229,-0.584394881183943,-2.25100826911671
"cv",40,2,136.600064980429,-3.82751504377976,4.99492163909708,2.90493902966862
"cv",40,3,115.209134655405,-4.91986576142548,-0.495364979938858,-2.16199974408587
"cv",40,4,123.486711718158,-1.08406089899404,-0.463635848487964,-2.15341820044133
