"","","","","par1","par2","par3"
"cv",20,1,62.7496902613623,-0.76835803115834,-0.790446813410603,-2.32961995374407
"cv",20,2,79.847337283038,-1.13436327627881,-0.706995696600335,-2.32998514373455
"cv",20,3,75.0084041180895,-0.575000127699421,-0.590660678262796,-2.22780652922165
"cv",20,4,57.8407246780978,-0.793841293945244,-0.7449534960928,-2.26741976716367
"cv",40,1,142.223472023123,-1.06289521397444,-0.351601526959355,-1.89615594860189
"cv",40,2,144.523280183627,-0.75103326789311,0.781444251922179,-0.770108167529209
"cv",40,3,142.124076255849,-0.571976344369081,-0.430008244855027,-2.00755596579634
"cv",40,4,132.6692880749,-0.598167763471463,-0.348757591697466,-1.9027102918601
