"","","","","par1","par2","par3"
"cv",20,1,74.6694325361643,-0.599409311168495,0.0810467493449036,-1.28109541631742
"cv",20,2,78.3658066366208,-0.542063339719892,0.914768603196131,-0.4873518870641
"cv",20,3,91.4817994804311,-0.403228360502898,-0.207442027384433,-1.72370331682347
"cv",20,4,75.7530276180112,-1.29818524500153,3.56700511044048,2.22545791675537
"cv",40,1,146.777018644465,-2.58778625945879,-0.220125763688569,-1.58782213827577
"cv",40,2,166.172841723882,-2.43461875666564,0.125546835312186,-1.3062868160083
"cv",40,3,152.383050620729,-2.47280170940554,0.365580071213221,-1.02444546244378
"cv",40,4,157.219005280906,-1.37171759795937,0.329904497272093,-1.07411737154261
