"","","","","par1","par2","par3"
"cv",20,1,61.7113578456813,-3.2659267951563,-1.3674103948968,-3.19866193688972
"cv",20,2,50.9834817632042,-0.701604436489441,4.00562393751549,2.17059995891131
"cv",20,3,55.6670408399004,-4.79997239017774,-0.456146336393572,-2.31546708039791
"cv",20,4,42.7923035600522,-2.21821301120491,-0.438438352637779,-2.2402418958383
"cv",40,1,126.44952557159,-4.30904425380757,-0.0153386260416161,-1.75342504266208
"cv",40,2,104.132911391737,-0.77824789724574,0.0157093045539638,-1.69367583749042
"cv",40,3,122.008601340706,-0.827484299417503,4.99666655038044,2.87213585203168
"cv",40,4,110.626561523631,-0.889492658182207,-0.689490055245448,-2.40329143615067
